{"data":[{"GPOChanges":{"LocalAdmins":[],"RemoteDesktopUsers":[],"DcomUsers":[],"PSRemoteUsers":[],"AffectedComputers":[]},"Properties":{"domain":"AD2016CU.LAN","name":"ADMINSDHOLDERTESTS@AD2016CU.LAN","distinguishedname":"OU=ADMINSDHOLDERTESTS,DC=AD2016CU,DC=LAN","domainsid":"S-1-5-21-379815256-3340754804-1505946802","doesanyacegrantownerrights":false,"doesanyinheritedacegrantownerrights":false,"isaclprotected":false,"whencreated":1745428170,"blocksinheritance":false},"Links":[],"ChildObjects":[],"InheritanceHashes":[],"Aces":[{"PrincipalSID":"S-1-5-21-379815256-3340754804-1505946802-512","PrincipalType":"Group","RightName":"Owns","IsInherited":false,"InheritanceHash":""},{"PrincipalSID":"S-1-5-21-379815256-3340754804-1505946802-512","PrincipalType":"Group","RightName":"GenericAll","IsInherited":false,"InheritanceHash":""},{"PrincipalSID":"S-1-5-21-379815256-3340754804-1505946802-519","PrincipalType":"Group","RightName":"GenericAll","IsInherited":true,"InheritanceHash":"71D11CF0EC93670CD1CDF9E192FEBED1C605EB1A"},{"PrincipalSID":"AD2016CU.LAN-S-1-5-32-544","PrincipalType":"Group","RightName":"WriteDacl","IsInherited":true,"InheritanceHash":"62C26D4FB3FF64505B03CDD35D648DFBC6C157CC"},{"PrincipalSID":"AD2016CU.LAN-S-1-5-32-544","PrincipalType":"Group","RightName":"WriteOwner","IsInherited":true,"InheritanceHash":"62C26D4FB3FF64505B03CDD35D648DFBC6C157CC"},{"PrincipalSID":"AD2016CU.LAN-S-1-5-32-544","PrincipalType":"Group","RightName":"GenericWrite","IsInherited":true,"InheritanceHash":"62C26D4FB3FF64505B03CDD35D648DFBC6C157CC"}],"ObjectIdentifier":"2E71D296-30A0-4A73-ACFB-169B99C94837","IsDeleted":false,"IsACLProtected":false,"ContainedBy":{"ObjectIdentifier":"S-1-5-21-379815256-3340754804-1505946802","ObjectType":"Domain"}},{"GPOChanges":{"LocalAdmins":[],"RemoteDesktopUsers":[],"DcomUsers":[],"PSRemoteUsers":[],"AffectedComputers":[]},"Properties":{"domain":"AD2016CU.LAN","name":"DOMAIN CONTROLLERS@AD2016CU.LAN","distinguishedname":"OU=DOMAIN CONTROLLERS,DC=AD2016CU,DC=LAN","domainsid":"S-1-5-21-379815256-3340754804-1505946802","doesanyacegrantownerrights":false,"doesanyinheritedacegrantownerrights":false,"isaclprotected":false,"description":"Default container for domain controllers","whencreated":1744907404,"blocksinheritance":false},"Links":[{"IsEnforced":false,"GUID":"78B10D05-8756-4A6B-A482-E9B0EA7D0256"}],"ChildObjects":[],"InheritanceHashes":[],"Aces":[{"PrincipalSID":"S-1-5-21-379815256-3340754804-1505946802-512","PrincipalType":"Group","RightName":"Owns","IsInherited":false,"InheritanceHash":""},{"PrincipalSID":"S-1-5-21-379815256-3340754804-1505946802-512","PrincipalType":"Group","RightName":"WriteDacl","IsInherited":false,"InheritanceHash":""},{"PrincipalSID":"S-1-5-21-379815256-3340754804-1505946802-512","PrincipalType":"Group","RightName":"WriteOwner","IsInherited":false,"InheritanceHash":""},{"PrincipalSID":"S-1-5-21-379815256-3340754804-1505946802-512","PrincipalType":"Group","RightName":"GenericWrite","IsInherited":false,"InheritanceHash":""},{"PrincipalSID":"S-1-5-21-379815256-3340754804-1505946802-519","PrincipalType":"Group","RightName":"GenericAll","IsInherited":true,"InheritanceHash":"71D11CF0EC93670CD1CDF9E192FEBED1C605EB1A"},{"PrincipalSID":"AD2016CU.LAN-S-1-5-32-544","PrincipalType":"Group","RightName":"WriteDacl","IsInherited":true,"InheritanceHash":"62C26D4FB3FF64505B03CDD35D648DFBC6C157CC"},{"PrincipalSID":"AD2016CU.LAN-S-1-5-32-544","PrincipalType":"Group","RightName":"WriteOwner","IsInherited":true,"InheritanceHash":"62C26D4FB3FF64505B03CDD35D648DFBC6C157CC"},{"PrincipalSID":"AD2016CU.LAN-S-1-5-32-544","PrincipalType":"Group","RightName":"GenericWrite","IsInherited":true,"InheritanceHash":"62C26D4FB3FF64505B03CDD35D648DFBC6C157CC"}],"ObjectIdentifier":"D73F6118-3A3B-471A-97E9-8F4BE032E287","IsDeleted":false,"IsACLProtected":false,"ContainedBy":{"ObjectIdentifier":"S-1-5-21-379815256-3340754804-1505946802","ObjectType":"Domain"}}],"meta":{"methods":7107563,"type":"ous","count":2,"version":6,"collectorversion":"2.6.5.0"}}