{"data":[{"Properties":{"domain":"AD2008NOR.LAN","name":"SD-DC2008.AD2008NOR.LAN","distinguishedname":"CN=SD-DC2008,OU=DOMAIN CONTROLLERS,DC=AD2008NOR,DC=LAN","domainsid":"S-1-5-21-3203253894-2179515918-107286103","samaccountname":"SD-DC2008$","haslaps":false,"doesanyacegrantownerrights":false,"doesanyinheritedacegrantownerrights":false,"isaclprotected":false,"whencreated":1744906675,"enabled":true,"unconstraineddelegation":true,"trustedtoauth":false,"isdc":true,"encryptedtextpwdallowed":false,"usedeskeyonly":false,"logonscriptenabled":false,"lockedout":false,"passwordexpired":false,"supportedencryptiontypes":["DES-CBC-CRC","DES-CBC-MD5","RC4-HMAC-MD5","AES128-CTS-HMAC-SHA1-96","AES256-CTS-HMAC-SHA1-96"],"lastlogon":1746029897,"lastlogontimestamp":1745799495,"pwdlastset":1744906706,"serviceprincipalnames":["ldap/SD-DC2008.AD2008NoR.lan/ForestDnsZones.AD2008NoR.lan","ldap/SD-DC2008.AD2008NoR.lan/DomainDnsZones.AD2008NoR.lan","TERMSRV/SD-DC2008","TERMSRV/SD-DC2008.AD2008NoR.lan","Dfsr-12F9A27C-BF97-4787-9364-D31B6C55EB04/SD-DC2008.AD2008NoR.lan","DNS/SD-DC2008.AD2008NoR.lan","GC/SD-DC2008.AD2008NoR.lan/AD2008NoR.lan","HOST/SD-DC2008.AD2008NoR.lan/AD2008NOR","HOST/SD-DC2008","HOST/SD-DC2008.AD2008NoR.lan","HOST/SD-DC2008.AD2008NoR.lan/AD2008NoR.lan","E3514235-4B06-11D1-AB04-00C04FC2DCD2/56c94e4e-7a99-4458-be05-3d1ff8b9960b/AD2008NoR.lan","ldap/56c94e4e-7a99-4458-be05-3d1ff8b9960b._msdcs.AD2008NoR.lan","ldap/SD-DC2008.AD2008NoR.lan/AD2008NOR","ldap/SD-DC2008","ldap/SD-DC2008.AD2008NoR.lan","ldap/SD-DC2008.AD2008NoR.lan/AD2008NoR.lan"],"email":null,"useraccountcontrol":532480,"operatingsystem":"Windows Server® 2008 Standard Service Pack 2","sidhistory":[],"ldapavailable":true,"ldapsavailable":true,"ldapsepa":true,"ldapsigning":false},"PrimaryGroupSID":"S-1-5-21-3203253894-2179515918-107286103-516","AllowedToDelegate":[],"AllowedToAct":[],"HasSIDHistory":[],"DumpSMSAPassword":[],"Sessions":{"Results":[],"Collected":true,"FailureReason":null},"PrivilegedSessions":{"Results":[],"Collected":false,"FailureReason":null},"RegistrySessions":{"Results":[],"Collected":false,"FailureReason":null},"LocalGroups":[{"ObjectIdentifier":"AD2008NOR.LAN-S-1-5-32-544","Name":"IGNOREME","Results":[{"ObjectIdentifier":"S-1-5-21-3203253894-2179515918-107286103-500","ObjectType":"User"},{"ObjectIdentifier":"S-1-5-21-3203253894-2179515918-107286103-519","ObjectType":"Group"},{"ObjectIdentifier":"S-1-5-21-3203253894-2179515918-107286103-512","ObjectType":"Group"}],"LocalNames":[],"Collected":true,"FailureReason":null},{"ObjectIdentifier":"AD2008NOR.LAN-S-1-5-32-545","Name":"IGNOREME","Results":[{"ObjectIdentifier":"AD2008NOR.LAN-S-1-5-11","ObjectType":"Group"},{"ObjectIdentifier":"S-1-5-21-3203253894-2179515918-107286103-513","ObjectType":"Group"}],"LocalNames":[],"Collected":true,"FailureReason":null},{"ObjectIdentifier":"AD2008NOR.LAN-S-1-5-32-546","Name":"IGNOREME","Results":[{"ObjectIdentifier":"S-1-5-21-3203253894-2179515918-107286103-501","ObjectType":"User"},{"ObjectIdentifier":"S-1-5-21-3203253894-2179515918-107286103-514","ObjectType":"Group"}],"LocalNames":[],"Collected":true,"FailureReason":null},{"ObjectIdentifier":"AD2008NOR.LAN-S-1-5-32-550","Name":"IGNOREME","Results":[],"LocalNames":[],"Collected":true,"FailureReason":null},{"ObjectIdentifier":"AD2008NOR.LAN-S-1-5-32-551","Name":"IGNOREME","Results":[],"LocalNames":[],"Collected":true,"FailureReason":null},{"ObjectIdentifier":"AD2008NOR.LAN-S-1-5-32-552","Name":"IGNOREME","Results":[],"LocalNames":[],"Collected":true,"FailureReason":null},{"ObjectIdentifier":"AD2008NOR.LAN-S-1-5-32-555","Name":"IGNOREME","Results":[],"LocalNames":[],"Collected":true,"FailureReason":null},{"ObjectIdentifier":"AD2008NOR.LAN-S-1-5-32-556","Name":"IGNOREME","Results":[],"LocalNames":[],"Collected":true,"FailureReason":null},{"ObjectIdentifier":"AD2008NOR.LAN-S-1-5-32-558","Name":"IGNOREME","Results":[],"LocalNames":[],"Collected":true,"FailureReason":null},{"ObjectIdentifier":"AD2008NOR.LAN-S-1-5-32-559","Name":"IGNOREME","Results":[],"LocalNames":[],"Collected":true,"FailureReason":null},{"ObjectIdentifier":"AD2008NOR.LAN-S-1-5-32-562","Name":"IGNOREME","Results":[],"LocalNames":[],"Collected":true,"FailureReason":null},{"ObjectIdentifier":"AD2008NOR.LAN-S-1-5-32-568","Name":"IGNOREME","Results":[{"ObjectIdentifier":"AD2008NOR.LAN-S-1-5-17","ObjectType":"User"}],"LocalNames":[],"Collected":true,"FailureReason":null},{"ObjectIdentifier":"AD2008NOR.LAN-S-1-5-32-569","Name":"IGNOREME","Results":[],"LocalNames":[],"Collected":true,"FailureReason":null},{"ObjectIdentifier":"AD2008NOR.LAN-S-1-5-32-573","Name":"IGNOREME","Results":[],"LocalNames":[],"Collected":true,"FailureReason":null},{"ObjectIdentifier":"AD2008NOR.LAN-S-1-5-32-574","Name":"IGNOREME","Results":[],"LocalNames":[],"Collected":true,"FailureReason":null},{"ObjectIdentifier":"AD2008NOR.LAN-S-1-5-32-549","Name":"IGNOREME","Results":[],"LocalNames":[],"Collected":true,"FailureReason":null},{"ObjectIdentifier":"AD2008NOR.LAN-S-1-5-32-548","Name":"IGNOREME","Results":[],"LocalNames":[],"Collected":true,"FailureReason":null},{"ObjectIdentifier":"AD2008NOR.LAN-S-1-5-32-554","Name":"IGNOREME","Results":[{"ObjectIdentifier":"AD2008NOR.LAN-S-1-5-11","ObjectType":"Group"}],"LocalNames":[],"Collected":true,"FailureReason":null},{"ObjectIdentifier":"AD2008NOR.LAN-S-1-5-32-557","Name":"IGNOREME","Results":[],"LocalNames":[],"Collected":true,"FailureReason":null},{"ObjectIdentifier":"AD2008NOR.LAN-S-1-5-32-560","Name":"IGNOREME","Results":[{"ObjectIdentifier":"AD2008NOR.LAN-S-1-5-9","ObjectType":"Group"}],"LocalNames":[],"Collected":true,"FailureReason":null},{"ObjectIdentifier":"AD2008NOR.LAN-S-1-5-32-561","Name":"IGNOREME","Results":[],"LocalNames":[],"Collected":true,"FailureReason":null}],"UserRights":[],"DCRegistryData":{"CertificateMappingMethods":null,"StrongCertificateBindingEnforcement":null},"Status":null,"IsDC":true,"UnconstrainedDelegation":true,"DomainSID":"S-1-5-21-3203253894-2179515918-107286103","IsWebClientRunning":{"Result":false,"Collected":true,"FailureReason":null},"SmbInfo":{"Result":{"SigningEnabled":true},"Collected":true,"FailureReason":null},"NtlmSessions":null,"NTLMRegistryData":null,"Aces":[{"PrincipalSID":"S-1-5-21-3203253894-2179515918-107286103-512","PrincipalType":"Group","RightName":"Owns","IsInherited":false,"InheritanceHash":""},{"PrincipalSID":"S-1-5-21-3203253894-2179515918-107286103-512","PrincipalType":"Group","RightName":"GenericAll","IsInherited":false,"InheritanceHash":""},{"PrincipalSID":"S-1-5-21-3203253894-2179515918-107286103-512","PrincipalType":"Group","RightName":"WriteAccountRestrictions","IsInherited":false,"InheritanceHash":""},{"PrincipalSID":"S-1-5-21-3203253894-2179515918-107286103-519","PrincipalType":"Group","RightName":"GenericAll","IsInherited":true,"InheritanceHash":"0EB0FD893AF9084710B8D691C25DE5F34549BBF6"},{"PrincipalSID":"AD2008NOR.LAN-S-1-5-32-544","PrincipalType":"Group","RightName":"WriteDacl","IsInherited":true,"InheritanceHash":"62C26D4FB3FF64505B03CDD35D648DFBC6C157CC"},{"PrincipalSID":"AD2008NOR.LAN-S-1-5-32-544","PrincipalType":"Group","RightName":"WriteOwner","IsInherited":true,"InheritanceHash":"62C26D4FB3FF64505B03CDD35D648DFBC6C157CC"},{"PrincipalSID":"AD2008NOR.LAN-S-1-5-32-544","PrincipalType":"Group","RightName":"GenericWrite","IsInherited":true,"InheritanceHash":"62C26D4FB3FF64505B03CDD35D648DFBC6C157CC"}],"ObjectIdentifier":"S-1-5-21-3203253894-2179515918-107286103-1000","IsDeleted":false,"IsACLProtected":false,"ContainedBy":{"ObjectIdentifier":"342B420E-2337-4D51-A1C1-41B0B583CA7D","ObjectType":"OU"}}],"meta":{"methods":7107563,"type":"computers","count":1,"version":6,"collectorversion":"2.6.5.0"}}