{"data":[{"GPOChanges":{"LocalAdmins":[],"RemoteDesktopUsers":[],"DcomUsers":[],"PSRemoteUsers":[],"AffectedComputers":[]},"Properties":{"domain":"AD2008NOR.LAN","name":"TESTS@AD2008NOR.LAN","distinguishedname":"OU=TESTS,DC=AD2008NOR,DC=LAN","domainsid":"S-1-5-21-3203253894-2179515918-107286103","doesanyacegrantownerrights":false,"doesanyinheritedacegrantownerrights":false,"isaclprotected":false,"whencreated":1745431391,"blocksinheritance":false},"Links":[],"ChildObjects":[],"InheritanceHashes":[],"Aces":[{"PrincipalSID":"S-1-5-21-3203253894-2179515918-107286103-512","PrincipalType":"Group","RightName":"Owns","IsInherited":false,"InheritanceHash":""},{"PrincipalSID":"S-1-5-21-3203253894-2179515918-107286103-512","PrincipalType":"Group","RightName":"GenericAll","IsInherited":false,"InheritanceHash":""},{"PrincipalSID":"S-1-5-21-3203253894-2179515918-107286103-519","PrincipalType":"Group","RightName":"GenericAll","IsInherited":true,"InheritanceHash":"0EB0FD893AF9084710B8D691C25DE5F34549BBF6"},{"PrincipalSID":"AD2008NOR.LAN-S-1-5-32-544","PrincipalType":"Group","RightName":"WriteDacl","IsInherited":true,"InheritanceHash":"62C26D4FB3FF64505B03CDD35D648DFBC6C157CC"},{"PrincipalSID":"AD2008NOR.LAN-S-1-5-32-544","PrincipalType":"Group","RightName":"WriteOwner","IsInherited":true,"InheritanceHash":"62C26D4FB3FF64505B03CDD35D648DFBC6C157CC"},{"PrincipalSID":"AD2008NOR.LAN-S-1-5-32-544","PrincipalType":"Group","RightName":"GenericWrite","IsInherited":true,"InheritanceHash":"62C26D4FB3FF64505B03CDD35D648DFBC6C157CC"}],"ObjectIdentifier":"B07D0FE1-0A56-4B49-A7F6-8D098AF63F64","IsDeleted":false,"IsACLProtected":false,"ContainedBy":{"ObjectIdentifier":"S-1-5-21-3203253894-2179515918-107286103","ObjectType":"Domain"}},{"GPOChanges":{"LocalAdmins":[],"RemoteDesktopUsers":[],"DcomUsers":[],"PSRemoteUsers":[],"AffectedComputers":[]},"Properties":{"domain":"AD2008NOR.LAN","name":"DOMAIN CONTROLLERS@AD2008NOR.LAN","distinguishedname":"OU=DOMAIN CONTROLLERS,DC=AD2008NOR,DC=LAN","domainsid":"S-1-5-21-3203253894-2179515918-107286103","doesanyacegrantownerrights":false,"doesanyinheritedacegrantownerrights":false,"isaclprotected":false,"description":"Default container for domain controllers","whencreated":1744906648,"blocksinheritance":false},"Links":[{"IsEnforced":false,"GUID":"B3EC5FA0-4CD4-453A-9515-56CFAD186A4F"}],"ChildObjects":[],"InheritanceHashes":[],"Aces":[{"PrincipalSID":"S-1-5-21-3203253894-2179515918-107286103-512","PrincipalType":"Group","RightName":"Owns","IsInherited":false,"InheritanceHash":""},{"PrincipalSID":"S-1-5-21-3203253894-2179515918-107286103-512","PrincipalType":"Group","RightName":"WriteDacl","IsInherited":false,"InheritanceHash":""},{"PrincipalSID":"S-1-5-21-3203253894-2179515918-107286103-512","PrincipalType":"Group","RightName":"WriteOwner","IsInherited":false,"InheritanceHash":""},{"PrincipalSID":"S-1-5-21-3203253894-2179515918-107286103-512","PrincipalType":"Group","RightName":"GenericWrite","IsInherited":false,"InheritanceHash":""},{"PrincipalSID":"S-1-5-21-3203253894-2179515918-107286103-519","PrincipalType":"Group","RightName":"GenericAll","IsInherited":true,"InheritanceHash":"0EB0FD893AF9084710B8D691C25DE5F34549BBF6"},{"PrincipalSID":"AD2008NOR.LAN-S-1-5-32-544","PrincipalType":"Group","RightName":"WriteDacl","IsInherited":true,"InheritanceHash":"62C26D4FB3FF64505B03CDD35D648DFBC6C157CC"},{"PrincipalSID":"AD2008NOR.LAN-S-1-5-32-544","PrincipalType":"Group","RightName":"WriteOwner","IsInherited":true,"InheritanceHash":"62C26D4FB3FF64505B03CDD35D648DFBC6C157CC"},{"PrincipalSID":"AD2008NOR.LAN-S-1-5-32-544","PrincipalType":"Group","RightName":"GenericWrite","IsInherited":true,"InheritanceHash":"62C26D4FB3FF64505B03CDD35D648DFBC6C157CC"}],"ObjectIdentifier":"342B420E-2337-4D51-A1C1-41B0B583CA7D","IsDeleted":false,"IsACLProtected":false,"ContainedBy":{"ObjectIdentifier":"S-1-5-21-3203253894-2179515918-107286103","ObjectType":"Domain"}}],"meta":{"methods":7107563,"type":"ous","count":2,"version":6,"collectorversion":"2.6.5.0"}}