{"data":[{"GPOChanges":{"LocalAdmins":[],"RemoteDesktopUsers":[],"DcomUsers":[],"PSRemoteUsers":[],"AffectedComputers":[]},"Properties":{"domain":"AD2025.LAN","name":"ADMINSDHOLDERTESTS@AD2025.LAN","distinguishedname":"OU=ADMINSDHOLDERTESTS,DC=AD2025,DC=LAN","domainsid":"S-1-5-21-1753113456-3794003277-551465778","doesanyacegrantownerrights":false,"doesanyinheritedacegrantownerrights":false,"isaclprotected":false,"whencreated":1745425081,"blocksinheritance":false},"Links":[],"ChildObjects":[],"InheritanceHashes":[],"Aces":[{"PrincipalSID":"S-1-5-21-1753113456-3794003277-551465778-512","PrincipalType":"Group","RightName":"Owns","IsInherited":false,"InheritanceHash":""},{"PrincipalSID":"S-1-5-21-1753113456-3794003277-551465778-512","PrincipalType":"Group","RightName":"GenericAll","IsInherited":false,"InheritanceHash":""},{"PrincipalSID":"S-1-5-21-1753113456-3794003277-551465778-519","PrincipalType":"Group","RightName":"GenericAll","IsInherited":true,"InheritanceHash":"442A95ACE7B67011EC7FD506E5CA03D909E7D99C"},{"PrincipalSID":"AD2025.LAN-S-1-5-32-544","PrincipalType":"Group","RightName":"WriteDacl","IsInherited":true,"InheritanceHash":"62C26D4FB3FF64505B03CDD35D648DFBC6C157CC"},{"PrincipalSID":"AD2025.LAN-S-1-5-32-544","PrincipalType":"Group","RightName":"WriteOwner","IsInherited":true,"InheritanceHash":"62C26D4FB3FF64505B03CDD35D648DFBC6C157CC"},{"PrincipalSID":"AD2025.LAN-S-1-5-32-544","PrincipalType":"Group","RightName":"GenericWrite","IsInherited":true,"InheritanceHash":"62C26D4FB3FF64505B03CDD35D648DFBC6C157CC"}],"ObjectIdentifier":"3C2D89AA-5C74-43E0-8C0E-26C9FFD7134F","IsDeleted":false,"IsACLProtected":false,"ContainedBy":{"ObjectIdentifier":"S-1-5-21-1753113456-3794003277-551465778","ObjectType":"Domain"}},{"GPOChanges":{"LocalAdmins":[],"RemoteDesktopUsers":[],"DcomUsers":[],"PSRemoteUsers":[],"AffectedComputers":[]},"Properties":{"domain":"AD2025.LAN","name":"DOMAIN CONTROLLERS@AD2025.LAN","distinguishedname":"OU=DOMAIN CONTROLLERS,DC=AD2025,DC=LAN","domainsid":"S-1-5-21-1753113456-3794003277-551465778","doesanyacegrantownerrights":false,"doesanyinheritedacegrantownerrights":false,"isaclprotected":false,"description":"Default container for domain controllers","whencreated":1744655995,"blocksinheritance":false},"Links":[{"IsEnforced":false,"GUID":"83EB0657-2E36-4C63-BA1F-E6843330E7E4"}],"ChildObjects":[],"InheritanceHashes":[],"Aces":[{"PrincipalSID":"S-1-5-21-1753113456-3794003277-551465778-512","PrincipalType":"Group","RightName":"Owns","IsInherited":false,"InheritanceHash":""},{"PrincipalSID":"S-1-5-21-1753113456-3794003277-551465778-512","PrincipalType":"Group","RightName":"WriteDacl","IsInherited":false,"InheritanceHash":""},{"PrincipalSID":"S-1-5-21-1753113456-3794003277-551465778-512","PrincipalType":"Group","RightName":"WriteOwner","IsInherited":false,"InheritanceHash":""},{"PrincipalSID":"S-1-5-21-1753113456-3794003277-551465778-512","PrincipalType":"Group","RightName":"GenericWrite","IsInherited":false,"InheritanceHash":""},{"PrincipalSID":"S-1-5-21-1753113456-3794003277-551465778-519","PrincipalType":"Group","RightName":"GenericAll","IsInherited":true,"InheritanceHash":"442A95ACE7B67011EC7FD506E5CA03D909E7D99C"},{"PrincipalSID":"AD2025.LAN-S-1-5-32-544","PrincipalType":"Group","RightName":"WriteDacl","IsInherited":true,"InheritanceHash":"62C26D4FB3FF64505B03CDD35D648DFBC6C157CC"},{"PrincipalSID":"AD2025.LAN-S-1-5-32-544","PrincipalType":"Group","RightName":"WriteOwner","IsInherited":true,"InheritanceHash":"62C26D4FB3FF64505B03CDD35D648DFBC6C157CC"},{"PrincipalSID":"AD2025.LAN-S-1-5-32-544","PrincipalType":"Group","RightName":"GenericWrite","IsInherited":true,"InheritanceHash":"62C26D4FB3FF64505B03CDD35D648DFBC6C157CC"}],"ObjectIdentifier":"683DBC01-F25F-46FF-BB8F-F5545E992EC5","IsDeleted":false,"IsACLProtected":false,"ContainedBy":{"ObjectIdentifier":"S-1-5-21-1753113456-3794003277-551465778","ObjectType":"Domain"}},{"GPOChanges":{"LocalAdmins":[],"RemoteDesktopUsers":[],"DcomUsers":[],"PSRemoteUsers":[],"AffectedComputers":[]},"Properties":{"domain":"AD2025.LAN","name":"MISCONFIGS@AD2025.LAN","distinguishedname":"OU=MISCONFIGS,DC=AD2025,DC=LAN","domainsid":"S-1-5-21-1753113456-3794003277-551465778","doesanyacegrantownerrights":false,"doesanyinheritedacegrantownerrights":false,"isaclprotected":false,"whencreated":1745866839,"blocksinheritance":false},"Links":[],"ChildObjects":[],"InheritanceHashes":["159A49E3E185413B24AF2B88814CBC8230D0F122"],"Aces":[{"PrincipalSID":"S-1-5-21-1753113456-3794003277-551465778-512","PrincipalType":"Group","RightName":"Owns","IsInherited":false,"InheritanceHash":""},{"PrincipalSID":"AD2025.LAN-S-1-5-32-549","PrincipalType":"Group","RightName":"GenericWrite","IsInherited":false,"InheritanceHash":""},{"PrincipalSID":"S-1-5-21-1753113456-3794003277-551465778-512","PrincipalType":"Group","RightName":"GenericAll","IsInherited":false,"InheritanceHash":""},{"PrincipalSID":"S-1-5-21-1753113456-3794003277-551465778-519","PrincipalType":"Group","RightName":"GenericAll","IsInherited":true,"InheritanceHash":"442A95ACE7B67011EC7FD506E5CA03D909E7D99C"},{"PrincipalSID":"AD2025.LAN-S-1-5-32-544","PrincipalType":"Group","RightName":"WriteDacl","IsInherited":true,"InheritanceHash":"62C26D4FB3FF64505B03CDD35D648DFBC6C157CC"},{"PrincipalSID":"AD2025.LAN-S-1-5-32-544","PrincipalType":"Group","RightName":"WriteOwner","IsInherited":true,"InheritanceHash":"62C26D4FB3FF64505B03CDD35D648DFBC6C157CC"},{"PrincipalSID":"AD2025.LAN-S-1-5-32-544","PrincipalType":"Group","RightName":"GenericWrite","IsInherited":true,"InheritanceHash":"62C26D4FB3FF64505B03CDD35D648DFBC6C157CC"}],"ObjectIdentifier":"94DC100A-7E83-44A0-BD7F-65C7836C5F73","IsDeleted":false,"IsACLProtected":false,"ContainedBy":{"ObjectIdentifier":"S-1-5-21-1753113456-3794003277-551465778","ObjectType":"Domain"}}],"meta":{"methods":7107563,"type":"ous","count":3,"version":6,"collectorversion":"2.6.5.0"}}