{"data":[{"GPOChanges":{"LocalAdmins":[],"RemoteDesktopUsers":[],"DcomUsers":[],"PSRemoteUsers":[],"AffectedComputers":[]},"Properties":{"domain":"AD2016.LAN","name":"ADMINSDHOLDERTESTS@AD2016.LAN","distinguishedname":"OU=ADMINSDHOLDERTESTS,DC=AD2016,DC=LAN","domainsid":"S-1-5-21-458780826-1257934750-2189760506","doesanyacegrantownerrights":false,"doesanyinheritedacegrantownerrights":false,"isaclprotected":false,"whencreated":1745428050,"blocksinheritance":false},"Links":[],"ChildObjects":[],"InheritanceHashes":[],"Aces":[{"PrincipalSID":"S-1-5-21-458780826-1257934750-2189760506-512","PrincipalType":"Group","RightName":"Owns","IsInherited":false,"InheritanceHash":""},{"PrincipalSID":"S-1-5-21-458780826-1257934750-2189760506-512","PrincipalType":"Group","RightName":"GenericAll","IsInherited":false,"InheritanceHash":""},{"PrincipalSID":"S-1-5-21-458780826-1257934750-2189760506-519","PrincipalType":"Group","RightName":"GenericAll","IsInherited":true,"InheritanceHash":"E4910BF47DBD026DFC0A56CB4C2CA7E95248492E"},{"PrincipalSID":"AD2016.LAN-S-1-5-32-544","PrincipalType":"Group","RightName":"WriteDacl","IsInherited":true,"InheritanceHash":"62C26D4FB3FF64505B03CDD35D648DFBC6C157CC"},{"PrincipalSID":"AD2016.LAN-S-1-5-32-544","PrincipalType":"Group","RightName":"WriteOwner","IsInherited":true,"InheritanceHash":"62C26D4FB3FF64505B03CDD35D648DFBC6C157CC"},{"PrincipalSID":"AD2016.LAN-S-1-5-32-544","PrincipalType":"Group","RightName":"GenericWrite","IsInherited":true,"InheritanceHash":"62C26D4FB3FF64505B03CDD35D648DFBC6C157CC"}],"ObjectIdentifier":"93EE15D4-519C-4570-A927-148723B309FB","IsDeleted":false,"IsACLProtected":false,"ContainedBy":{"ObjectIdentifier":"S-1-5-21-458780826-1257934750-2189760506","ObjectType":"Domain"}},{"GPOChanges":{"LocalAdmins":[],"RemoteDesktopUsers":[],"DcomUsers":[],"PSRemoteUsers":[],"AffectedComputers":[]},"Properties":{"domain":"AD2016.LAN","name":"MISCONFIGS@AD2016.LAN","distinguishedname":"OU=MISCONFIGS,DC=AD2016,DC=LAN","domainsid":"S-1-5-21-458780826-1257934750-2189760506","doesanyacegrantownerrights":false,"doesanyinheritedacegrantownerrights":false,"isaclprotected":false,"whencreated":1745867238,"blocksinheritance":false},"Links":[],"ChildObjects":[],"InheritanceHashes":["159A49E3E185413B24AF2B88814CBC8230D0F122"],"Aces":[{"PrincipalSID":"S-1-5-21-458780826-1257934750-2189760506-512","PrincipalType":"Group","RightName":"Owns","IsInherited":false,"InheritanceHash":""},{"PrincipalSID":"AD2016.LAN-S-1-5-32-549","PrincipalType":"Group","RightName":"GenericWrite","IsInherited":false,"InheritanceHash":""},{"PrincipalSID":"S-1-5-21-458780826-1257934750-2189760506-512","PrincipalType":"Group","RightName":"GenericAll","IsInherited":false,"InheritanceHash":""},{"PrincipalSID":"S-1-5-21-458780826-1257934750-2189760506-519","PrincipalType":"Group","RightName":"GenericAll","IsInherited":true,"InheritanceHash":"E4910BF47DBD026DFC0A56CB4C2CA7E95248492E"},{"PrincipalSID":"AD2016.LAN-S-1-5-32-544","PrincipalType":"Group","RightName":"WriteDacl","IsInherited":true,"InheritanceHash":"62C26D4FB3FF64505B03CDD35D648DFBC6C157CC"},{"PrincipalSID":"AD2016.LAN-S-1-5-32-544","PrincipalType":"Group","RightName":"WriteOwner","IsInherited":true,"InheritanceHash":"62C26D4FB3FF64505B03CDD35D648DFBC6C157CC"},{"PrincipalSID":"AD2016.LAN-S-1-5-32-544","PrincipalType":"Group","RightName":"GenericWrite","IsInherited":true,"InheritanceHash":"62C26D4FB3FF64505B03CDD35D648DFBC6C157CC"}],"ObjectIdentifier":"8AF64B15-E37F-4B59-951F-992B4A5E5171","IsDeleted":false,"IsACLProtected":false,"ContainedBy":{"ObjectIdentifier":"S-1-5-21-458780826-1257934750-2189760506","ObjectType":"Domain"}},{"GPOChanges":{"LocalAdmins":[],"RemoteDesktopUsers":[],"DcomUsers":[],"PSRemoteUsers":[],"AffectedComputers":[]},"Properties":{"domain":"AD2016.LAN","name":"DOMAIN CONTROLLERS@AD2016.LAN","distinguishedname":"OU=DOMAIN CONTROLLERS,DC=AD2016,DC=LAN","domainsid":"S-1-5-21-458780826-1257934750-2189760506","doesanyacegrantownerrights":false,"doesanyinheritedacegrantownerrights":false,"isaclprotected":false,"description":"Default container for domain controllers","whencreated":1692569963,"blocksinheritance":false},"Links":[{"IsEnforced":false,"GUID":"8B94036F-5D9A-45FA-A379-552F517B5A7D"}],"ChildObjects":[],"InheritanceHashes":[],"Aces":[{"PrincipalSID":"S-1-5-21-458780826-1257934750-2189760506-512","PrincipalType":"Group","RightName":"Owns","IsInherited":false,"InheritanceHash":""},{"PrincipalSID":"S-1-5-21-458780826-1257934750-2189760506-512","PrincipalType":"Group","RightName":"WriteDacl","IsInherited":false,"InheritanceHash":""},{"PrincipalSID":"S-1-5-21-458780826-1257934750-2189760506-512","PrincipalType":"Group","RightName":"WriteOwner","IsInherited":false,"InheritanceHash":""},{"PrincipalSID":"S-1-5-21-458780826-1257934750-2189760506-512","PrincipalType":"Group","RightName":"GenericWrite","IsInherited":false,"InheritanceHash":""},{"PrincipalSID":"S-1-5-21-458780826-1257934750-2189760506-519","PrincipalType":"Group","RightName":"GenericAll","IsInherited":true,"InheritanceHash":"E4910BF47DBD026DFC0A56CB4C2CA7E95248492E"},{"PrincipalSID":"AD2016.LAN-S-1-5-32-544","PrincipalType":"Group","RightName":"WriteDacl","IsInherited":true,"InheritanceHash":"62C26D4FB3FF64505B03CDD35D648DFBC6C157CC"},{"PrincipalSID":"AD2016.LAN-S-1-5-32-544","PrincipalType":"Group","RightName":"WriteOwner","IsInherited":true,"InheritanceHash":"62C26D4FB3FF64505B03CDD35D648DFBC6C157CC"},{"PrincipalSID":"AD2016.LAN-S-1-5-32-544","PrincipalType":"Group","RightName":"GenericWrite","IsInherited":true,"InheritanceHash":"62C26D4FB3FF64505B03CDD35D648DFBC6C157CC"}],"ObjectIdentifier":"269ED39C-A059-4AD8-89A9-640CF367CB17","IsDeleted":false,"IsACLProtected":false,"ContainedBy":{"ObjectIdentifier":"S-1-5-21-458780826-1257934750-2189760506","ObjectType":"Domain"}}],"meta":{"methods":7107563,"type":"ous","count":3,"version":6,"collectorversion":"2.6.5.0"}}