{"data":[{"GPOChanges":{"LocalAdmins":[],"RemoteDesktopUsers":[],"DcomUsers":[],"PSRemoteUsers":[],"AffectedComputers":[]},"Properties":{"domain":"ADPDCETESTS.LAN","name":"ADMINSDHOLDERTESTS@ADPDCETESTS.LAN","distinguishedname":"OU=ADMINSDHOLDERTESTS,DC=ADPDCETESTS,DC=LAN","domainsid":"S-1-5-21-2601650231-2489531028-1063739222","doesanyacegrantownerrights":false,"doesanyinheritedacegrantownerrights":false,"isaclprotected":false,"whencreated":1745431774,"blocksinheritance":false},"Links":[],"ChildObjects":[],"InheritanceHashes":[],"Aces":[{"PrincipalSID":"S-1-5-21-2601650231-2489531028-1063739222-512","PrincipalType":"Group","RightName":"Owns","IsInherited":false,"InheritanceHash":""},{"PrincipalSID":"S-1-5-21-2601650231-2489531028-1063739222-512","PrincipalType":"Group","RightName":"GenericAll","IsInherited":false,"InheritanceHash":""},{"PrincipalSID":"S-1-5-21-2601650231-2489531028-1063739222-519","PrincipalType":"Group","RightName":"GenericAll","IsInherited":true,"InheritanceHash":"A1449053751FB8536ECC54BCDF3DC08FDACC6009"},{"PrincipalSID":"ADPDCETESTS.LAN-S-1-5-32-544","PrincipalType":"Group","RightName":"WriteDacl","IsInherited":true,"InheritanceHash":"62C26D4FB3FF64505B03CDD35D648DFBC6C157CC"},{"PrincipalSID":"ADPDCETESTS.LAN-S-1-5-32-544","PrincipalType":"Group","RightName":"WriteOwner","IsInherited":true,"InheritanceHash":"62C26D4FB3FF64505B03CDD35D648DFBC6C157CC"},{"PrincipalSID":"ADPDCETESTS.LAN-S-1-5-32-544","PrincipalType":"Group","RightName":"GenericWrite","IsInherited":true,"InheritanceHash":"62C26D4FB3FF64505B03CDD35D648DFBC6C157CC"}],"ObjectIdentifier":"2E15BFA5-AAC6-47D0-B2F4-7C9C88FAF847","IsDeleted":false,"IsACLProtected":false,"ContainedBy":{"ObjectIdentifier":"S-1-5-21-2601650231-2489531028-1063739222","ObjectType":"Domain"}},{"GPOChanges":{"LocalAdmins":[],"RemoteDesktopUsers":[],"DcomUsers":[],"PSRemoteUsers":[],"AffectedComputers":[]},"Properties":{"domain":"ADPDCETESTS.LAN","name":"DOMAIN CONTROLLERS@ADPDCETESTS.LAN","distinguishedname":"OU=DOMAIN CONTROLLERS,DC=ADPDCETESTS,DC=LAN","domainsid":"S-1-5-21-2601650231-2489531028-1063739222","doesanyacegrantownerrights":false,"doesanyinheritedacegrantownerrights":false,"isaclprotected":false,"description":"Default container for domain controllers","whencreated":1744920465,"blocksinheritance":false},"Links":[{"IsEnforced":false,"GUID":"1339C412-BBC3-4E8B-9F33-8C603C247D05"}],"ChildObjects":[],"InheritanceHashes":[],"Aces":[{"PrincipalSID":"S-1-5-21-2601650231-2489531028-1063739222-512","PrincipalType":"Group","RightName":"Owns","IsInherited":false,"InheritanceHash":""},{"PrincipalSID":"S-1-5-21-2601650231-2489531028-1063739222-512","PrincipalType":"Group","RightName":"WriteDacl","IsInherited":false,"InheritanceHash":""},{"PrincipalSID":"S-1-5-21-2601650231-2489531028-1063739222-512","PrincipalType":"Group","RightName":"WriteOwner","IsInherited":false,"InheritanceHash":""},{"PrincipalSID":"S-1-5-21-2601650231-2489531028-1063739222-512","PrincipalType":"Group","RightName":"GenericWrite","IsInherited":false,"InheritanceHash":""},{"PrincipalSID":"S-1-5-21-2601650231-2489531028-1063739222-519","PrincipalType":"Group","RightName":"GenericAll","IsInherited":true,"InheritanceHash":"A1449053751FB8536ECC54BCDF3DC08FDACC6009"},{"PrincipalSID":"ADPDCETESTS.LAN-S-1-5-32-544","PrincipalType":"Group","RightName":"WriteDacl","IsInherited":true,"InheritanceHash":"62C26D4FB3FF64505B03CDD35D648DFBC6C157CC"},{"PrincipalSID":"ADPDCETESTS.LAN-S-1-5-32-544","PrincipalType":"Group","RightName":"WriteOwner","IsInherited":true,"InheritanceHash":"62C26D4FB3FF64505B03CDD35D648DFBC6C157CC"},{"PrincipalSID":"ADPDCETESTS.LAN-S-1-5-32-544","PrincipalType":"Group","RightName":"GenericWrite","IsInherited":true,"InheritanceHash":"62C26D4FB3FF64505B03CDD35D648DFBC6C157CC"}],"ObjectIdentifier":"FD9CF182-8F81-462A-B981-8565CAC0DC26","IsDeleted":false,"IsACLProtected":false,"ContainedBy":{"ObjectIdentifier":"S-1-5-21-2601650231-2489531028-1063739222","ObjectType":"Domain"}}],"meta":{"methods":7107563,"type":"ous","count":2,"version":6,"collectorversion":"2.6.5.0"}}