{"data":[{"GPOChanges":{"LocalAdmins":[],"RemoteDesktopUsers":[],"DcomUsers":[],"PSRemoteUsers":[],"AffectedComputers":[]},"Properties":{"domain":"ADSAC1804.LAN","name":"ADMINSDHOLDERTESTS@ADSAC1804.LAN","distinguishedname":"OU=ADMINSDHOLDERTESTS,DC=ADSAC1804,DC=LAN","domainsid":"S-1-5-21-1149796169-3040123913-3495030853","doesanyacegrantownerrights":false,"doesanyinheritedacegrantownerrights":false,"isaclprotected":false,"whencreated":1745430054,"blocksinheritance":false},"Links":[],"ChildObjects":[],"InheritanceHashes":[],"Aces":[{"PrincipalSID":"S-1-5-21-1149796169-3040123913-3495030853-512","PrincipalType":"Group","RightName":"Owns","IsInherited":false,"InheritanceHash":""},{"PrincipalSID":"S-1-5-21-1149796169-3040123913-3495030853-512","PrincipalType":"Group","RightName":"GenericAll","IsInherited":false,"InheritanceHash":""},{"PrincipalSID":"S-1-5-21-1149796169-3040123913-3495030853-519","PrincipalType":"Group","RightName":"GenericAll","IsInherited":true,"InheritanceHash":"CD256DD81CE27B49E3553A2F7F2E9707C3ED7EBA"},{"PrincipalSID":"ADSAC1804.LAN-S-1-5-32-544","PrincipalType":"Group","RightName":"WriteDacl","IsInherited":true,"InheritanceHash":"62C26D4FB3FF64505B03CDD35D648DFBC6C157CC"},{"PrincipalSID":"ADSAC1804.LAN-S-1-5-32-544","PrincipalType":"Group","RightName":"WriteOwner","IsInherited":true,"InheritanceHash":"62C26D4FB3FF64505B03CDD35D648DFBC6C157CC"},{"PrincipalSID":"ADSAC1804.LAN-S-1-5-32-544","PrincipalType":"Group","RightName":"GenericWrite","IsInherited":true,"InheritanceHash":"62C26D4FB3FF64505B03CDD35D648DFBC6C157CC"}],"ObjectIdentifier":"0097744C-CA82-4D6B-98E5-BA03DB8D6EA1","IsDeleted":false,"IsACLProtected":false,"ContainedBy":{"ObjectIdentifier":"S-1-5-21-1149796169-3040123913-3495030853","ObjectType":"Domain"}},{"GPOChanges":{"LocalAdmins":[],"RemoteDesktopUsers":[],"DcomUsers":[],"PSRemoteUsers":[],"AffectedComputers":[]},"Properties":{"domain":"ADSAC1804.LAN","name":"DOMAIN CONTROLLERS@ADSAC1804.LAN","distinguishedname":"OU=DOMAIN CONTROLLERS,DC=ADSAC1804,DC=LAN","domainsid":"S-1-5-21-1149796169-3040123913-3495030853","doesanyacegrantownerrights":false,"doesanyinheritedacegrantownerrights":false,"isaclprotected":false,"description":"Default container for domain controllers","whencreated":1744909566,"blocksinheritance":false},"Links":[{"IsEnforced":false,"GUID":"8287A075-A686-47F2-9710-6887720C17B7"}],"ChildObjects":[],"InheritanceHashes":[],"Aces":[{"PrincipalSID":"S-1-5-21-1149796169-3040123913-3495030853-512","PrincipalType":"Group","RightName":"Owns","IsInherited":false,"InheritanceHash":""},{"PrincipalSID":"S-1-5-21-1149796169-3040123913-3495030853-512","PrincipalType":"Group","RightName":"WriteDacl","IsInherited":false,"InheritanceHash":""},{"PrincipalSID":"S-1-5-21-1149796169-3040123913-3495030853-512","PrincipalType":"Group","RightName":"WriteOwner","IsInherited":false,"InheritanceHash":""},{"PrincipalSID":"S-1-5-21-1149796169-3040123913-3495030853-512","PrincipalType":"Group","RightName":"GenericWrite","IsInherited":false,"InheritanceHash":""},{"PrincipalSID":"S-1-5-21-1149796169-3040123913-3495030853-519","PrincipalType":"Group","RightName":"GenericAll","IsInherited":true,"InheritanceHash":"CD256DD81CE27B49E3553A2F7F2E9707C3ED7EBA"},{"PrincipalSID":"ADSAC1804.LAN-S-1-5-32-544","PrincipalType":"Group","RightName":"WriteDacl","IsInherited":true,"InheritanceHash":"62C26D4FB3FF64505B03CDD35D648DFBC6C157CC"},{"PrincipalSID":"ADSAC1804.LAN-S-1-5-32-544","PrincipalType":"Group","RightName":"WriteOwner","IsInherited":true,"InheritanceHash":"62C26D4FB3FF64505B03CDD35D648DFBC6C157CC"},{"PrincipalSID":"ADSAC1804.LAN-S-1-5-32-544","PrincipalType":"Group","RightName":"GenericWrite","IsInherited":true,"InheritanceHash":"62C26D4FB3FF64505B03CDD35D648DFBC6C157CC"}],"ObjectIdentifier":"86FB3BAB-CBE1-4727-9CE2-785BA700136F","IsDeleted":false,"IsACLProtected":false,"ContainedBy":{"ObjectIdentifier":"S-1-5-21-1149796169-3040123913-3495030853","ObjectType":"Domain"}}],"meta":{"methods":7107563,"type":"ous","count":2,"version":6,"collectorversion":"2.6.5.0"}}