{"data":[{"GPOChanges":{"LocalAdmins":[],"RemoteDesktopUsers":[],"DcomUsers":[],"PSRemoteUsers":[],"AffectedComputers":[]},"Properties":{"domain":"ADSAC20H2.LAN","name":"ADMINSDHOLDERTESTS@ADSAC20H2.LAN","distinguishedname":"OU=ADMINSDHOLDERTESTS,DC=ADSAC20H2,DC=LAN","domainsid":"S-1-5-21-3987012765-1471788617-3380036659","doesanyacegrantownerrights":false,"doesanyinheritedacegrantownerrights":false,"isaclprotected":false,"whencreated":1745429896,"blocksinheritance":false},"Links":[],"ChildObjects":[],"InheritanceHashes":[],"Aces":[{"PrincipalSID":"S-1-5-21-3987012765-1471788617-3380036659-512","PrincipalType":"Group","RightName":"Owns","IsInherited":false,"InheritanceHash":""},{"PrincipalSID":"S-1-5-21-3987012765-1471788617-3380036659-512","PrincipalType":"Group","RightName":"GenericAll","IsInherited":false,"InheritanceHash":""},{"PrincipalSID":"S-1-5-21-3987012765-1471788617-3380036659-519","PrincipalType":"Group","RightName":"GenericAll","IsInherited":true,"InheritanceHash":"6DB28F99FA045A1EF0803BB752C8B0754B9779B6"},{"PrincipalSID":"ADSAC20H2.LAN-S-1-5-32-544","PrincipalType":"Group","RightName":"WriteDacl","IsInherited":true,"InheritanceHash":"62C26D4FB3FF64505B03CDD35D648DFBC6C157CC"},{"PrincipalSID":"ADSAC20H2.LAN-S-1-5-32-544","PrincipalType":"Group","RightName":"WriteOwner","IsInherited":true,"InheritanceHash":"62C26D4FB3FF64505B03CDD35D648DFBC6C157CC"},{"PrincipalSID":"ADSAC20H2.LAN-S-1-5-32-544","PrincipalType":"Group","RightName":"GenericWrite","IsInherited":true,"InheritanceHash":"62C26D4FB3FF64505B03CDD35D648DFBC6C157CC"}],"ObjectIdentifier":"FE0F8A49-3943-4C1A-B100-DAD177185882","IsDeleted":false,"IsACLProtected":false,"ContainedBy":{"ObjectIdentifier":"S-1-5-21-3987012765-1471788617-3380036659","ObjectType":"Domain"}},{"GPOChanges":{"LocalAdmins":[],"RemoteDesktopUsers":[],"DcomUsers":[],"PSRemoteUsers":[],"AffectedComputers":[]},"Properties":{"domain":"ADSAC20H2.LAN","name":"DOMAIN CONTROLLERS@ADSAC20H2.LAN","distinguishedname":"OU=DOMAIN CONTROLLERS,DC=ADSAC20H2,DC=LAN","domainsid":"S-1-5-21-3987012765-1471788617-3380036659","doesanyacegrantownerrights":false,"doesanyinheritedacegrantownerrights":false,"isaclprotected":false,"description":"Default container for domain controllers","whencreated":1744911191,"blocksinheritance":false},"Links":[{"IsEnforced":false,"GUID":"C6915453-8960-464B-9789-152AD59891D8"}],"ChildObjects":[],"InheritanceHashes":[],"Aces":[{"PrincipalSID":"S-1-5-21-3987012765-1471788617-3380036659-512","PrincipalType":"Group","RightName":"Owns","IsInherited":false,"InheritanceHash":""},{"PrincipalSID":"S-1-5-21-3987012765-1471788617-3380036659-512","PrincipalType":"Group","RightName":"WriteDacl","IsInherited":false,"InheritanceHash":""},{"PrincipalSID":"S-1-5-21-3987012765-1471788617-3380036659-512","PrincipalType":"Group","RightName":"WriteOwner","IsInherited":false,"InheritanceHash":""},{"PrincipalSID":"S-1-5-21-3987012765-1471788617-3380036659-512","PrincipalType":"Group","RightName":"GenericWrite","IsInherited":false,"InheritanceHash":""},{"PrincipalSID":"S-1-5-21-3987012765-1471788617-3380036659-519","PrincipalType":"Group","RightName":"GenericAll","IsInherited":true,"InheritanceHash":"6DB28F99FA045A1EF0803BB752C8B0754B9779B6"},{"PrincipalSID":"ADSAC20H2.LAN-S-1-5-32-544","PrincipalType":"Group","RightName":"WriteDacl","IsInherited":true,"InheritanceHash":"62C26D4FB3FF64505B03CDD35D648DFBC6C157CC"},{"PrincipalSID":"ADSAC20H2.LAN-S-1-5-32-544","PrincipalType":"Group","RightName":"WriteOwner","IsInherited":true,"InheritanceHash":"62C26D4FB3FF64505B03CDD35D648DFBC6C157CC"},{"PrincipalSID":"ADSAC20H2.LAN-S-1-5-32-544","PrincipalType":"Group","RightName":"GenericWrite","IsInherited":true,"InheritanceHash":"62C26D4FB3FF64505B03CDD35D648DFBC6C157CC"}],"ObjectIdentifier":"D0E13EB2-B915-42D3-97F4-63FF09AE1955","IsDeleted":false,"IsACLProtected":false,"ContainedBy":{"ObjectIdentifier":"S-1-5-21-3987012765-1471788617-3380036659","ObjectType":"Domain"}}],"meta":{"methods":7107563,"type":"ous","count":2,"version":6,"collectorversion":"2.6.5.0"}}