{"data":[{"GPOChanges":{"LocalAdmins":[],"RemoteDesktopUsers":[],"DcomUsers":[],"PSRemoteUsers":[],"AffectedComputers":[]},"Properties":{"domain":"AD2022.LAN","name":"ADMINSDHOLDERTESTS@AD2022.LAN","distinguishedname":"OU=ADMINSDHOLDERTESTS,DC=AD2022,DC=LAN","domainsid":"S-1-5-21-2837170695-1087505531-639098256","doesanyacegrantownerrights":false,"doesanyinheritedacegrantownerrights":false,"isaclprotected":false,"whencreated":1745429026,"blocksinheritance":false},"Links":[],"ChildObjects":[],"InheritanceHashes":[],"Aces":[{"PrincipalSID":"S-1-5-21-2837170695-1087505531-639098256-512","PrincipalType":"Group","RightName":"Owns","IsInherited":false,"InheritanceHash":""},{"PrincipalSID":"S-1-5-21-2837170695-1087505531-639098256-512","PrincipalType":"Group","RightName":"GenericAll","IsInherited":false,"InheritanceHash":""},{"PrincipalSID":"S-1-5-21-2837170695-1087505531-639098256-519","PrincipalType":"Group","RightName":"GenericAll","IsInherited":true,"InheritanceHash":"6FED851CE6CD72B2826E1C111263F6D1DDC3B3A9"},{"PrincipalSID":"AD2022.LAN-S-1-5-32-544","PrincipalType":"Group","RightName":"WriteDacl","IsInherited":true,"InheritanceHash":"62C26D4FB3FF64505B03CDD35D648DFBC6C157CC"},{"PrincipalSID":"AD2022.LAN-S-1-5-32-544","PrincipalType":"Group","RightName":"WriteOwner","IsInherited":true,"InheritanceHash":"62C26D4FB3FF64505B03CDD35D648DFBC6C157CC"},{"PrincipalSID":"AD2022.LAN-S-1-5-32-544","PrincipalType":"Group","RightName":"GenericWrite","IsInherited":true,"InheritanceHash":"62C26D4FB3FF64505B03CDD35D648DFBC6C157CC"}],"ObjectIdentifier":"69A98A6A-D5F2-4C92-88B5-8278540EA754","IsDeleted":false,"IsACLProtected":false,"ContainedBy":{"ObjectIdentifier":"S-1-5-21-2837170695-1087505531-639098256","ObjectType":"Domain"}},{"GPOChanges":{"LocalAdmins":[],"RemoteDesktopUsers":[],"DcomUsers":[],"PSRemoteUsers":[],"AffectedComputers":[]},"Properties":{"domain":"AD2022.LAN","name":"DOMAIN CONTROLLERS@AD2022.LAN","distinguishedname":"OU=DOMAIN CONTROLLERS,DC=AD2022,DC=LAN","domainsid":"S-1-5-21-2837170695-1087505531-639098256","doesanyacegrantownerrights":false,"doesanyinheritedacegrantownerrights":false,"isaclprotected":false,"description":"Default container for domain controllers","whencreated":1744897258,"blocksinheritance":false},"Links":[{"IsEnforced":false,"GUID":"AFA7B7E2-6D30-4490-A224-C088AD04D755"}],"ChildObjects":[],"InheritanceHashes":[],"Aces":[{"PrincipalSID":"S-1-5-21-2837170695-1087505531-639098256-512","PrincipalType":"Group","RightName":"Owns","IsInherited":false,"InheritanceHash":""},{"PrincipalSID":"S-1-5-21-2837170695-1087505531-639098256-512","PrincipalType":"Group","RightName":"WriteDacl","IsInherited":false,"InheritanceHash":""},{"PrincipalSID":"S-1-5-21-2837170695-1087505531-639098256-512","PrincipalType":"Group","RightName":"WriteOwner","IsInherited":false,"InheritanceHash":""},{"PrincipalSID":"S-1-5-21-2837170695-1087505531-639098256-512","PrincipalType":"Group","RightName":"GenericWrite","IsInherited":false,"InheritanceHash":""},{"PrincipalSID":"S-1-5-21-2837170695-1087505531-639098256-519","PrincipalType":"Group","RightName":"GenericAll","IsInherited":true,"InheritanceHash":"6FED851CE6CD72B2826E1C111263F6D1DDC3B3A9"},{"PrincipalSID":"AD2022.LAN-S-1-5-32-544","PrincipalType":"Group","RightName":"WriteDacl","IsInherited":true,"InheritanceHash":"62C26D4FB3FF64505B03CDD35D648DFBC6C157CC"},{"PrincipalSID":"AD2022.LAN-S-1-5-32-544","PrincipalType":"Group","RightName":"WriteOwner","IsInherited":true,"InheritanceHash":"62C26D4FB3FF64505B03CDD35D648DFBC6C157CC"},{"PrincipalSID":"AD2022.LAN-S-1-5-32-544","PrincipalType":"Group","RightName":"GenericWrite","IsInherited":true,"InheritanceHash":"62C26D4FB3FF64505B03CDD35D648DFBC6C157CC"}],"ObjectIdentifier":"3FF61823-D1F2-409F-A973-09004893AD18","IsDeleted":false,"IsACLProtected":false,"ContainedBy":{"ObjectIdentifier":"S-1-5-21-2837170695-1087505531-639098256","ObjectType":"Domain"}}],"meta":{"methods":7107563,"type":"ous","count":2,"version":6,"collectorversion":"2.6.5.0"}}