{"data":[{"Properties":{"domain":"INHERITANCE.AD2025.LAN","name":"ADSHINHDISABLED.INHERITANCE.AD2025.LAN","distinguishedname":"CN=ADSHINHERITANCEDISABLED,OU=ADMINSDHOLDER-INHERITANCEDISABLED,OU=MISCONFIGS,DC=INHERITANCE,DC=AD2025,DC=LAN","domainsid":"S-1-5-21-131110255-635260017-1229676798","samaccountname":"ADSHINHDISABLED$","haslaps":false,"doesanyacegrantownerrights":false,"doesanyinheritedacegrantownerrights":false,"isaclprotected":true,"whencreated":1747169864,"enabled":true,"unconstraineddelegation":false,"trustedtoauth":false,"isdc":false,"encryptedtextpwdallowed":false,"usedeskeyonly":false,"logonscriptenabled":false,"lockedout":false,"passwordexpired":false,"supportedencryptiontypes":null,"lastlogon":-1,"lastlogontimestamp":-1,"pwdlastset":1747169864,"serviceprincipalnames":[],"email":null,"useraccountcontrol":4096,"operatingsystem":null,"sidhistory":[]},"PrimaryGroupSID":"S-1-5-21-131110255-635260017-1229676798-515","AllowedToDelegate":[],"AllowedToAct":[],"HasSIDHistory":[],"DumpSMSAPassword":[],"Sessions":{"Results":[],"Collected":false,"FailureReason":null},"PrivilegedSessions":{"Results":[],"Collected":false,"FailureReason":null},"RegistrySessions":{"Results":[],"Collected":false,"FailureReason":null},"LocalGroups":[],"UserRights":[],"DCRegistryData":{"CertificateMappingMethods":null,"StrongCertificateBindingEnforcement":null},"Status":{"Connectable":false,"Error":"PortNotOpen"},"IsDC":false,"UnconstrainedDelegation":false,"DomainSID":"S-1-5-21-131110255-635260017-1229676798","IsWebClientRunning":null,"SmbInfo":null,"NtlmSessions":null,"NTLMRegistryData":null,"Aces":[{"PrincipalSID":"S-1-5-21-131110255-635260017-1229676798-512","PrincipalType":"Group","RightName":"Owns","IsInherited":false,"InheritanceHash":""},{"PrincipalSID":"INHERITANCE.AD2025.LAN-S-1-5-32-544","PrincipalType":"Group","RightName":"WriteDacl","IsInherited":false,"InheritanceHash":""},{"PrincipalSID":"INHERITANCE.AD2025.LAN-S-1-5-32-544","PrincipalType":"Group","RightName":"WriteOwner","IsInherited":false,"InheritanceHash":""},{"PrincipalSID":"INHERITANCE.AD2025.LAN-S-1-5-32-544","PrincipalType":"Group","RightName":"GenericWrite","IsInherited":false,"InheritanceHash":""},{"PrincipalSID":"S-1-5-21-131110255-635260017-1229676798-512","PrincipalType":"Group","RightName":"WriteDacl","IsInherited":false,"InheritanceHash":""},{"PrincipalSID":"S-1-5-21-131110255-635260017-1229676798-512","PrincipalType":"Group","RightName":"WriteOwner","IsInherited":false,"InheritanceHash":""},{"PrincipalSID":"S-1-5-21-131110255-635260017-1229676798-512","PrincipalType":"Group","RightName":"GenericWrite","IsInherited":false,"InheritanceHash":""},{"PrincipalSID":"S-1-5-21-1753113456-3794003277-551465778-519","PrincipalType":"Group","RightName":"WriteDacl","IsInherited":false,"InheritanceHash":""},{"PrincipalSID":"S-1-5-21-1753113456-3794003277-551465778-519","PrincipalType":"Group","RightName":"WriteOwner","IsInherited":false,"InheritanceHash":""},{"PrincipalSID":"S-1-5-21-1753113456-3794003277-551465778-519","PrincipalType":"Group","RightName":"GenericWrite","IsInherited":false,"InheritanceHash":""}],"ObjectIdentifier":"S-1-5-21-131110255-635260017-1229676798-1116","IsDeleted":false,"IsACLProtected":true,"ContainedBy":{"ObjectIdentifier":"57991727-D0F5-4300-BBFA-B6B2F5DACC26","ObjectType":"OU"}},{"Properties":{"domain":"INHERITANCE.AD2025.LAN","name":"SD-DC2025-I1.INHERITANCE.AD2025.LAN","distinguishedname":"CN=SD-DC2025-I1,OU=DOMAIN CONTROLLERS,DC=INHERITANCE,DC=AD2025,DC=LAN","domainsid":"S-1-5-21-131110255-635260017-1229676798","samaccountname":"SD-DC2025-I1$","haslaps":false,"doesanyacegrantownerrights":false,"doesanyinheritedacegrantownerrights":false,"isaclprotected":false,"whencreated":1744669462,"enabled":true,"unconstraineddelegation":true,"trustedtoauth":false,"isdc":true,"encryptedtextpwdallowed":false,"usedeskeyonly":false,"logonscriptenabled":false,"lockedout":false,"passwordexpired":false,"supportedencryptiontypes":["RC4-HMAC-MD5","AES128-CTS-HMAC-SHA1-96","AES256-CTS-HMAC-SHA1-96"],"lastlogon":-1,"lastlogontimestamp":1746484706,"pwdlastset":1747276588,"serviceprincipalnames":["ldap/SD-DC2025-I1.Inheritance.AD2025.lan/DomainDnsZones.Inheritance.AD2025.lan","ldap/SD-DC2025-I1.Inheritance.AD2025.lan/ForestDnsZones.AD2025.lan","Dfsr-12F9A27C-BF97-4787-9364-D31B6C55EB04/SD-DC2025-I1.Inheritance.AD2025.lan","TERMSRV/SD-DC2025-I1","TERMSRV/SD-DC2025-I1.Inheritance.AD2025.lan","DNS/SD-DC2025-I1.Inheritance.AD2025.lan","GC/SD-DC2025-I1.Inheritance.AD2025.lan/AD2025.lan","RestrictedKrbHost/SD-DC2025-I1.Inheritance.AD2025.lan","RestrictedKrbHost/SD-DC2025-I1","RPC/d443242e-40f5-4343-98f0-5ce3ee20c449._msdcs.AD2025.lan","HOST/SD-DC2025-I1/INHERITANCE","HOST/SD-DC2025-I1.Inheritance.AD2025.lan/INHERITANCE","HOST/SD-DC2025-I1","HOST/SD-DC2025-I1.Inheritance.AD2025.lan","HOST/SD-DC2025-I1.Inheritance.AD2025.lan/Inheritance.AD2025.lan","E3514235-4B06-11D1-AB04-00C04FC2DCD2/d443242e-40f5-4343-98f0-5ce3ee20c449/Inheritance.AD2025.lan","ldap/SD-DC2025-I1/INHERITANCE","ldap/d443242e-40f5-4343-98f0-5ce3ee20c449._msdcs.AD2025.lan","ldap/SD-DC2025-I1.Inheritance.AD2025.lan/INHERITANCE","ldap/SD-DC2025-I1","ldap/SD-DC2025-I1.Inheritance.AD2025.lan","ldap/SD-DC2025-I1.Inheritance.AD2025.lan/Inheritance.AD2025.lan"],"email":null,"useraccountcontrol":532480,"operatingsystem":"Windows Server 2025 Standard","sidhistory":[],"ldapavailable":true,"ldapsavailable":true,"ldapsepa":true,"ldapsigning":true},"PrimaryGroupSID":"S-1-5-21-131110255-635260017-1229676798-516","AllowedToDelegate":[],"AllowedToAct":[],"HasSIDHistory":[],"DumpSMSAPassword":[],"Sessions":{"Results":[],"Collected":true,"FailureReason":null},"PrivilegedSessions":{"Results":[],"Collected":false,"FailureReason":null},"RegistrySessions":{"Results":[],"Collected":false,"FailureReason":null},"LocalGroups":[{"ObjectIdentifier":"INHERITANCE.AD2025.LAN-S-1-5-32-579","Name":"IGNOREME","Results":[],"LocalNames":[],"Collected":true,"FailureReason":null},{"ObjectIdentifier":"INHERITANCE.AD2025.LAN-S-1-5-32-580","Name":"IGNOREME","Results":[],"LocalNames":[],"Collected":true,"FailureReason":null},{"ObjectIdentifier":"INHERITANCE.AD2025.LAN-S-1-5-32-582","Name":"IGNOREME","Results":[],"LocalNames":[],"Collected":true,"FailureReason":null},{"ObjectIdentifier":"S-1-5-21-131110255-635260017-1229676798-1000-585","Name":"IGNOREME","Results":[],"LocalNames":[],"Collected":true,"FailureReason":null},{"ObjectIdentifier":"INHERITANCE.AD2025.LAN-S-1-5-32-549","Name":"IGNOREME","Results":[],"LocalNames":[],"Collected":true,"FailureReason":null},{"ObjectIdentifier":"INHERITANCE.AD2025.LAN-S-1-5-32-548","Name":"IGNOREME","Results":[{"ObjectIdentifier":"S-1-5-21-131110255-635260017-1229676798-1123","ObjectType":"User"},{"ObjectIdentifier":"S-1-5-21-131110255-635260017-1229676798-1139","ObjectType":"User"}],"LocalNames":[],"Collected":true,"FailureReason":null},{"ObjectIdentifier":"INHERITANCE.AD2025.LAN-S-1-5-32-554","Name":"IGNOREME","Results":[{"ObjectIdentifier":"INHERITANCE.AD2025.LAN-S-1-5-11","ObjectType":"Group"}],"LocalNames":[],"Collected":true,"FailureReason":null},{"ObjectIdentifier":"INHERITANCE.AD2025.LAN-S-1-5-32-560","Name":"IGNOREME","Results":[{"ObjectIdentifier":"AD2025.LAN-S-1-5-9","ObjectType":"Group"}],"LocalNames":[],"Collected":true,"FailureReason":null},{"ObjectIdentifier":"INHERITANCE.AD2025.LAN-S-1-5-32-561","Name":"IGNOREME","Results":[],"LocalNames":[],"Collected":true,"FailureReason":null},{"ObjectIdentifier":"INHERITANCE.AD2025.LAN-S-1-5-32-544","Name":"IGNOREME","Results":[{"ObjectIdentifier":"S-1-5-21-131110255-635260017-1229676798-500","ObjectType":"User"},{"ObjectIdentifier":"S-1-5-21-131110255-635260017-1229676798-512","ObjectType":"Group"},{"ObjectIdentifier":"S-1-5-21-1753113456-3794003277-551465778-519","ObjectType":"Group"}],"LocalNames":[],"Collected":true,"FailureReason":null},{"ObjectIdentifier":"INHERITANCE.AD2025.LAN-S-1-5-32-545","Name":"IGNOREME","Results":[{"ObjectIdentifier":"INHERITANCE.AD2025.LAN-S-1-5-11","ObjectType":"Group"},{"ObjectIdentifier":"S-1-5-21-131110255-635260017-1229676798-513","ObjectType":"Group"}],"LocalNames":[],"Collected":true,"FailureReason":null},{"ObjectIdentifier":"INHERITANCE.AD2025.LAN-S-1-5-32-546","Name":"IGNOREME","Results":[{"ObjectIdentifier":"S-1-5-21-131110255-635260017-1229676798-501","ObjectType":"User"},{"ObjectIdentifier":"S-1-5-21-131110255-635260017-1229676798-514","ObjectType":"Group"}],"LocalNames":[],"Collected":true,"FailureReason":null},{"ObjectIdentifier":"INHERITANCE.AD2025.LAN-S-1-5-32-550","Name":"IGNOREME","Results":[],"LocalNames":[],"Collected":true,"FailureReason":null},{"ObjectIdentifier":"INHERITANCE.AD2025.LAN-S-1-5-32-551","Name":"IGNOREME","Results":[],"LocalNames":[],"Collected":true,"FailureReason":null},{"ObjectIdentifier":"INHERITANCE.AD2025.LAN-S-1-5-32-552","Name":"IGNOREME","Results":[],"LocalNames":[],"Collected":true,"FailureReason":null},{"ObjectIdentifier":"INHERITANCE.AD2025.LAN-S-1-5-32-555","Name":"IGNOREME","Results":[],"LocalNames":[],"Collected":true,"FailureReason":null},{"ObjectIdentifier":"INHERITANCE.AD2025.LAN-S-1-5-32-556","Name":"IGNOREME","Results":[],"LocalNames":[],"Collected":true,"FailureReason":null},{"ObjectIdentifier":"INHERITANCE.AD2025.LAN-S-1-5-32-558","Name":"IGNOREME","Results":[],"LocalNames":[],"Collected":true,"FailureReason":null},{"ObjectIdentifier":"INHERITANCE.AD2025.LAN-S-1-5-32-559","Name":"IGNOREME","Results":[],"LocalNames":[],"Collected":true,"FailureReason":null},{"ObjectIdentifier":"INHERITANCE.AD2025.LAN-S-1-5-32-562","Name":"IGNOREME","Results":[],"LocalNames":[],"Collected":true,"FailureReason":null},{"ObjectIdentifier":"INHERITANCE.AD2025.LAN-S-1-5-32-568","Name":"IGNOREME","Results":[{"ObjectIdentifier":"INHERITANCE.AD2025.LAN-S-1-5-17","ObjectType":"User"}],"LocalNames":[],"Collected":true,"FailureReason":null},{"ObjectIdentifier":"INHERITANCE.AD2025.LAN-S-1-5-32-569","Name":"IGNOREME","Results":[],"LocalNames":[],"Collected":true,"FailureReason":null},{"ObjectIdentifier":"INHERITANCE.AD2025.LAN-S-1-5-32-573","Name":"IGNOREME","Results":[],"LocalNames":[],"Collected":true,"FailureReason":null},{"ObjectIdentifier":"INHERITANCE.AD2025.LAN-S-1-5-32-574","Name":"IGNOREME","Results":[],"LocalNames":[],"Collected":true,"FailureReason":null},{"ObjectIdentifier":"INHERITANCE.AD2025.LAN-S-1-5-32-575","Name":"IGNOREME","Results":[],"LocalNames":[],"Collected":true,"FailureReason":null},{"ObjectIdentifier":"INHERITANCE.AD2025.LAN-S-1-5-32-576","Name":"IGNOREME","Results":[],"LocalNames":[],"Collected":true,"FailureReason":null},{"ObjectIdentifier":"INHERITANCE.AD2025.LAN-S-1-5-32-577","Name":"IGNOREME","Results":[],"LocalNames":[],"Collected":true,"FailureReason":null},{"ObjectIdentifier":"INHERITANCE.AD2025.LAN-S-1-5-32-578","Name":"IGNOREME","Results":[],"LocalNames":[],"Collected":true,"FailureReason":null}],"UserRights":[],"DCRegistryData":{"CertificateMappingMethods":null,"StrongCertificateBindingEnforcement":null},"Status":null,"IsDC":true,"UnconstrainedDelegation":true,"DomainSID":"S-1-5-21-131110255-635260017-1229676798","IsWebClientRunning":{"Result":false,"Collected":true,"FailureReason":null},"SmbInfo":{"Result":{"SigningEnabled":true},"Collected":true,"FailureReason":null},"NtlmSessions":null,"NTLMRegistryData":null,"Aces":[{"PrincipalSID":"S-1-5-21-131110255-635260017-1229676798-512","PrincipalType":"Group","RightName":"Owns","IsInherited":false,"InheritanceHash":""},{"PrincipalSID":"S-1-5-21-131110255-635260017-1229676798-512","PrincipalType":"Group","RightName":"GenericAll","IsInherited":false,"InheritanceHash":""},{"PrincipalSID":"S-1-5-21-131110255-635260017-1229676798-512","PrincipalType":"Group","RightName":"WriteAccountRestrictions","IsInherited":false,"InheritanceHash":""},{"PrincipalSID":"S-1-5-21-131110255-635260017-1229676798-526","PrincipalType":"Group","RightName":"AddKeyCredentialLink","IsInherited":true,"InheritanceHash":"0ACFF150381E5DEE8F72FFBD1384F57DA3A92829"},{"PrincipalSID":"S-1-5-21-1753113456-3794003277-551465778-527","PrincipalType":"Group","RightName":"AddKeyCredentialLink","IsInherited":true,"InheritanceHash":"29A159C4519196D56DE81AB2D2CBFBA217FE45AC"},{"PrincipalSID":"S-1-5-21-1753113456-3794003277-551465778-519","PrincipalType":"Group","RightName":"GenericAll","IsInherited":true,"InheritanceHash":"442A95ACE7B67011EC7FD506E5CA03D909E7D99C"},{"PrincipalSID":"INHERITANCE.AD2025.LAN-S-1-5-32-544","PrincipalType":"Group","RightName":"WriteDacl","IsInherited":true,"InheritanceHash":"62C26D4FB3FF64505B03CDD35D648DFBC6C157CC"},{"PrincipalSID":"INHERITANCE.AD2025.LAN-S-1-5-32-544","PrincipalType":"Group","RightName":"WriteOwner","IsInherited":true,"InheritanceHash":"62C26D4FB3FF64505B03CDD35D648DFBC6C157CC"},{"PrincipalSID":"INHERITANCE.AD2025.LAN-S-1-5-32-544","PrincipalType":"Group","RightName":"GenericWrite","IsInherited":true,"InheritanceHash":"62C26D4FB3FF64505B03CDD35D648DFBC6C157CC"}],"ObjectIdentifier":"S-1-5-21-131110255-635260017-1229676798-1000","IsDeleted":false,"IsACLProtected":false,"ContainedBy":{"ObjectIdentifier":"4DCD60DA-6846-4241-B452-5A101504F2AC","ObjectType":"OU"}},{"Properties":{"domain":"INHERITANCE.AD2025.LAN","name":"SD-DC2025-I2.INHERITANCE.AD2025.LAN","distinguishedname":"CN=SD-DC2025-I2,OU=DOMAIN CONTROLLERS,DC=INHERITANCE,DC=AD2025,DC=LAN","domainsid":"S-1-5-21-131110255-635260017-1229676798","samaccountname":"SD-DC2025-I2$","haslaps":false,"doesanyacegrantownerrights":false,"doesanyinheritedacegrantownerrights":false,"isaclprotected":false,"whencreated":1744734500,"enabled":true,"unconstraineddelegation":true,"trustedtoauth":false,"isdc":true,"encryptedtextpwdallowed":false,"usedeskeyonly":false,"logonscriptenabled":false,"lockedout":false,"passwordexpired":false,"supportedencryptiontypes":["RC4-HMAC-MD5","AES128-CTS-HMAC-SHA1-96","AES256-CTS-HMAC-SHA1-96"],"lastlogon":1747345961,"lastlogontimestamp":1746548970,"pwdlastset":1744734500,"serviceprincipalnames":["DNS/SD-DC2025-I2.Inheritance.AD2025.lan","HOST/SD-DC2025-I2.Inheritance.AD2025.lan/INHERITANCE","RPC/ad0ca383-1e62-4228-9778-e99447bfaedf._msdcs.AD2025.lan","GC/SD-DC2025-I2.Inheritance.AD2025.lan/AD2025.lan","HOST/SD-DC2025-I2.Inheritance.AD2025.lan/Inheritance.AD2025.lan","HOST/SD-DC2025-I2/INHERITANCE","ldap/SD-DC2025-I2/INHERITANCE","ldap/ad0ca383-1e62-4228-9778-e99447bfaedf._msdcs.AD2025.lan","ldap/SD-DC2025-I2.Inheritance.AD2025.lan/INHERITANCE","ldap/SD-DC2025-I2","ldap/SD-DC2025-I2.Inheritance.AD2025.lan","ldap/SD-DC2025-I2.Inheritance.AD2025.lan/DomainDnsZones.Inheritance.AD2025.lan","ldap/SD-DC2025-I2.Inheritance.AD2025.lan/ForestDnsZones.AD2025.lan","ldap/SD-DC2025-I2.Inheritance.AD2025.lan/Inheritance.AD2025.lan","Dfsr-12F9A27C-BF97-4787-9364-D31B6C55EB04/SD-DC2025-I2.Inheritance.AD2025.lan","TERMSRV/SD-DC2025-I2","TERMSRV/SD-DC2025-I2.Inheritance.AD2025.lan","E3514235-4B06-11D1-AB04-00C04FC2DCD2/ad0ca383-1e62-4228-9778-e99447bfaedf/Inheritance.AD2025.lan","RestrictedKrbHost/SD-DC2025-I2","HOST/SD-DC2025-I2","RestrictedKrbHost/SD-DC2025-I2.Inheritance.AD2025.lan","HOST/SD-DC2025-I2.Inheritance.AD2025.lan"],"email":null,"useraccountcontrol":532480,"operatingsystem":"Windows Server 2025 Standard","sidhistory":[],"ldapavailable":true,"ldapsavailable":true,"ldapsepa":true,"ldapsigning":true},"PrimaryGroupSID":"S-1-5-21-131110255-635260017-1229676798-516","AllowedToDelegate":[],"AllowedToAct":[],"HasSIDHistory":[],"DumpSMSAPassword":[],"Sessions":{"Results":[],"Collected":true,"FailureReason":null},"PrivilegedSessions":{"Results":[],"Collected":false,"FailureReason":null},"RegistrySessions":{"Results":[],"Collected":false,"FailureReason":null},"LocalGroups":[{"ObjectIdentifier":"INHERITANCE.AD2025.LAN-S-1-5-32-544","Name":"IGNOREME","Results":[{"ObjectIdentifier":"S-1-5-21-131110255-635260017-1229676798-512","ObjectType":"Group"},{"ObjectIdentifier":"S-1-5-21-131110255-635260017-1229676798-500","ObjectType":"User"},{"ObjectIdentifier":"S-1-5-21-1753113456-3794003277-551465778-519","ObjectType":"Group"}],"LocalNames":[],"Collected":true,"FailureReason":null},{"ObjectIdentifier":"INHERITANCE.AD2025.LAN-S-1-5-32-545","Name":"IGNOREME","Results":[{"ObjectIdentifier":"S-1-5-21-131110255-635260017-1229676798-513","ObjectType":"Group"},{"ObjectIdentifier":"INHERITANCE.AD2025.LAN-S-1-5-11","ObjectType":"Group"}],"LocalNames":[],"Collected":true,"FailureReason":null},{"ObjectIdentifier":"INHERITANCE.AD2025.LAN-S-1-5-32-546","Name":"IGNOREME","Results":[{"ObjectIdentifier":"S-1-5-21-131110255-635260017-1229676798-501","ObjectType":"User"},{"ObjectIdentifier":"S-1-5-21-131110255-635260017-1229676798-514","ObjectType":"Group"}],"LocalNames":[],"Collected":true,"FailureReason":null},{"ObjectIdentifier":"INHERITANCE.AD2025.LAN-S-1-5-32-555","Name":"IGNOREME","Results":[],"LocalNames":[],"Collected":true,"FailureReason":null},{"ObjectIdentifier":"INHERITANCE.AD2025.LAN-S-1-5-32-556","Name":"IGNOREME","Results":[],"LocalNames":[],"Collected":true,"FailureReason":null},{"ObjectIdentifier":"INHERITANCE.AD2025.LAN-S-1-5-32-558","Name":"IGNOREME","Results":[],"LocalNames":[],"Collected":true,"FailureReason":null},{"ObjectIdentifier":"INHERITANCE.AD2025.LAN-S-1-5-32-559","Name":"IGNOREME","Results":[],"LocalNames":[],"Collected":true,"FailureReason":null},{"ObjectIdentifier":"INHERITANCE.AD2025.LAN-S-1-5-32-562","Name":"IGNOREME","Results":[],"LocalNames":[],"Collected":true,"FailureReason":null},{"ObjectIdentifier":"INHERITANCE.AD2025.LAN-S-1-5-32-568","Name":"IGNOREME","Results":[{"ObjectIdentifier":"INHERITANCE.AD2025.LAN-S-1-5-17","ObjectType":"User"}],"LocalNames":[],"Collected":true,"FailureReason":null},{"ObjectIdentifier":"INHERITANCE.AD2025.LAN-S-1-5-32-569","Name":"IGNOREME","Results":[],"LocalNames":[],"Collected":true,"FailureReason":null},{"ObjectIdentifier":"INHERITANCE.AD2025.LAN-S-1-5-32-573","Name":"IGNOREME","Results":[],"LocalNames":[],"Collected":true,"FailureReason":null},{"ObjectIdentifier":"INHERITANCE.AD2025.LAN-S-1-5-32-574","Name":"IGNOREME","Results":[],"LocalNames":[],"Collected":true,"FailureReason":null},{"ObjectIdentifier":"INHERITANCE.AD2025.LAN-S-1-5-32-575","Name":"IGNOREME","Results":[],"LocalNames":[],"Collected":true,"FailureReason":null},{"ObjectIdentifier":"INHERITANCE.AD2025.LAN-S-1-5-32-576","Name":"IGNOREME","Results":[],"LocalNames":[],"Collected":true,"FailureReason":null},{"ObjectIdentifier":"INHERITANCE.AD2025.LAN-S-1-5-32-577","Name":"IGNOREME","Results":[],"LocalNames":[],"Collected":true,"FailureReason":null},{"ObjectIdentifier":"INHERITANCE.AD2025.LAN-S-1-5-32-578","Name":"IGNOREME","Results":[],"LocalNames":[],"Collected":true,"FailureReason":null},{"ObjectIdentifier":"INHERITANCE.AD2025.LAN-S-1-5-32-579","Name":"IGNOREME","Results":[],"LocalNames":[],"Collected":true,"FailureReason":null},{"ObjectIdentifier":"INHERITANCE.AD2025.LAN-S-1-5-32-580","Name":"IGNOREME","Results":[],"LocalNames":[],"Collected":true,"FailureReason":null},{"ObjectIdentifier":"INHERITANCE.AD2025.LAN-S-1-5-32-582","Name":"IGNOREME","Results":[],"LocalNames":[],"Collected":true,"FailureReason":null},{"ObjectIdentifier":"S-1-5-21-131110255-635260017-1229676798-1108-585","Name":"IGNOREME","Results":[],"LocalNames":[],"Collected":true,"FailureReason":null},{"ObjectIdentifier":"INHERITANCE.AD2025.LAN-S-1-5-32-561","Name":"IGNOREME","Results":[],"LocalNames":[],"Collected":true,"FailureReason":null},{"ObjectIdentifier":"INHERITANCE.AD2025.LAN-S-1-5-32-554","Name":"IGNOREME","Results":[{"ObjectIdentifier":"INHERITANCE.AD2025.LAN-S-1-5-11","ObjectType":"Group"}],"LocalNames":[],"Collected":true,"FailureReason":null},{"ObjectIdentifier":"INHERITANCE.AD2025.LAN-S-1-5-32-560","Name":"IGNOREME","Results":[{"ObjectIdentifier":"AD2025.LAN-S-1-5-9","ObjectType":"Group"}],"LocalNames":[],"Collected":true,"FailureReason":null},{"ObjectIdentifier":"INHERITANCE.AD2025.LAN-S-1-5-32-550","Name":"IGNOREME","Results":[],"LocalNames":[],"Collected":true,"FailureReason":null},{"ObjectIdentifier":"INHERITANCE.AD2025.LAN-S-1-5-32-551","Name":"IGNOREME","Results":[],"LocalNames":[],"Collected":true,"FailureReason":null},{"ObjectIdentifier":"INHERITANCE.AD2025.LAN-S-1-5-32-548","Name":"IGNOREME","Results":[{"ObjectIdentifier":"S-1-5-21-131110255-635260017-1229676798-1123","ObjectType":"User"},{"ObjectIdentifier":"S-1-5-21-131110255-635260017-1229676798-1139","ObjectType":"User"}],"LocalNames":[],"Collected":true,"FailureReason":null},{"ObjectIdentifier":"INHERITANCE.AD2025.LAN-S-1-5-32-552","Name":"IGNOREME","Results":[],"LocalNames":[],"Collected":true,"FailureReason":null},{"ObjectIdentifier":"INHERITANCE.AD2025.LAN-S-1-5-32-549","Name":"IGNOREME","Results":[],"LocalNames":[],"Collected":true,"FailureReason":null}],"UserRights":[],"DCRegistryData":{"CertificateMappingMethods":null,"StrongCertificateBindingEnforcement":null},"Status":null,"IsDC":true,"UnconstrainedDelegation":true,"DomainSID":"S-1-5-21-131110255-635260017-1229676798","IsWebClientRunning":{"Result":false,"Collected":true,"FailureReason":null},"SmbInfo":{"Result":{"SigningEnabled":true},"Collected":true,"FailureReason":null},"NtlmSessions":null,"NTLMRegistryData":null,"Aces":[{"PrincipalSID":"S-1-5-21-131110255-635260017-1229676798-512","PrincipalType":"Group","RightName":"Owns","IsInherited":false,"InheritanceHash":""},{"PrincipalSID":"S-1-5-21-131110255-635260017-1229676798-512","PrincipalType":"Group","RightName":"GenericAll","IsInherited":false,"InheritanceHash":""},{"PrincipalSID":"S-1-5-21-131110255-635260017-1229676798-512","PrincipalType":"Group","RightName":"WriteAccountRestrictions","IsInherited":false,"InheritanceHash":""},{"PrincipalSID":"S-1-5-21-131110255-635260017-1229676798-526","PrincipalType":"Group","RightName":"AddKeyCredentialLink","IsInherited":true,"InheritanceHash":"0ACFF150381E5DEE8F72FFBD1384F57DA3A92829"},{"PrincipalSID":"S-1-5-21-1753113456-3794003277-551465778-527","PrincipalType":"Group","RightName":"AddKeyCredentialLink","IsInherited":true,"InheritanceHash":"29A159C4519196D56DE81AB2D2CBFBA217FE45AC"},{"PrincipalSID":"S-1-5-21-1753113456-3794003277-551465778-519","PrincipalType":"Group","RightName":"GenericAll","IsInherited":true,"InheritanceHash":"442A95ACE7B67011EC7FD506E5CA03D909E7D99C"},{"PrincipalSID":"INHERITANCE.AD2025.LAN-S-1-5-32-544","PrincipalType":"Group","RightName":"WriteDacl","IsInherited":true,"InheritanceHash":"62C26D4FB3FF64505B03CDD35D648DFBC6C157CC"},{"PrincipalSID":"INHERITANCE.AD2025.LAN-S-1-5-32-544","PrincipalType":"Group","RightName":"WriteOwner","IsInherited":true,"InheritanceHash":"62C26D4FB3FF64505B03CDD35D648DFBC6C157CC"},{"PrincipalSID":"INHERITANCE.AD2025.LAN-S-1-5-32-544","PrincipalType":"Group","RightName":"GenericWrite","IsInherited":true,"InheritanceHash":"62C26D4FB3FF64505B03CDD35D648DFBC6C157CC"}],"ObjectIdentifier":"S-1-5-21-131110255-635260017-1229676798-1108","IsDeleted":false,"IsACLProtected":false,"ContainedBy":{"ObjectIdentifier":"4DCD60DA-6846-4241-B452-5A101504F2AC","ObjectType":"OU"}}],"meta":{"methods":7107563,"type":"computers","count":3,"version":6,"collectorversion":"2.6.5.0"}}