{"data":[{"Properties":{"domain":"AD2003.LAN","name":"SD-DC2003.AD2003.LAN","distinguishedname":"CN=SD-DC2003,OU=DOMAIN CONTROLLERS,DC=AD2003,DC=LAN","domainsid":"S-1-5-21-3705551552-2303974601-1530748002","samaccountname":"SD-DC2003$","haslaps":false,"doesanyacegrantownerrights":false,"doesanyinheritedacegrantownerrights":false,"isaclprotected":false,"whencreated":1745262142,"enabled":true,"unconstraineddelegation":true,"trustedtoauth":false,"isdc":true,"encryptedtextpwdallowed":false,"usedeskeyonly":false,"logonscriptenabled":false,"lockedout":false,"passwordexpired":false,"supportedencryptiontypes":null,"lastlogon":1745902562,"lastlogontimestamp":-1,"pwdlastset":1745262169,"serviceprincipalnames":["NtFrs-88f5d2bd-b646-11d2-a6d3-00c04fc9b232/sd-dc2003.AD2003.lan","ldap/sd-dc2003.AD2003.lan/ForestDnsZones.AD2003.lan","GC/sd-dc2003.AD2003.lan/AD2003.lan","HOST/sd-dc2003.AD2003.lan/AD2003","HOST/SD-DC2003","HOST/sd-dc2003.AD2003.lan","HOST/sd-dc2003.AD2003.lan/AD2003.lan","E3514235-4B06-11D1-AB04-00C04FC2DCD2/858bf50a-9467-45e5-ab7d-aa368df9575e/AD2003.lan","ldap/858bf50a-9467-45e5-ab7d-aa368df9575e._msdcs.AD2003.lan","ldap/sd-dc2003.AD2003.lan/AD2003","ldap/SD-DC2003","ldap/sd-dc2003.AD2003.lan","ldap/sd-dc2003.AD2003.lan/DomainDnsZones.AD2003.lan","ldap/sd-dc2003.AD2003.lan/AD2003.lan","DNS/sd-dc2003.AD2003.lan"],"email":null,"useraccountcontrol":532480,"operatingsystem":"Windows Server 2003 Service Pack 1","sidhistory":[],"ldapavailable":true,"ldapsavailable":true,"ldapsepa":true,"ldapsigning":false},"PrimaryGroupSID":"S-1-5-21-3705551552-2303974601-1530748002-516","AllowedToDelegate":[],"AllowedToAct":[],"HasSIDHistory":[],"DumpSMSAPassword":[],"Sessions":{"Results":[],"Collected":false,"FailureReason":"53"},"PrivilegedSessions":{"Results":[],"Collected":false,"FailureReason":null},"RegistrySessions":{"Results":[],"Collected":false,"FailureReason":null},"LocalGroups":[],"UserRights":[],"DCRegistryData":{"CertificateMappingMethods":null,"StrongCertificateBindingEnforcement":null},"Status":null,"IsDC":true,"UnconstrainedDelegation":true,"DomainSID":"S-1-5-21-3705551552-2303974601-1530748002","IsWebClientRunning":{"Result":false,"Collected":false,"FailureReason":"System.Runtime.InteropServices.COMException (0x80070180): The specified domain either does not exist or could not be contacted.\r\n\r\n   at System.Runtime.InteropServices.Marshal.ThrowExceptionForHRInternal(Int32 errorCode, IntPtr errorInfo)\r\n   at SharpHoundCommonLib.Processors.WebClientServiceProcessor.TestPathExists(String path)\r\n   at SharpHoundCommonLib.Processors.WebClientServiceProcessor.<>c__DisplayClass15_0.<IsWebClientRunning>b__0()"},"SmbInfo":{"Result":{"SigningEnabled":true},"Collected":true,"FailureReason":null},"NtlmSessions":null,"NTLMRegistryData":null,"Aces":[{"PrincipalSID":"S-1-5-21-3705551552-2303974601-1530748002-512","PrincipalType":"Group","RightName":"Owns","IsInherited":false,"InheritanceHash":""},{"PrincipalSID":"S-1-5-21-3705551552-2303974601-1530748002-512","PrincipalType":"Group","RightName":"GenericAll","IsInherited":false,"InheritanceHash":""},{"PrincipalSID":"S-1-5-21-3705551552-2303974601-1530748002-512","PrincipalType":"Group","RightName":"WriteAccountRestrictions","IsInherited":false,"InheritanceHash":""},{"PrincipalSID":"AD2003.LAN-S-1-5-32-544","PrincipalType":"Group","RightName":"WriteDacl","IsInherited":true,"InheritanceHash":"62C26D4FB3FF64505B03CDD35D648DFBC6C157CC"},{"PrincipalSID":"AD2003.LAN-S-1-5-32-544","PrincipalType":"Group","RightName":"WriteOwner","IsInherited":true,"InheritanceHash":"62C26D4FB3FF64505B03CDD35D648DFBC6C157CC"},{"PrincipalSID":"AD2003.LAN-S-1-5-32-544","PrincipalType":"Group","RightName":"GenericWrite","IsInherited":true,"InheritanceHash":"62C26D4FB3FF64505B03CDD35D648DFBC6C157CC"},{"PrincipalSID":"S-1-5-21-3705551552-2303974601-1530748002-519","PrincipalType":"Group","RightName":"GenericAll","IsInherited":true,"InheritanceHash":"A5C47437BB0878E27D4ACA362C23E6B6C2D21759"}],"ObjectIdentifier":"S-1-5-21-3705551552-2303974601-1530748002-1003","IsDeleted":false,"IsACLProtected":false,"ContainedBy":{"ObjectIdentifier":"C93EA195-D4E9-49A7-ADBF-AC609FF4AB9A","ObjectType":"OU"}}],"meta":{"methods":7107563,"type":"computers","count":1,"version":6,"collectorversion":"2.6.5.0"}}