{"data":[{"Properties":{"domain":"AD2003.LAN","name":"TELNETCLIENTS@AD2003.LAN","distinguishedname":"CN=TELNETCLIENTS,CN=USERS,DC=AD2003,DC=LAN","domainsid":"S-1-5-21-3705551552-2303974601-1530748002","samaccountname":"TelnetClients","doesanyacegrantownerrights":false,"doesanyinheritedacegrantownerrights":false,"isaclprotected":false,"description":"Members of this group have access to Telnet Server on this system.","whencreated":1745262100,"admincount":false},"Members":[],"Aces":[{"PrincipalSID":"AD2003.LAN-S-1-5-32-544","PrincipalType":"Group","RightName":"Owns","IsInherited":false,"InheritanceHash":""},{"PrincipalSID":"AD2003.LAN-S-1-5-32-548","PrincipalType":"Group","RightName":"GenericAll","IsInherited":false,"InheritanceHash":""},{"PrincipalSID":"S-1-5-21-3705551552-2303974601-1530748002-512","PrincipalType":"Group","RightName":"GenericAll","IsInherited":false,"InheritanceHash":""},{"PrincipalSID":"AD2003.LAN-S-1-5-32-544","PrincipalType":"Group","RightName":"WriteDacl","IsInherited":true,"InheritanceHash":"62C26D4FB3FF64505B03CDD35D648DFBC6C157CC"},{"PrincipalSID":"AD2003.LAN-S-1-5-32-544","PrincipalType":"Group","RightName":"WriteOwner","IsInherited":true,"InheritanceHash":"62C26D4FB3FF64505B03CDD35D648DFBC6C157CC"},{"PrincipalSID":"AD2003.LAN-S-1-5-32-544","PrincipalType":"Group","RightName":"GenericWrite","IsInherited":true,"InheritanceHash":"62C26D4FB3FF64505B03CDD35D648DFBC6C157CC"},{"PrincipalSID":"S-1-5-21-3705551552-2303974601-1530748002-519","PrincipalType":"Group","RightName":"GenericAll","IsInherited":true,"InheritanceHash":"A5C47437BB0878E27D4ACA362C23E6B6C2D21759"}],"ObjectIdentifier":"S-1-5-21-3705551552-2303974601-1530748002-1002","IsDeleted":false,"IsACLProtected":false,"ContainedBy":{"ObjectIdentifier":"D889945B-7665-437D-B4F3-92B392B1D5D1","ObjectType":"Container"}},{"Properties":{"domain":"AD2003.LAN","name":"HELPSERVICESGROUP@AD2003.LAN","distinguishedname":"CN=HELPSERVICESGROUP,CN=USERS,DC=AD2003,DC=LAN","domainsid":"S-1-5-21-3705551552-2303974601-1530748002","samaccountname":"HelpServicesGroup","doesanyacegrantownerrights":false,"doesanyinheritedacegrantownerrights":false,"isaclprotected":false,"description":"Group for the Help and Support Center","whencreated":1745262100,"admincount":false},"Members":[{"ObjectIdentifier":"S-1-5-21-3705551552-2303974601-1530748002-1001","ObjectType":"User"}],"Aces":[{"PrincipalSID":"AD2003.LAN-S-1-5-32-544","PrincipalType":"Group","RightName":"Owns","IsInherited":false,"InheritanceHash":""},{"PrincipalSID":"AD2003.LAN-S-1-5-32-548","PrincipalType":"Group","RightName":"GenericAll","IsInherited":false,"InheritanceHash":""},{"PrincipalSID":"S-1-5-21-3705551552-2303974601-1530748002-512","PrincipalType":"Group","RightName":"GenericAll","IsInherited":false,"InheritanceHash":""},{"PrincipalSID":"AD2003.LAN-S-1-5-32-544","PrincipalType":"Group","RightName":"WriteDacl","IsInherited":true,"InheritanceHash":"62C26D4FB3FF64505B03CDD35D648DFBC6C157CC"},{"PrincipalSID":"AD2003.LAN-S-1-5-32-544","PrincipalType":"Group","RightName":"WriteOwner","IsInherited":true,"InheritanceHash":"62C26D4FB3FF64505B03CDD35D648DFBC6C157CC"},{"PrincipalSID":"AD2003.LAN-S-1-5-32-544","PrincipalType":"Group","RightName":"GenericWrite","IsInherited":true,"InheritanceHash":"62C26D4FB3FF64505B03CDD35D648DFBC6C157CC"},{"PrincipalSID":"S-1-5-21-3705551552-2303974601-1530748002-519","PrincipalType":"Group","RightName":"GenericAll","IsInherited":true,"InheritanceHash":"A5C47437BB0878E27D4ACA362C23E6B6C2D21759"}],"ObjectIdentifier":"S-1-5-21-3705551552-2303974601-1530748002-1000","IsDeleted":false,"IsACLProtected":false,"ContainedBy":{"ObjectIdentifier":"D889945B-7665-437D-B4F3-92B392B1D5D1","ObjectType":"Container"}},{"Properties":{"domain":"AD2003.LAN","name":"ADMINISTRATORS@AD2003.LAN","distinguishedname":"CN=ADMINISTRATORS,CN=BUILTIN,DC=AD2003,DC=LAN","domainsid":"S-1-5-21-3705551552-2303974601-1530748002","samaccountname":"Administrators","doesanyacegrantownerrights":false,"doesanyinheritedacegrantownerrights":false,"isaclprotected":true,"description":"Administrators have complete and unrestricted access to the computer/domain","whencreated":1745262100,"admincount":true},"Members":[{"ObjectIdentifier":"S-1-5-21-3705551552-2303974601-1530748002-512","ObjectType":"Group"},{"ObjectIdentifier":"S-1-5-21-3705551552-2303974601-1530748002-519","ObjectType":"Group"},{"ObjectIdentifier":"S-1-5-21-3705551552-2303974601-1530748002-500","ObjectType":"User"}],"Aces":[{"PrincipalSID":"S-1-5-21-3705551552-2303974601-1530748002-512","PrincipalType":"Group","RightName":"Owns","IsInherited":false,"InheritanceHash":""},{"PrincipalSID":"AD2003.LAN-S-1-5-32-544","PrincipalType":"Group","RightName":"WriteDacl","IsInherited":false,"InheritanceHash":""},{"PrincipalSID":"AD2003.LAN-S-1-5-32-544","PrincipalType":"Group","RightName":"WriteOwner","IsInherited":false,"InheritanceHash":""},{"PrincipalSID":"AD2003.LAN-S-1-5-32-544","PrincipalType":"Group","RightName":"GenericWrite","IsInherited":false,"InheritanceHash":""},{"PrincipalSID":"S-1-5-21-3705551552-2303974601-1530748002-512","PrincipalType":"Group","RightName":"WriteDacl","IsInherited":false,"InheritanceHash":""},{"PrincipalSID":"S-1-5-21-3705551552-2303974601-1530748002-512","PrincipalType":"Group","RightName":"WriteOwner","IsInherited":false,"InheritanceHash":""},{"PrincipalSID":"S-1-5-21-3705551552-2303974601-1530748002-512","PrincipalType":"Group","RightName":"GenericWrite","IsInherited":false,"InheritanceHash":""},{"PrincipalSID":"S-1-5-21-3705551552-2303974601-1530748002-519","PrincipalType":"Group","RightName":"WriteDacl","IsInherited":false,"InheritanceHash":""},{"PrincipalSID":"S-1-5-21-3705551552-2303974601-1530748002-519","PrincipalType":"Group","RightName":"WriteOwner","IsInherited":false,"InheritanceHash":""},{"PrincipalSID":"S-1-5-21-3705551552-2303974601-1530748002-519","PrincipalType":"Group","RightName":"GenericWrite","IsInherited":false,"InheritanceHash":""}],"ObjectIdentifier":"AD2003.LAN-S-1-5-32-544","IsDeleted":false,"IsACLProtected":true,"ContainedBy":{"ObjectIdentifier":"S-1-5-21-3705551552-2303974601-1530748002","ObjectType":"Domain"}},{"Properties":{"domain":"AD2003.LAN","name":"USERS@AD2003.LAN","distinguishedname":"CN=USERS,CN=BUILTIN,DC=AD2003,DC=LAN","domainsid":"S-1-5-21-3705551552-2303974601-1530748002","samaccountname":"Users","doesanyacegrantownerrights":false,"doesanyinheritedacegrantownerrights":false,"isaclprotected":false,"description":"Users are prevented from making accidental or intentional system-wide changes.  Thus, Users can run certified applications, but not most legacy applications","whencreated":1745262100,"admincount":false},"Members":[{"ObjectIdentifier":"S-1-5-21-3705551552-2303974601-1530748002-513","ObjectType":"Group"},{"ObjectIdentifier":"AD2003.LAN-S-1-5-11","ObjectType":"Group"},{"ObjectIdentifier":"AD2003.LAN-S-1-5-4","ObjectType":"Group"}],"Aces":[{"PrincipalSID":"AD2003.LAN-S-1-5-32-544","PrincipalType":"Group","RightName":"Owns","IsInherited":false,"InheritanceHash":""},{"PrincipalSID":"AD2003.LAN-S-1-5-32-548","PrincipalType":"Group","RightName":"GenericAll","IsInherited":false,"InheritanceHash":""},{"PrincipalSID":"S-1-5-21-3705551552-2303974601-1530748002-512","PrincipalType":"Group","RightName":"GenericAll","IsInherited":false,"InheritanceHash":""},{"PrincipalSID":"AD2003.LAN-S-1-5-32-544","PrincipalType":"Group","RightName":"WriteDacl","IsInherited":true,"InheritanceHash":"62C26D4FB3FF64505B03CDD35D648DFBC6C157CC"},{"PrincipalSID":"AD2003.LAN-S-1-5-32-544","PrincipalType":"Group","RightName":"WriteOwner","IsInherited":true,"InheritanceHash":"62C26D4FB3FF64505B03CDD35D648DFBC6C157CC"},{"PrincipalSID":"AD2003.LAN-S-1-5-32-544","PrincipalType":"Group","RightName":"GenericWrite","IsInherited":true,"InheritanceHash":"62C26D4FB3FF64505B03CDD35D648DFBC6C157CC"},{"PrincipalSID":"S-1-5-21-3705551552-2303974601-1530748002-519","PrincipalType":"Group","RightName":"GenericAll","IsInherited":true,"InheritanceHash":"A5C47437BB0878E27D4ACA362C23E6B6C2D21759"}],"ObjectIdentifier":"AD2003.LAN-S-1-5-32-545","IsDeleted":false,"IsACLProtected":false,"ContainedBy":{"ObjectIdentifier":"S-1-5-21-3705551552-2303974601-1530748002","ObjectType":"Domain"}},{"Properties":{"domain":"AD2003.LAN","name":"PRINT OPERATORS@AD2003.LAN","distinguishedname":"CN=PRINT OPERATORS,CN=BUILTIN,DC=AD2003,DC=LAN","domainsid":"S-1-5-21-3705551552-2303974601-1530748002","samaccountname":"Print Operators","doesanyacegrantownerrights":false,"doesanyinheritedacegrantownerrights":false,"isaclprotected":true,"description":"Members can administer domain printers","whencreated":1745262100,"admincount":true},"Members":[],"Aces":[{"PrincipalSID":"S-1-5-21-3705551552-2303974601-1530748002-512","PrincipalType":"Group","RightName":"Owns","IsInherited":false,"InheritanceHash":""},{"PrincipalSID":"AD2003.LAN-S-1-5-32-544","PrincipalType":"Group","RightName":"WriteDacl","IsInherited":false,"InheritanceHash":""},{"PrincipalSID":"AD2003.LAN-S-1-5-32-544","PrincipalType":"Group","RightName":"WriteOwner","IsInherited":false,"InheritanceHash":""},{"PrincipalSID":"AD2003.LAN-S-1-5-32-544","PrincipalType":"Group","RightName":"GenericWrite","IsInherited":false,"InheritanceHash":""},{"PrincipalSID":"S-1-5-21-3705551552-2303974601-1530748002-512","PrincipalType":"Group","RightName":"WriteDacl","IsInherited":false,"InheritanceHash":""},{"PrincipalSID":"S-1-5-21-3705551552-2303974601-1530748002-512","PrincipalType":"Group","RightName":"WriteOwner","IsInherited":false,"InheritanceHash":""},{"PrincipalSID":"S-1-5-21-3705551552-2303974601-1530748002-512","PrincipalType":"Group","RightName":"GenericWrite","IsInherited":false,"InheritanceHash":""},{"PrincipalSID":"S-1-5-21-3705551552-2303974601-1530748002-519","PrincipalType":"Group","RightName":"WriteDacl","IsInherited":false,"InheritanceHash":""},{"PrincipalSID":"S-1-5-21-3705551552-2303974601-1530748002-519","PrincipalType":"Group","RightName":"WriteOwner","IsInherited":false,"InheritanceHash":""},{"PrincipalSID":"S-1-5-21-3705551552-2303974601-1530748002-519","PrincipalType":"Group","RightName":"GenericWrite","IsInherited":false,"InheritanceHash":""}],"ObjectIdentifier":"AD2003.LAN-S-1-5-32-550","IsDeleted":false,"IsACLProtected":true,"ContainedBy":{"ObjectIdentifier":"S-1-5-21-3705551552-2303974601-1530748002","ObjectType":"Domain"}},{"Properties":{"domain":"AD2003.LAN","name":"GUESTS@AD2003.LAN","distinguishedname":"CN=GUESTS,CN=BUILTIN,DC=AD2003,DC=LAN","domainsid":"S-1-5-21-3705551552-2303974601-1530748002","samaccountname":"Guests","doesanyacegrantownerrights":false,"doesanyinheritedacegrantownerrights":false,"isaclprotected":false,"description":"Guests have the same access as members of the Users group by default, except for the Guest account which is further restricted","whencreated":1745262100,"admincount":false},"Members":[{"ObjectIdentifier":"S-1-5-21-3705551552-2303974601-1530748002-514","ObjectType":"Group"},{"ObjectIdentifier":"S-1-5-21-3705551552-2303974601-1530748002-501","ObjectType":"User"}],"Aces":[{"PrincipalSID":"AD2003.LAN-S-1-5-32-544","PrincipalType":"Group","RightName":"Owns","IsInherited":false,"InheritanceHash":""},{"PrincipalSID":"AD2003.LAN-S-1-5-32-548","PrincipalType":"Group","RightName":"GenericAll","IsInherited":false,"InheritanceHash":""},{"PrincipalSID":"S-1-5-21-3705551552-2303974601-1530748002-512","PrincipalType":"Group","RightName":"GenericAll","IsInherited":false,"InheritanceHash":""},{"PrincipalSID":"AD2003.LAN-S-1-5-32-544","PrincipalType":"Group","RightName":"WriteDacl","IsInherited":true,"InheritanceHash":"62C26D4FB3FF64505B03CDD35D648DFBC6C157CC"},{"PrincipalSID":"AD2003.LAN-S-1-5-32-544","PrincipalType":"Group","RightName":"WriteOwner","IsInherited":true,"InheritanceHash":"62C26D4FB3FF64505B03CDD35D648DFBC6C157CC"},{"PrincipalSID":"AD2003.LAN-S-1-5-32-544","PrincipalType":"Group","RightName":"GenericWrite","IsInherited":true,"InheritanceHash":"62C26D4FB3FF64505B03CDD35D648DFBC6C157CC"},{"PrincipalSID":"S-1-5-21-3705551552-2303974601-1530748002-519","PrincipalType":"Group","RightName":"GenericAll","IsInherited":true,"InheritanceHash":"A5C47437BB0878E27D4ACA362C23E6B6C2D21759"}],"ObjectIdentifier":"AD2003.LAN-S-1-5-32-546","IsDeleted":false,"IsACLProtected":false,"ContainedBy":{"ObjectIdentifier":"S-1-5-21-3705551552-2303974601-1530748002","ObjectType":"Domain"}},{"Properties":{"domain":"AD2003.LAN","name":"REPLICATORS@AD2003.LAN","distinguishedname":"CN=REPLICATOR,CN=BUILTIN,DC=AD2003,DC=LAN","domainsid":"S-1-5-21-3705551552-2303974601-1530748002","samaccountname":"Replicator","doesanyacegrantownerrights":false,"doesanyinheritedacegrantownerrights":false,"isaclprotected":true,"description":"Supports file replication in a domain","whencreated":1745262100,"admincount":true},"Members":[],"Aces":[{"PrincipalSID":"S-1-5-21-3705551552-2303974601-1530748002-512","PrincipalType":"Group","RightName":"Owns","IsInherited":false,"InheritanceHash":""},{"PrincipalSID":"AD2003.LAN-S-1-5-32-544","PrincipalType":"Group","RightName":"WriteDacl","IsInherited":false,"InheritanceHash":""},{"PrincipalSID":"AD2003.LAN-S-1-5-32-544","PrincipalType":"Group","RightName":"WriteOwner","IsInherited":false,"InheritanceHash":""},{"PrincipalSID":"AD2003.LAN-S-1-5-32-544","PrincipalType":"Group","RightName":"GenericWrite","IsInherited":false,"InheritanceHash":""},{"PrincipalSID":"S-1-5-21-3705551552-2303974601-1530748002-512","PrincipalType":"Group","RightName":"WriteDacl","IsInherited":false,"InheritanceHash":""},{"PrincipalSID":"S-1-5-21-3705551552-2303974601-1530748002-512","PrincipalType":"Group","RightName":"WriteOwner","IsInherited":false,"InheritanceHash":""},{"PrincipalSID":"S-1-5-21-3705551552-2303974601-1530748002-512","PrincipalType":"Group","RightName":"GenericWrite","IsInherited":false,"InheritanceHash":""},{"PrincipalSID":"S-1-5-21-3705551552-2303974601-1530748002-519","PrincipalType":"Group","RightName":"WriteDacl","IsInherited":false,"InheritanceHash":""},{"PrincipalSID":"S-1-5-21-3705551552-2303974601-1530748002-519","PrincipalType":"Group","RightName":"WriteOwner","IsInherited":false,"InheritanceHash":""},{"PrincipalSID":"S-1-5-21-3705551552-2303974601-1530748002-519","PrincipalType":"Group","RightName":"GenericWrite","IsInherited":false,"InheritanceHash":""}],"ObjectIdentifier":"AD2003.LAN-S-1-5-32-552","IsDeleted":false,"IsACLProtected":true,"ContainedBy":{"ObjectIdentifier":"S-1-5-21-3705551552-2303974601-1530748002","ObjectType":"Domain"}},{"Properties":{"domain":"AD2003.LAN","name":"REMOTE DESKTOP USERS@AD2003.LAN","distinguishedname":"CN=REMOTE DESKTOP USERS,CN=BUILTIN,DC=AD2003,DC=LAN","domainsid":"S-1-5-21-3705551552-2303974601-1530748002","samaccountname":"Remote Desktop Users","doesanyacegrantownerrights":false,"doesanyinheritedacegrantownerrights":false,"isaclprotected":false,"description":"Members in this group are granted the right to logon remotely","whencreated":1745262100,"admincount":false},"Members":[],"Aces":[{"PrincipalSID":"AD2003.LAN-S-1-5-32-544","PrincipalType":"Group","RightName":"Owns","IsInherited":false,"InheritanceHash":""},{"PrincipalSID":"AD2003.LAN-S-1-5-32-548","PrincipalType":"Group","RightName":"GenericAll","IsInherited":false,"InheritanceHash":""},{"PrincipalSID":"S-1-5-21-3705551552-2303974601-1530748002-512","PrincipalType":"Group","RightName":"GenericAll","IsInherited":false,"InheritanceHash":""},{"PrincipalSID":"AD2003.LAN-S-1-5-32-544","PrincipalType":"Group","RightName":"WriteDacl","IsInherited":true,"InheritanceHash":"62C26D4FB3FF64505B03CDD35D648DFBC6C157CC"},{"PrincipalSID":"AD2003.LAN-S-1-5-32-544","PrincipalType":"Group","RightName":"WriteOwner","IsInherited":true,"InheritanceHash":"62C26D4FB3FF64505B03CDD35D648DFBC6C157CC"},{"PrincipalSID":"AD2003.LAN-S-1-5-32-544","PrincipalType":"Group","RightName":"GenericWrite","IsInherited":true,"InheritanceHash":"62C26D4FB3FF64505B03CDD35D648DFBC6C157CC"},{"PrincipalSID":"S-1-5-21-3705551552-2303974601-1530748002-519","PrincipalType":"Group","RightName":"GenericAll","IsInherited":true,"InheritanceHash":"A5C47437BB0878E27D4ACA362C23E6B6C2D21759"}],"ObjectIdentifier":"AD2003.LAN-S-1-5-32-555","IsDeleted":false,"IsACLProtected":false,"ContainedBy":{"ObjectIdentifier":"S-1-5-21-3705551552-2303974601-1530748002","ObjectType":"Domain"}},{"Properties":{"domain":"AD2003.LAN","name":"NETWORK CONFIGURATION OPERATORS@AD2003.LAN","distinguishedname":"CN=NETWORK CONFIGURATION OPERATORS,CN=BUILTIN,DC=AD2003,DC=LAN","domainsid":"S-1-5-21-3705551552-2303974601-1530748002","samaccountname":"Network Configuration Operators","doesanyacegrantownerrights":false,"doesanyinheritedacegrantownerrights":false,"isaclprotected":false,"description":"Members in this group can have some administrative privileges to manage configuration of networking features","whencreated":1745262100,"admincount":false},"Members":[],"Aces":[{"PrincipalSID":"AD2003.LAN-S-1-5-32-544","PrincipalType":"Group","RightName":"Owns","IsInherited":false,"InheritanceHash":""},{"PrincipalSID":"AD2003.LAN-S-1-5-32-548","PrincipalType":"Group","RightName":"GenericAll","IsInherited":false,"InheritanceHash":""},{"PrincipalSID":"S-1-5-21-3705551552-2303974601-1530748002-512","PrincipalType":"Group","RightName":"GenericAll","IsInherited":false,"InheritanceHash":""},{"PrincipalSID":"AD2003.LAN-S-1-5-32-544","PrincipalType":"Group","RightName":"WriteDacl","IsInherited":true,"InheritanceHash":"62C26D4FB3FF64505B03CDD35D648DFBC6C157CC"},{"PrincipalSID":"AD2003.LAN-S-1-5-32-544","PrincipalType":"Group","RightName":"WriteOwner","IsInherited":true,"InheritanceHash":"62C26D4FB3FF64505B03CDD35D648DFBC6C157CC"},{"PrincipalSID":"AD2003.LAN-S-1-5-32-544","PrincipalType":"Group","RightName":"GenericWrite","IsInherited":true,"InheritanceHash":"62C26D4FB3FF64505B03CDD35D648DFBC6C157CC"},{"PrincipalSID":"S-1-5-21-3705551552-2303974601-1530748002-519","PrincipalType":"Group","RightName":"GenericAll","IsInherited":true,"InheritanceHash":"A5C47437BB0878E27D4ACA362C23E6B6C2D21759"}],"ObjectIdentifier":"AD2003.LAN-S-1-5-32-556","IsDeleted":false,"IsACLProtected":false,"ContainedBy":{"ObjectIdentifier":"S-1-5-21-3705551552-2303974601-1530748002","ObjectType":"Domain"}},{"Properties":{"domain":"AD2003.LAN","name":"PERFORMANCE MONITOR USERS@AD2003.LAN","distinguishedname":"CN=PERFORMANCE MONITOR USERS,CN=BUILTIN,DC=AD2003,DC=LAN","domainsid":"S-1-5-21-3705551552-2303974601-1530748002","samaccountname":"Performance Monitor Users","doesanyacegrantownerrights":false,"doesanyinheritedacegrantownerrights":false,"isaclprotected":false,"description":"Members of this group have remote access to monitor this computer","whencreated":1745262100,"admincount":false},"Members":[],"Aces":[{"PrincipalSID":"AD2003.LAN-S-1-5-32-544","PrincipalType":"Group","RightName":"Owns","IsInherited":false,"InheritanceHash":""},{"PrincipalSID":"AD2003.LAN-S-1-5-32-548","PrincipalType":"Group","RightName":"GenericAll","IsInherited":false,"InheritanceHash":""},{"PrincipalSID":"S-1-5-21-3705551552-2303974601-1530748002-512","PrincipalType":"Group","RightName":"GenericAll","IsInherited":false,"InheritanceHash":""},{"PrincipalSID":"AD2003.LAN-S-1-5-32-544","PrincipalType":"Group","RightName":"WriteDacl","IsInherited":true,"InheritanceHash":"62C26D4FB3FF64505B03CDD35D648DFBC6C157CC"},{"PrincipalSID":"AD2003.LAN-S-1-5-32-544","PrincipalType":"Group","RightName":"WriteOwner","IsInherited":true,"InheritanceHash":"62C26D4FB3FF64505B03CDD35D648DFBC6C157CC"},{"PrincipalSID":"AD2003.LAN-S-1-5-32-544","PrincipalType":"Group","RightName":"GenericWrite","IsInherited":true,"InheritanceHash":"62C26D4FB3FF64505B03CDD35D648DFBC6C157CC"},{"PrincipalSID":"S-1-5-21-3705551552-2303974601-1530748002-519","PrincipalType":"Group","RightName":"GenericAll","IsInherited":true,"InheritanceHash":"A5C47437BB0878E27D4ACA362C23E6B6C2D21759"}],"ObjectIdentifier":"AD2003.LAN-S-1-5-32-558","IsDeleted":false,"IsACLProtected":false,"ContainedBy":{"ObjectIdentifier":"S-1-5-21-3705551552-2303974601-1530748002","ObjectType":"Domain"}},{"Properties":{"domain":"AD2003.LAN","name":"DISTRIBUTED COM USERS@AD2003.LAN","distinguishedname":"CN=DISTRIBUTED COM USERS,CN=BUILTIN,DC=AD2003,DC=LAN","domainsid":"S-1-5-21-3705551552-2303974601-1530748002","samaccountname":"Distributed COM Users","doesanyacegrantownerrights":false,"doesanyinheritedacegrantownerrights":false,"isaclprotected":false,"description":"Members are allowed to launch, activate and use Distributed COM objects on this machine.","whencreated":1745262100,"admincount":false},"Members":[],"Aces":[{"PrincipalSID":"AD2003.LAN-S-1-5-32-544","PrincipalType":"Group","RightName":"Owns","IsInherited":false,"InheritanceHash":""},{"PrincipalSID":"AD2003.LAN-S-1-5-32-548","PrincipalType":"Group","RightName":"GenericAll","IsInherited":false,"InheritanceHash":""},{"PrincipalSID":"S-1-5-21-3705551552-2303974601-1530748002-512","PrincipalType":"Group","RightName":"GenericAll","IsInherited":false,"InheritanceHash":""},{"PrincipalSID":"AD2003.LAN-S-1-5-32-544","PrincipalType":"Group","RightName":"WriteDacl","IsInherited":true,"InheritanceHash":"62C26D4FB3FF64505B03CDD35D648DFBC6C157CC"},{"PrincipalSID":"AD2003.LAN-S-1-5-32-544","PrincipalType":"Group","RightName":"WriteOwner","IsInherited":true,"InheritanceHash":"62C26D4FB3FF64505B03CDD35D648DFBC6C157CC"},{"PrincipalSID":"AD2003.LAN-S-1-5-32-544","PrincipalType":"Group","RightName":"GenericWrite","IsInherited":true,"InheritanceHash":"62C26D4FB3FF64505B03CDD35D648DFBC6C157CC"},{"PrincipalSID":"S-1-5-21-3705551552-2303974601-1530748002-519","PrincipalType":"Group","RightName":"GenericAll","IsInherited":true,"InheritanceHash":"A5C47437BB0878E27D4ACA362C23E6B6C2D21759"}],"ObjectIdentifier":"AD2003.LAN-S-1-5-32-562","IsDeleted":false,"IsACLProtected":false,"ContainedBy":{"ObjectIdentifier":"S-1-5-21-3705551552-2303974601-1530748002","ObjectType":"Domain"}},{"Properties":{"domain":"AD2003.LAN","name":"BACKUP OPERATORS@AD2003.LAN","distinguishedname":"CN=BACKUP OPERATORS,CN=BUILTIN,DC=AD2003,DC=LAN","domainsid":"S-1-5-21-3705551552-2303974601-1530748002","samaccountname":"Backup Operators","doesanyacegrantownerrights":false,"doesanyinheritedacegrantownerrights":false,"isaclprotected":true,"description":"Backup Operators can override security restrictions for the sole purpose of backing up or restoring files","whencreated":1745262100,"admincount":true},"Members":[],"Aces":[{"PrincipalSID":"S-1-5-21-3705551552-2303974601-1530748002-512","PrincipalType":"Group","RightName":"Owns","IsInherited":false,"InheritanceHash":""},{"PrincipalSID":"AD2003.LAN-S-1-5-32-544","PrincipalType":"Group","RightName":"WriteDacl","IsInherited":false,"InheritanceHash":""},{"PrincipalSID":"AD2003.LAN-S-1-5-32-544","PrincipalType":"Group","RightName":"WriteOwner","IsInherited":false,"InheritanceHash":""},{"PrincipalSID":"AD2003.LAN-S-1-5-32-544","PrincipalType":"Group","RightName":"GenericWrite","IsInherited":false,"InheritanceHash":""},{"PrincipalSID":"S-1-5-21-3705551552-2303974601-1530748002-512","PrincipalType":"Group","RightName":"WriteDacl","IsInherited":false,"InheritanceHash":""},{"PrincipalSID":"S-1-5-21-3705551552-2303974601-1530748002-512","PrincipalType":"Group","RightName":"WriteOwner","IsInherited":false,"InheritanceHash":""},{"PrincipalSID":"S-1-5-21-3705551552-2303974601-1530748002-512","PrincipalType":"Group","RightName":"GenericWrite","IsInherited":false,"InheritanceHash":""},{"PrincipalSID":"S-1-5-21-3705551552-2303974601-1530748002-519","PrincipalType":"Group","RightName":"WriteDacl","IsInherited":false,"InheritanceHash":""},{"PrincipalSID":"S-1-5-21-3705551552-2303974601-1530748002-519","PrincipalType":"Group","RightName":"WriteOwner","IsInherited":false,"InheritanceHash":""},{"PrincipalSID":"S-1-5-21-3705551552-2303974601-1530748002-519","PrincipalType":"Group","RightName":"GenericWrite","IsInherited":false,"InheritanceHash":""}],"ObjectIdentifier":"AD2003.LAN-S-1-5-32-551","IsDeleted":false,"IsACLProtected":true,"ContainedBy":{"ObjectIdentifier":"S-1-5-21-3705551552-2303974601-1530748002","ObjectType":"Domain"}},{"Properties":{"domain":"AD2003.LAN","name":"CERT PUBLISHERS@AD2003.LAN","distinguishedname":"CN=CERT PUBLISHERS,CN=USERS,DC=AD2003,DC=LAN","domainsid":"S-1-5-21-3705551552-2303974601-1530748002","samaccountname":"Cert Publishers","doesanyacegrantownerrights":false,"doesanyinheritedacegrantownerrights":false,"isaclprotected":false,"description":"Members of this group are permitted to publish certificates to the Active Directory","whencreated":1745262142,"admincount":false},"Members":[],"Aces":[{"PrincipalSID":"S-1-5-21-3705551552-2303974601-1530748002-512","PrincipalType":"Group","RightName":"Owns","IsInherited":false,"InheritanceHash":""},{"PrincipalSID":"AD2003.LAN-S-1-5-32-548","PrincipalType":"Group","RightName":"GenericAll","IsInherited":false,"InheritanceHash":""},{"PrincipalSID":"S-1-5-21-3705551552-2303974601-1530748002-512","PrincipalType":"Group","RightName":"GenericAll","IsInherited":false,"InheritanceHash":""},{"PrincipalSID":"AD2003.LAN-S-1-5-32-544","PrincipalType":"Group","RightName":"WriteDacl","IsInherited":true,"InheritanceHash":"62C26D4FB3FF64505B03CDD35D648DFBC6C157CC"},{"PrincipalSID":"AD2003.LAN-S-1-5-32-544","PrincipalType":"Group","RightName":"WriteOwner","IsInherited":true,"InheritanceHash":"62C26D4FB3FF64505B03CDD35D648DFBC6C157CC"},{"PrincipalSID":"AD2003.LAN-S-1-5-32-544","PrincipalType":"Group","RightName":"GenericWrite","IsInherited":true,"InheritanceHash":"62C26D4FB3FF64505B03CDD35D648DFBC6C157CC"},{"PrincipalSID":"S-1-5-21-3705551552-2303974601-1530748002-519","PrincipalType":"Group","RightName":"GenericAll","IsInherited":true,"InheritanceHash":"A5C47437BB0878E27D4ACA362C23E6B6C2D21759"}],"ObjectIdentifier":"S-1-5-21-3705551552-2303974601-1530748002-517","IsDeleted":false,"IsACLProtected":false,"ContainedBy":{"ObjectIdentifier":"D889945B-7665-437D-B4F3-92B392B1D5D1","ObjectType":"Container"}},{"Properties":{"domain":"AD2003.LAN","name":"PERFORMANCE LOG USERS@AD2003.LAN","distinguishedname":"CN=PERFORMANCE LOG USERS,CN=BUILTIN,DC=AD2003,DC=LAN","domainsid":"S-1-5-21-3705551552-2303974601-1530748002","samaccountname":"Performance Log Users","doesanyacegrantownerrights":false,"doesanyinheritedacegrantownerrights":false,"isaclprotected":false,"description":"Members of this group have remote access to schedule logging of performance counters on this computer","whencreated":1745262100,"admincount":false},"Members":[{"ObjectIdentifier":"AD2003.LAN-S-1-5-20","ObjectType":"User"}],"Aces":[{"PrincipalSID":"AD2003.LAN-S-1-5-32-544","PrincipalType":"Group","RightName":"Owns","IsInherited":false,"InheritanceHash":""},{"PrincipalSID":"AD2003.LAN-S-1-5-32-548","PrincipalType":"Group","RightName":"GenericAll","IsInherited":false,"InheritanceHash":""},{"PrincipalSID":"S-1-5-21-3705551552-2303974601-1530748002-512","PrincipalType":"Group","RightName":"GenericAll","IsInherited":false,"InheritanceHash":""},{"PrincipalSID":"AD2003.LAN-S-1-5-32-544","PrincipalType":"Group","RightName":"WriteDacl","IsInherited":true,"InheritanceHash":"62C26D4FB3FF64505B03CDD35D648DFBC6C157CC"},{"PrincipalSID":"AD2003.LAN-S-1-5-32-544","PrincipalType":"Group","RightName":"WriteOwner","IsInherited":true,"InheritanceHash":"62C26D4FB3FF64505B03CDD35D648DFBC6C157CC"},{"PrincipalSID":"AD2003.LAN-S-1-5-32-544","PrincipalType":"Group","RightName":"GenericWrite","IsInherited":true,"InheritanceHash":"62C26D4FB3FF64505B03CDD35D648DFBC6C157CC"},{"PrincipalSID":"S-1-5-21-3705551552-2303974601-1530748002-519","PrincipalType":"Group","RightName":"GenericAll","IsInherited":true,"InheritanceHash":"A5C47437BB0878E27D4ACA362C23E6B6C2D21759"}],"ObjectIdentifier":"AD2003.LAN-S-1-5-32-559","IsDeleted":false,"IsACLProtected":false,"ContainedBy":{"ObjectIdentifier":"S-1-5-21-3705551552-2303974601-1530748002","ObjectType":"Domain"}},{"Properties":{"domain":"AD2003.LAN","name":"ACCOUNT OPERATORS@AD2003.LAN","distinguishedname":"CN=ACCOUNT OPERATORS,CN=BUILTIN,DC=AD2003,DC=LAN","domainsid":"S-1-5-21-3705551552-2303974601-1530748002","samaccountname":"Account Operators","doesanyacegrantownerrights":false,"doesanyinheritedacegrantownerrights":false,"isaclprotected":true,"description":"Members can administer domain user and group accounts","whencreated":1745262142,"admincount":true},"Members":[],"Aces":[{"PrincipalSID":"S-1-5-21-3705551552-2303974601-1530748002-512","PrincipalType":"Group","RightName":"Owns","IsInherited":false,"InheritanceHash":""},{"PrincipalSID":"AD2003.LAN-S-1-5-32-544","PrincipalType":"Group","RightName":"WriteDacl","IsInherited":false,"InheritanceHash":""},{"PrincipalSID":"AD2003.LAN-S-1-5-32-544","PrincipalType":"Group","RightName":"WriteOwner","IsInherited":false,"InheritanceHash":""},{"PrincipalSID":"AD2003.LAN-S-1-5-32-544","PrincipalType":"Group","RightName":"GenericWrite","IsInherited":false,"InheritanceHash":""},{"PrincipalSID":"S-1-5-21-3705551552-2303974601-1530748002-512","PrincipalType":"Group","RightName":"WriteDacl","IsInherited":false,"InheritanceHash":""},{"PrincipalSID":"S-1-5-21-3705551552-2303974601-1530748002-512","PrincipalType":"Group","RightName":"WriteOwner","IsInherited":false,"InheritanceHash":""},{"PrincipalSID":"S-1-5-21-3705551552-2303974601-1530748002-512","PrincipalType":"Group","RightName":"GenericWrite","IsInherited":false,"InheritanceHash":""},{"PrincipalSID":"S-1-5-21-3705551552-2303974601-1530748002-519","PrincipalType":"Group","RightName":"WriteDacl","IsInherited":false,"InheritanceHash":""},{"PrincipalSID":"S-1-5-21-3705551552-2303974601-1530748002-519","PrincipalType":"Group","RightName":"WriteOwner","IsInherited":false,"InheritanceHash":""},{"PrincipalSID":"S-1-5-21-3705551552-2303974601-1530748002-519","PrincipalType":"Group","RightName":"GenericWrite","IsInherited":false,"InheritanceHash":""}],"ObjectIdentifier":"AD2003.LAN-S-1-5-32-548","IsDeleted":false,"IsACLProtected":true,"ContainedBy":{"ObjectIdentifier":"S-1-5-21-3705551552-2303974601-1530748002","ObjectType":"Domain"}},{"Properties":{"domain":"AD2003.LAN","name":"PRE-WINDOWS 2000 COMPATIBLE ACCESS@AD2003.LAN","distinguishedname":"CN=PRE-WINDOWS 2000 COMPATIBLE ACCESS,CN=BUILTIN,DC=AD2003,DC=LAN","domainsid":"S-1-5-21-3705551552-2303974601-1530748002","samaccountname":"Pre-Windows 2000 Compatible Access","doesanyacegrantownerrights":false,"doesanyinheritedacegrantownerrights":false,"isaclprotected":false,"description":"A backward compatibility group which allows read access on all users and groups in the domain","whencreated":1745262142,"admincount":false},"Members":[{"ObjectIdentifier":"AD2003.LAN-S-1-5-11","ObjectType":"Group"}],"Aces":[{"PrincipalSID":"S-1-5-21-3705551552-2303974601-1530748002-512","PrincipalType":"Group","RightName":"Owns","IsInherited":false,"InheritanceHash":""},{"PrincipalSID":"AD2003.LAN-S-1-5-32-548","PrincipalType":"Group","RightName":"GenericAll","IsInherited":false,"InheritanceHash":""},{"PrincipalSID":"S-1-5-21-3705551552-2303974601-1530748002-512","PrincipalType":"Group","RightName":"GenericAll","IsInherited":false,"InheritanceHash":""},{"PrincipalSID":"AD2003.LAN-S-1-5-32-544","PrincipalType":"Group","RightName":"WriteDacl","IsInherited":true,"InheritanceHash":"62C26D4FB3FF64505B03CDD35D648DFBC6C157CC"},{"PrincipalSID":"AD2003.LAN-S-1-5-32-544","PrincipalType":"Group","RightName":"WriteOwner","IsInherited":true,"InheritanceHash":"62C26D4FB3FF64505B03CDD35D648DFBC6C157CC"},{"PrincipalSID":"AD2003.LAN-S-1-5-32-544","PrincipalType":"Group","RightName":"GenericWrite","IsInherited":true,"InheritanceHash":"62C26D4FB3FF64505B03CDD35D648DFBC6C157CC"},{"PrincipalSID":"S-1-5-21-3705551552-2303974601-1530748002-519","PrincipalType":"Group","RightName":"GenericAll","IsInherited":true,"InheritanceHash":"A5C47437BB0878E27D4ACA362C23E6B6C2D21759"}],"ObjectIdentifier":"AD2003.LAN-S-1-5-32-554","IsDeleted":false,"IsACLProtected":false,"ContainedBy":{"ObjectIdentifier":"S-1-5-21-3705551552-2303974601-1530748002","ObjectType":"Domain"}},{"Properties":{"domain":"AD2003.LAN","name":"RAS AND IAS SERVERS@AD2003.LAN","distinguishedname":"CN=RAS AND IAS SERVERS,CN=USERS,DC=AD2003,DC=LAN","domainsid":"S-1-5-21-3705551552-2303974601-1530748002","samaccountname":"RAS and IAS Servers","doesanyacegrantownerrights":false,"doesanyinheritedacegrantownerrights":false,"isaclprotected":false,"description":"Servers in this group can access remote access properties of users","whencreated":1745262142,"admincount":false},"Members":[],"Aces":[{"PrincipalSID":"S-1-5-21-3705551552-2303974601-1530748002-512","PrincipalType":"Group","RightName":"Owns","IsInherited":false,"InheritanceHash":""},{"PrincipalSID":"AD2003.LAN-S-1-5-32-548","PrincipalType":"Group","RightName":"GenericAll","IsInherited":false,"InheritanceHash":""},{"PrincipalSID":"S-1-5-21-3705551552-2303974601-1530748002-512","PrincipalType":"Group","RightName":"GenericAll","IsInherited":false,"InheritanceHash":""},{"PrincipalSID":"AD2003.LAN-S-1-5-32-544","PrincipalType":"Group","RightName":"WriteDacl","IsInherited":true,"InheritanceHash":"62C26D4FB3FF64505B03CDD35D648DFBC6C157CC"},{"PrincipalSID":"AD2003.LAN-S-1-5-32-544","PrincipalType":"Group","RightName":"WriteOwner","IsInherited":true,"InheritanceHash":"62C26D4FB3FF64505B03CDD35D648DFBC6C157CC"},{"PrincipalSID":"AD2003.LAN-S-1-5-32-544","PrincipalType":"Group","RightName":"GenericWrite","IsInherited":true,"InheritanceHash":"62C26D4FB3FF64505B03CDD35D648DFBC6C157CC"},{"PrincipalSID":"S-1-5-21-3705551552-2303974601-1530748002-519","PrincipalType":"Group","RightName":"GenericAll","IsInherited":true,"InheritanceHash":"A5C47437BB0878E27D4ACA362C23E6B6C2D21759"}],"ObjectIdentifier":"S-1-5-21-3705551552-2303974601-1530748002-553","IsDeleted":false,"IsACLProtected":false,"ContainedBy":{"ObjectIdentifier":"D889945B-7665-437D-B4F3-92B392B1D5D1","ObjectType":"Container"}},{"Properties":{"domain":"AD2003.LAN","name":"INCOMING FOREST TRUST BUILDERS@AD2003.LAN","distinguishedname":"CN=INCOMING FOREST TRUST BUILDERS,CN=BUILTIN,DC=AD2003,DC=LAN","domainsid":"S-1-5-21-3705551552-2303974601-1530748002","samaccountname":"Incoming Forest Trust Builders","doesanyacegrantownerrights":false,"doesanyinheritedacegrantownerrights":false,"isaclprotected":false,"description":"Members of this group can create incoming, one-way trusts to this forest","whencreated":1745262142,"admincount":false},"Members":[],"Aces":[{"PrincipalSID":"S-1-5-21-3705551552-2303974601-1530748002-512","PrincipalType":"Group","RightName":"Owns","IsInherited":false,"InheritanceHash":""},{"PrincipalSID":"AD2003.LAN-S-1-5-32-548","PrincipalType":"Group","RightName":"GenericAll","IsInherited":false,"InheritanceHash":""},{"PrincipalSID":"S-1-5-21-3705551552-2303974601-1530748002-512","PrincipalType":"Group","RightName":"GenericAll","IsInherited":false,"InheritanceHash":""},{"PrincipalSID":"AD2003.LAN-S-1-5-32-544","PrincipalType":"Group","RightName":"WriteDacl","IsInherited":true,"InheritanceHash":"62C26D4FB3FF64505B03CDD35D648DFBC6C157CC"},{"PrincipalSID":"AD2003.LAN-S-1-5-32-544","PrincipalType":"Group","RightName":"WriteOwner","IsInherited":true,"InheritanceHash":"62C26D4FB3FF64505B03CDD35D648DFBC6C157CC"},{"PrincipalSID":"AD2003.LAN-S-1-5-32-544","PrincipalType":"Group","RightName":"GenericWrite","IsInherited":true,"InheritanceHash":"62C26D4FB3FF64505B03CDD35D648DFBC6C157CC"},{"PrincipalSID":"S-1-5-21-3705551552-2303974601-1530748002-519","PrincipalType":"Group","RightName":"GenericAll","IsInherited":true,"InheritanceHash":"A5C47437BB0878E27D4ACA362C23E6B6C2D21759"}],"ObjectIdentifier":"AD2003.LAN-S-1-5-32-557","IsDeleted":false,"IsACLProtected":false,"ContainedBy":{"ObjectIdentifier":"S-1-5-21-3705551552-2303974601-1530748002","ObjectType":"Domain"}},{"Properties":{"domain":"AD2003.LAN","name":"SERVER OPERATORS@AD2003.LAN","distinguishedname":"CN=SERVER OPERATORS,CN=BUILTIN,DC=AD2003,DC=LAN","domainsid":"S-1-5-21-3705551552-2303974601-1530748002","samaccountname":"Server Operators","doesanyacegrantownerrights":false,"doesanyinheritedacegrantownerrights":false,"isaclprotected":true,"description":"Members can administer domain servers","whencreated":1745262142,"admincount":true},"Members":[],"Aces":[{"PrincipalSID":"S-1-5-21-3705551552-2303974601-1530748002-512","PrincipalType":"Group","RightName":"Owns","IsInherited":false,"InheritanceHash":""},{"PrincipalSID":"AD2003.LAN-S-1-5-32-544","PrincipalType":"Group","RightName":"WriteDacl","IsInherited":false,"InheritanceHash":""},{"PrincipalSID":"AD2003.LAN-S-1-5-32-544","PrincipalType":"Group","RightName":"WriteOwner","IsInherited":false,"InheritanceHash":""},{"PrincipalSID":"AD2003.LAN-S-1-5-32-544","PrincipalType":"Group","RightName":"GenericWrite","IsInherited":false,"InheritanceHash":""},{"PrincipalSID":"S-1-5-21-3705551552-2303974601-1530748002-512","PrincipalType":"Group","RightName":"WriteDacl","IsInherited":false,"InheritanceHash":""},{"PrincipalSID":"S-1-5-21-3705551552-2303974601-1530748002-512","PrincipalType":"Group","RightName":"WriteOwner","IsInherited":false,"InheritanceHash":""},{"PrincipalSID":"S-1-5-21-3705551552-2303974601-1530748002-512","PrincipalType":"Group","RightName":"GenericWrite","IsInherited":false,"InheritanceHash":""},{"PrincipalSID":"S-1-5-21-3705551552-2303974601-1530748002-519","PrincipalType":"Group","RightName":"WriteDacl","IsInherited":false,"InheritanceHash":""},{"PrincipalSID":"S-1-5-21-3705551552-2303974601-1530748002-519","PrincipalType":"Group","RightName":"WriteOwner","IsInherited":false,"InheritanceHash":""},{"PrincipalSID":"S-1-5-21-3705551552-2303974601-1530748002-519","PrincipalType":"Group","RightName":"GenericWrite","IsInherited":false,"InheritanceHash":""}],"ObjectIdentifier":"AD2003.LAN-S-1-5-32-549","IsDeleted":false,"IsACLProtected":true,"ContainedBy":{"ObjectIdentifier":"S-1-5-21-3705551552-2303974601-1530748002","ObjectType":"Domain"}},{"Properties":{"domain":"AD2003.LAN","name":"TERMINAL SERVER LICENSE SERVERS@AD2003.LAN","distinguishedname":"CN=TERMINAL SERVER LICENSE SERVERS,CN=BUILTIN,DC=AD2003,DC=LAN","domainsid":"S-1-5-21-3705551552-2303974601-1530748002","samaccountname":"Terminal Server License Servers","doesanyacegrantownerrights":false,"doesanyinheritedacegrantownerrights":false,"isaclprotected":false,"description":"Terminal Server License Servers","whencreated":1745262142,"admincount":false},"Members":[],"Aces":[{"PrincipalSID":"S-1-5-21-3705551552-2303974601-1530748002-512","PrincipalType":"Group","RightName":"Owns","IsInherited":false,"InheritanceHash":""},{"PrincipalSID":"AD2003.LAN-S-1-5-32-548","PrincipalType":"Group","RightName":"GenericAll","IsInherited":false,"InheritanceHash":""},{"PrincipalSID":"S-1-5-21-3705551552-2303974601-1530748002-512","PrincipalType":"Group","RightName":"GenericAll","IsInherited":false,"InheritanceHash":""},{"PrincipalSID":"AD2003.LAN-S-1-5-32-544","PrincipalType":"Group","RightName":"WriteDacl","IsInherited":true,"InheritanceHash":"62C26D4FB3FF64505B03CDD35D648DFBC6C157CC"},{"PrincipalSID":"AD2003.LAN-S-1-5-32-544","PrincipalType":"Group","RightName":"WriteOwner","IsInherited":true,"InheritanceHash":"62C26D4FB3FF64505B03CDD35D648DFBC6C157CC"},{"PrincipalSID":"AD2003.LAN-S-1-5-32-544","PrincipalType":"Group","RightName":"GenericWrite","IsInherited":true,"InheritanceHash":"62C26D4FB3FF64505B03CDD35D648DFBC6C157CC"},{"PrincipalSID":"S-1-5-21-3705551552-2303974601-1530748002-519","PrincipalType":"Group","RightName":"GenericAll","IsInherited":true,"InheritanceHash":"A5C47437BB0878E27D4ACA362C23E6B6C2D21759"}],"ObjectIdentifier":"AD2003.LAN-S-1-5-32-561","IsDeleted":false,"IsACLProtected":false,"ContainedBy":{"ObjectIdentifier":"S-1-5-21-3705551552-2303974601-1530748002","ObjectType":"Domain"}},{"Properties":{"domain":"AD2003.LAN","name":"WINDOWS AUTHORIZATION ACCESS GROUP@AD2003.LAN","distinguishedname":"CN=WINDOWS AUTHORIZATION ACCESS GROUP,CN=BUILTIN,DC=AD2003,DC=LAN","domainsid":"S-1-5-21-3705551552-2303974601-1530748002","samaccountname":"Windows Authorization Access Group","doesanyacegrantownerrights":false,"doesanyinheritedacegrantownerrights":false,"isaclprotected":false,"description":"Members of this group have access to the computed tokenGroupsGlobalAndUniversal attribute on User objects","whencreated":1745262142,"admincount":false},"Members":[{"ObjectIdentifier":"AD2003.LAN-S-1-5-9","ObjectType":"Group"}],"Aces":[{"PrincipalSID":"S-1-5-21-3705551552-2303974601-1530748002-512","PrincipalType":"Group","RightName":"Owns","IsInherited":false,"InheritanceHash":""},{"PrincipalSID":"AD2003.LAN-S-1-5-32-548","PrincipalType":"Group","RightName":"GenericAll","IsInherited":false,"InheritanceHash":""},{"PrincipalSID":"S-1-5-21-3705551552-2303974601-1530748002-512","PrincipalType":"Group","RightName":"GenericAll","IsInherited":false,"InheritanceHash":""},{"PrincipalSID":"AD2003.LAN-S-1-5-32-544","PrincipalType":"Group","RightName":"WriteDacl","IsInherited":true,"InheritanceHash":"62C26D4FB3FF64505B03CDD35D648DFBC6C157CC"},{"PrincipalSID":"AD2003.LAN-S-1-5-32-544","PrincipalType":"Group","RightName":"WriteOwner","IsInherited":true,"InheritanceHash":"62C26D4FB3FF64505B03CDD35D648DFBC6C157CC"},{"PrincipalSID":"AD2003.LAN-S-1-5-32-544","PrincipalType":"Group","RightName":"GenericWrite","IsInherited":true,"InheritanceHash":"62C26D4FB3FF64505B03CDD35D648DFBC6C157CC"},{"PrincipalSID":"S-1-5-21-3705551552-2303974601-1530748002-519","PrincipalType":"Group","RightName":"GenericAll","IsInherited":true,"InheritanceHash":"A5C47437BB0878E27D4ACA362C23E6B6C2D21759"}],"ObjectIdentifier":"AD2003.LAN-S-1-5-32-560","IsDeleted":false,"IsACLProtected":false,"ContainedBy":{"ObjectIdentifier":"S-1-5-21-3705551552-2303974601-1530748002","ObjectType":"Domain"}},{"Properties":{"domain":"AD2003.LAN","name":"DOMAIN COMPUTERS@AD2003.LAN","distinguishedname":"CN=DOMAIN COMPUTERS,CN=USERS,DC=AD2003,DC=LAN","domainsid":"S-1-5-21-3705551552-2303974601-1530748002","samaccountname":"Domain Computers","doesanyacegrantownerrights":false,"doesanyinheritedacegrantownerrights":false,"isaclprotected":false,"description":"All workstations and servers joined to the domain","whencreated":1745262142,"admincount":false},"Members":[],"Aces":[{"PrincipalSID":"S-1-5-21-3705551552-2303974601-1530748002-512","PrincipalType":"Group","RightName":"Owns","IsInherited":false,"InheritanceHash":""},{"PrincipalSID":"AD2003.LAN-S-1-5-32-548","PrincipalType":"Group","RightName":"GenericAll","IsInherited":false,"InheritanceHash":""},{"PrincipalSID":"S-1-5-21-3705551552-2303974601-1530748002-512","PrincipalType":"Group","RightName":"GenericAll","IsInherited":false,"InheritanceHash":""},{"PrincipalSID":"AD2003.LAN-S-1-5-32-544","PrincipalType":"Group","RightName":"WriteDacl","IsInherited":true,"InheritanceHash":"62C26D4FB3FF64505B03CDD35D648DFBC6C157CC"},{"PrincipalSID":"AD2003.LAN-S-1-5-32-544","PrincipalType":"Group","RightName":"WriteOwner","IsInherited":true,"InheritanceHash":"62C26D4FB3FF64505B03CDD35D648DFBC6C157CC"},{"PrincipalSID":"AD2003.LAN-S-1-5-32-544","PrincipalType":"Group","RightName":"GenericWrite","IsInherited":true,"InheritanceHash":"62C26D4FB3FF64505B03CDD35D648DFBC6C157CC"},{"PrincipalSID":"S-1-5-21-3705551552-2303974601-1530748002-519","PrincipalType":"Group","RightName":"GenericAll","IsInherited":true,"InheritanceHash":"A5C47437BB0878E27D4ACA362C23E6B6C2D21759"}],"ObjectIdentifier":"S-1-5-21-3705551552-2303974601-1530748002-515","IsDeleted":false,"IsACLProtected":false,"ContainedBy":{"ObjectIdentifier":"D889945B-7665-437D-B4F3-92B392B1D5D1","ObjectType":"Container"}},{"Properties":{"domain":"AD2003.LAN","name":"DOMAIN CONTROLLERS@AD2003.LAN","distinguishedname":"CN=DOMAIN CONTROLLERS,CN=USERS,DC=AD2003,DC=LAN","domainsid":"S-1-5-21-3705551552-2303974601-1530748002","samaccountname":"Domain Controllers","doesanyacegrantownerrights":false,"doesanyinheritedacegrantownerrights":false,"isaclprotected":true,"description":"All domain controllers in the domain","whencreated":1745262142,"admincount":true},"Members":[],"Aces":[{"PrincipalSID":"S-1-5-21-3705551552-2303974601-1530748002-512","PrincipalType":"Group","RightName":"Owns","IsInherited":false,"InheritanceHash":""},{"PrincipalSID":"AD2003.LAN-S-1-5-32-544","PrincipalType":"Group","RightName":"WriteDacl","IsInherited":false,"InheritanceHash":""},{"PrincipalSID":"AD2003.LAN-S-1-5-32-544","PrincipalType":"Group","RightName":"WriteOwner","IsInherited":false,"InheritanceHash":""},{"PrincipalSID":"AD2003.LAN-S-1-5-32-544","PrincipalType":"Group","RightName":"GenericWrite","IsInherited":false,"InheritanceHash":""},{"PrincipalSID":"S-1-5-21-3705551552-2303974601-1530748002-512","PrincipalType":"Group","RightName":"WriteDacl","IsInherited":false,"InheritanceHash":""},{"PrincipalSID":"S-1-5-21-3705551552-2303974601-1530748002-512","PrincipalType":"Group","RightName":"WriteOwner","IsInherited":false,"InheritanceHash":""},{"PrincipalSID":"S-1-5-21-3705551552-2303974601-1530748002-512","PrincipalType":"Group","RightName":"GenericWrite","IsInherited":false,"InheritanceHash":""},{"PrincipalSID":"S-1-5-21-3705551552-2303974601-1530748002-519","PrincipalType":"Group","RightName":"WriteDacl","IsInherited":false,"InheritanceHash":""},{"PrincipalSID":"S-1-5-21-3705551552-2303974601-1530748002-519","PrincipalType":"Group","RightName":"WriteOwner","IsInherited":false,"InheritanceHash":""},{"PrincipalSID":"S-1-5-21-3705551552-2303974601-1530748002-519","PrincipalType":"Group","RightName":"GenericWrite","IsInherited":false,"InheritanceHash":""}],"ObjectIdentifier":"S-1-5-21-3705551552-2303974601-1530748002-516","IsDeleted":false,"IsACLProtected":true,"ContainedBy":{"ObjectIdentifier":"D889945B-7665-437D-B4F3-92B392B1D5D1","ObjectType":"Container"}},{"Properties":{"domain":"AD2003.LAN","name":"SCHEMA ADMINS@AD2003.LAN","distinguishedname":"CN=SCHEMA ADMINS,CN=USERS,DC=AD2003,DC=LAN","domainsid":"S-1-5-21-3705551552-2303974601-1530748002","samaccountname":"Schema Admins","doesanyacegrantownerrights":false,"doesanyinheritedacegrantownerrights":false,"isaclprotected":true,"description":"Designated administrators of the schema","whencreated":1745262142,"admincount":true},"Members":[{"ObjectIdentifier":"S-1-5-21-3705551552-2303974601-1530748002-500","ObjectType":"User"}],"Aces":[{"PrincipalSID":"S-1-5-21-3705551552-2303974601-1530748002-512","PrincipalType":"Group","RightName":"Owns","IsInherited":false,"InheritanceHash":""},{"PrincipalSID":"AD2003.LAN-S-1-5-32-544","PrincipalType":"Group","RightName":"WriteDacl","IsInherited":false,"InheritanceHash":""},{"PrincipalSID":"AD2003.LAN-S-1-5-32-544","PrincipalType":"Group","RightName":"WriteOwner","IsInherited":false,"InheritanceHash":""},{"PrincipalSID":"AD2003.LAN-S-1-5-32-544","PrincipalType":"Group","RightName":"GenericWrite","IsInherited":false,"InheritanceHash":""},{"PrincipalSID":"S-1-5-21-3705551552-2303974601-1530748002-512","PrincipalType":"Group","RightName":"WriteDacl","IsInherited":false,"InheritanceHash":""},{"PrincipalSID":"S-1-5-21-3705551552-2303974601-1530748002-512","PrincipalType":"Group","RightName":"WriteOwner","IsInherited":false,"InheritanceHash":""},{"PrincipalSID":"S-1-5-21-3705551552-2303974601-1530748002-512","PrincipalType":"Group","RightName":"GenericWrite","IsInherited":false,"InheritanceHash":""},{"PrincipalSID":"S-1-5-21-3705551552-2303974601-1530748002-519","PrincipalType":"Group","RightName":"WriteDacl","IsInherited":false,"InheritanceHash":""},{"PrincipalSID":"S-1-5-21-3705551552-2303974601-1530748002-519","PrincipalType":"Group","RightName":"WriteOwner","IsInherited":false,"InheritanceHash":""},{"PrincipalSID":"S-1-5-21-3705551552-2303974601-1530748002-519","PrincipalType":"Group","RightName":"GenericWrite","IsInherited":false,"InheritanceHash":""}],"ObjectIdentifier":"S-1-5-21-3705551552-2303974601-1530748002-518","IsDeleted":false,"IsACLProtected":true,"ContainedBy":{"ObjectIdentifier":"D889945B-7665-437D-B4F3-92B392B1D5D1","ObjectType":"Container"}},{"Properties":{"domain":"AD2003.LAN","name":"ENTERPRISE ADMINS@AD2003.LAN","distinguishedname":"CN=ENTERPRISE ADMINS,CN=USERS,DC=AD2003,DC=LAN","domainsid":"S-1-5-21-3705551552-2303974601-1530748002","samaccountname":"Enterprise Admins","doesanyacegrantownerrights":false,"doesanyinheritedacegrantownerrights":false,"isaclprotected":true,"description":"Designated administrators of the enterprise","whencreated":1745262142,"admincount":true},"Members":[{"ObjectIdentifier":"S-1-5-21-3705551552-2303974601-1530748002-500","ObjectType":"User"}],"Aces":[{"PrincipalSID":"S-1-5-21-3705551552-2303974601-1530748002-512","PrincipalType":"Group","RightName":"Owns","IsInherited":false,"InheritanceHash":""},{"PrincipalSID":"AD2003.LAN-S-1-5-32-544","PrincipalType":"Group","RightName":"WriteDacl","IsInherited":false,"InheritanceHash":""},{"PrincipalSID":"AD2003.LAN-S-1-5-32-544","PrincipalType":"Group","RightName":"WriteOwner","IsInherited":false,"InheritanceHash":""},{"PrincipalSID":"AD2003.LAN-S-1-5-32-544","PrincipalType":"Group","RightName":"GenericWrite","IsInherited":false,"InheritanceHash":""},{"PrincipalSID":"S-1-5-21-3705551552-2303974601-1530748002-512","PrincipalType":"Group","RightName":"WriteDacl","IsInherited":false,"InheritanceHash":""},{"PrincipalSID":"S-1-5-21-3705551552-2303974601-1530748002-512","PrincipalType":"Group","RightName":"WriteOwner","IsInherited":false,"InheritanceHash":""},{"PrincipalSID":"S-1-5-21-3705551552-2303974601-1530748002-512","PrincipalType":"Group","RightName":"GenericWrite","IsInherited":false,"InheritanceHash":""},{"PrincipalSID":"S-1-5-21-3705551552-2303974601-1530748002-519","PrincipalType":"Group","RightName":"WriteDacl","IsInherited":false,"InheritanceHash":""},{"PrincipalSID":"S-1-5-21-3705551552-2303974601-1530748002-519","PrincipalType":"Group","RightName":"WriteOwner","IsInherited":false,"InheritanceHash":""},{"PrincipalSID":"S-1-5-21-3705551552-2303974601-1530748002-519","PrincipalType":"Group","RightName":"GenericWrite","IsInherited":false,"InheritanceHash":""}],"ObjectIdentifier":"S-1-5-21-3705551552-2303974601-1530748002-519","IsDeleted":false,"IsACLProtected":true,"ContainedBy":{"ObjectIdentifier":"D889945B-7665-437D-B4F3-92B392B1D5D1","ObjectType":"Container"}},{"Properties":{"domain":"AD2003.LAN","name":"DOMAIN ADMINS@AD2003.LAN","distinguishedname":"CN=DOMAIN ADMINS,CN=USERS,DC=AD2003,DC=LAN","domainsid":"S-1-5-21-3705551552-2303974601-1530748002","samaccountname":"Domain Admins","doesanyacegrantownerrights":false,"doesanyinheritedacegrantownerrights":false,"isaclprotected":true,"description":"Designated administrators of the domain","whencreated":1745262142,"admincount":true},"Members":[{"ObjectIdentifier":"S-1-5-21-3705551552-2303974601-1530748002-500","ObjectType":"User"}],"Aces":[{"PrincipalSID":"S-1-5-21-3705551552-2303974601-1530748002-512","PrincipalType":"Group","RightName":"Owns","IsInherited":false,"InheritanceHash":""},{"PrincipalSID":"AD2003.LAN-S-1-5-32-544","PrincipalType":"Group","RightName":"WriteDacl","IsInherited":false,"InheritanceHash":""},{"PrincipalSID":"AD2003.LAN-S-1-5-32-544","PrincipalType":"Group","RightName":"WriteOwner","IsInherited":false,"InheritanceHash":""},{"PrincipalSID":"AD2003.LAN-S-1-5-32-544","PrincipalType":"Group","RightName":"GenericWrite","IsInherited":false,"InheritanceHash":""},{"PrincipalSID":"S-1-5-21-3705551552-2303974601-1530748002-512","PrincipalType":"Group","RightName":"WriteDacl","IsInherited":false,"InheritanceHash":""},{"PrincipalSID":"S-1-5-21-3705551552-2303974601-1530748002-512","PrincipalType":"Group","RightName":"WriteOwner","IsInherited":false,"InheritanceHash":""},{"PrincipalSID":"S-1-5-21-3705551552-2303974601-1530748002-512","PrincipalType":"Group","RightName":"GenericWrite","IsInherited":false,"InheritanceHash":""},{"PrincipalSID":"S-1-5-21-3705551552-2303974601-1530748002-519","PrincipalType":"Group","RightName":"WriteDacl","IsInherited":false,"InheritanceHash":""},{"PrincipalSID":"S-1-5-21-3705551552-2303974601-1530748002-519","PrincipalType":"Group","RightName":"WriteOwner","IsInherited":false,"InheritanceHash":""},{"PrincipalSID":"S-1-5-21-3705551552-2303974601-1530748002-519","PrincipalType":"Group","RightName":"GenericWrite","IsInherited":false,"InheritanceHash":""}],"ObjectIdentifier":"S-1-5-21-3705551552-2303974601-1530748002-512","IsDeleted":false,"IsACLProtected":true,"ContainedBy":{"ObjectIdentifier":"D889945B-7665-437D-B4F3-92B392B1D5D1","ObjectType":"Container"}},{"Properties":{"domain":"AD2003.LAN","name":"DOMAIN USERS@AD2003.LAN","distinguishedname":"CN=DOMAIN USERS,CN=USERS,DC=AD2003,DC=LAN","domainsid":"S-1-5-21-3705551552-2303974601-1530748002","samaccountname":"Domain Users","doesanyacegrantownerrights":false,"doesanyinheritedacegrantownerrights":false,"isaclprotected":false,"description":"All domain users","whencreated":1745262142,"admincount":false},"Members":[],"Aces":[{"PrincipalSID":"S-1-5-21-3705551552-2303974601-1530748002-512","PrincipalType":"Group","RightName":"Owns","IsInherited":false,"InheritanceHash":""},{"PrincipalSID":"AD2003.LAN-S-1-5-32-548","PrincipalType":"Group","RightName":"GenericAll","IsInherited":false,"InheritanceHash":""},{"PrincipalSID":"S-1-5-21-3705551552-2303974601-1530748002-512","PrincipalType":"Group","RightName":"GenericAll","IsInherited":false,"InheritanceHash":""},{"PrincipalSID":"AD2003.LAN-S-1-5-32-544","PrincipalType":"Group","RightName":"WriteDacl","IsInherited":true,"InheritanceHash":"62C26D4FB3FF64505B03CDD35D648DFBC6C157CC"},{"PrincipalSID":"AD2003.LAN-S-1-5-32-544","PrincipalType":"Group","RightName":"WriteOwner","IsInherited":true,"InheritanceHash":"62C26D4FB3FF64505B03CDD35D648DFBC6C157CC"},{"PrincipalSID":"AD2003.LAN-S-1-5-32-544","PrincipalType":"Group","RightName":"GenericWrite","IsInherited":true,"InheritanceHash":"62C26D4FB3FF64505B03CDD35D648DFBC6C157CC"},{"PrincipalSID":"S-1-5-21-3705551552-2303974601-1530748002-519","PrincipalType":"Group","RightName":"GenericAll","IsInherited":true,"InheritanceHash":"A5C47437BB0878E27D4ACA362C23E6B6C2D21759"}],"ObjectIdentifier":"S-1-5-21-3705551552-2303974601-1530748002-513","IsDeleted":false,"IsACLProtected":false,"ContainedBy":{"ObjectIdentifier":"D889945B-7665-437D-B4F3-92B392B1D5D1","ObjectType":"Container"}},{"Properties":{"domain":"AD2003.LAN","name":"DOMAIN GUESTS@AD2003.LAN","distinguishedname":"CN=DOMAIN GUESTS,CN=USERS,DC=AD2003,DC=LAN","domainsid":"S-1-5-21-3705551552-2303974601-1530748002","samaccountname":"Domain Guests","doesanyacegrantownerrights":false,"doesanyinheritedacegrantownerrights":false,"isaclprotected":false,"description":"All domain guests","whencreated":1745262142,"admincount":false},"Members":[],"Aces":[{"PrincipalSID":"S-1-5-21-3705551552-2303974601-1530748002-512","PrincipalType":"Group","RightName":"Owns","IsInherited":false,"InheritanceHash":""},{"PrincipalSID":"AD2003.LAN-S-1-5-32-548","PrincipalType":"Group","RightName":"GenericAll","IsInherited":false,"InheritanceHash":""},{"PrincipalSID":"S-1-5-21-3705551552-2303974601-1530748002-512","PrincipalType":"Group","RightName":"GenericAll","IsInherited":false,"InheritanceHash":""},{"PrincipalSID":"AD2003.LAN-S-1-5-32-544","PrincipalType":"Group","RightName":"WriteDacl","IsInherited":true,"InheritanceHash":"62C26D4FB3FF64505B03CDD35D648DFBC6C157CC"},{"PrincipalSID":"AD2003.LAN-S-1-5-32-544","PrincipalType":"Group","RightName":"WriteOwner","IsInherited":true,"InheritanceHash":"62C26D4FB3FF64505B03CDD35D648DFBC6C157CC"},{"PrincipalSID":"AD2003.LAN-S-1-5-32-544","PrincipalType":"Group","RightName":"GenericWrite","IsInherited":true,"InheritanceHash":"62C26D4FB3FF64505B03CDD35D648DFBC6C157CC"},{"PrincipalSID":"S-1-5-21-3705551552-2303974601-1530748002-519","PrincipalType":"Group","RightName":"GenericAll","IsInherited":true,"InheritanceHash":"A5C47437BB0878E27D4ACA362C23E6B6C2D21759"}],"ObjectIdentifier":"S-1-5-21-3705551552-2303974601-1530748002-514","IsDeleted":false,"IsACLProtected":false,"ContainedBy":{"ObjectIdentifier":"D889945B-7665-437D-B4F3-92B392B1D5D1","ObjectType":"Container"}},{"Properties":{"domain":"AD2003.LAN","name":"DNSUPDATEPROXY@AD2003.LAN","distinguishedname":"CN=DNSUPDATEPROXY,CN=USERS,DC=AD2003,DC=LAN","domainsid":"S-1-5-21-3705551552-2303974601-1530748002","samaccountname":"DnsUpdateProxy","doesanyacegrantownerrights":false,"doesanyinheritedacegrantownerrights":false,"isaclprotected":false,"description":"DNS clients who are permitted to perform dynamic updates on behalf of some other clients (such as DHCP servers).","whencreated":1745262182,"admincount":false},"Members":[],"Aces":[{"PrincipalSID":"AD2003.LAN-S-1-5-32-548","PrincipalType":"Group","RightName":"GenericAll","IsInherited":false,"InheritanceHash":""},{"PrincipalSID":"S-1-5-21-3705551552-2303974601-1530748002-512","PrincipalType":"Group","RightName":"GenericAll","IsInherited":false,"InheritanceHash":""},{"PrincipalSID":"AD2003.LAN-S-1-5-32-544","PrincipalType":"Group","RightName":"WriteDacl","IsInherited":true,"InheritanceHash":"62C26D4FB3FF64505B03CDD35D648DFBC6C157CC"},{"PrincipalSID":"AD2003.LAN-S-1-5-32-544","PrincipalType":"Group","RightName":"WriteOwner","IsInherited":true,"InheritanceHash":"62C26D4FB3FF64505B03CDD35D648DFBC6C157CC"},{"PrincipalSID":"AD2003.LAN-S-1-5-32-544","PrincipalType":"Group","RightName":"GenericWrite","IsInherited":true,"InheritanceHash":"62C26D4FB3FF64505B03CDD35D648DFBC6C157CC"},{"PrincipalSID":"S-1-5-21-3705551552-2303974601-1530748002-519","PrincipalType":"Group","RightName":"GenericAll","IsInherited":true,"InheritanceHash":"A5C47437BB0878E27D4ACA362C23E6B6C2D21759"}],"ObjectIdentifier":"S-1-5-21-3705551552-2303974601-1530748002-1105","IsDeleted":false,"IsACLProtected":false,"ContainedBy":{"ObjectIdentifier":"D889945B-7665-437D-B4F3-92B392B1D5D1","ObjectType":"Container"}},{"Properties":{"domain":"AD2003.LAN","name":"GROUP POLICY CREATOR OWNERS@AD2003.LAN","distinguishedname":"CN=GROUP POLICY CREATOR OWNERS,CN=USERS,DC=AD2003,DC=LAN","domainsid":"S-1-5-21-3705551552-2303974601-1530748002","samaccountname":"Group Policy Creator Owners","doesanyacegrantownerrights":false,"doesanyinheritedacegrantownerrights":false,"isaclprotected":false,"description":"Members in this group can modify group policy for the domain","whencreated":1745262142,"admincount":false},"Members":[{"ObjectIdentifier":"S-1-5-21-3705551552-2303974601-1530748002-500","ObjectType":"User"}],"Aces":[{"PrincipalSID":"S-1-5-21-3705551552-2303974601-1530748002-512","PrincipalType":"Group","RightName":"Owns","IsInherited":false,"InheritanceHash":""},{"PrincipalSID":"AD2003.LAN-S-1-5-32-548","PrincipalType":"Group","RightName":"GenericAll","IsInherited":false,"InheritanceHash":""},{"PrincipalSID":"S-1-5-21-3705551552-2303974601-1530748002-512","PrincipalType":"Group","RightName":"GenericAll","IsInherited":false,"InheritanceHash":""},{"PrincipalSID":"AD2003.LAN-S-1-5-32-544","PrincipalType":"Group","RightName":"WriteDacl","IsInherited":true,"InheritanceHash":"62C26D4FB3FF64505B03CDD35D648DFBC6C157CC"},{"PrincipalSID":"AD2003.LAN-S-1-5-32-544","PrincipalType":"Group","RightName":"WriteOwner","IsInherited":true,"InheritanceHash":"62C26D4FB3FF64505B03CDD35D648DFBC6C157CC"},{"PrincipalSID":"AD2003.LAN-S-1-5-32-544","PrincipalType":"Group","RightName":"GenericWrite","IsInherited":true,"InheritanceHash":"62C26D4FB3FF64505B03CDD35D648DFBC6C157CC"},{"PrincipalSID":"S-1-5-21-3705551552-2303974601-1530748002-519","PrincipalType":"Group","RightName":"GenericAll","IsInherited":true,"InheritanceHash":"A5C47437BB0878E27D4ACA362C23E6B6C2D21759"}],"ObjectIdentifier":"S-1-5-21-3705551552-2303974601-1530748002-520","IsDeleted":false,"IsACLProtected":false,"ContainedBy":{"ObjectIdentifier":"D889945B-7665-437D-B4F3-92B392B1D5D1","ObjectType":"Container"}},{"Properties":{"domain":"AD2003.LAN","name":"DNSADMINS@AD2003.LAN","distinguishedname":"CN=DNSADMINS,CN=USERS,DC=AD2003,DC=LAN","domainsid":"S-1-5-21-3705551552-2303974601-1530748002","samaccountname":"DnsAdmins","doesanyacegrantownerrights":false,"doesanyinheritedacegrantownerrights":false,"isaclprotected":false,"description":"DNS Administrators Group","whencreated":1745262182,"admincount":false},"Members":[],"Aces":[{"PrincipalSID":"AD2003.LAN-S-1-5-32-548","PrincipalType":"Group","RightName":"GenericAll","IsInherited":false,"InheritanceHash":""},{"PrincipalSID":"S-1-5-21-3705551552-2303974601-1530748002-512","PrincipalType":"Group","RightName":"GenericAll","IsInherited":false,"InheritanceHash":""},{"PrincipalSID":"AD2003.LAN-S-1-5-32-544","PrincipalType":"Group","RightName":"WriteDacl","IsInherited":true,"InheritanceHash":"62C26D4FB3FF64505B03CDD35D648DFBC6C157CC"},{"PrincipalSID":"AD2003.LAN-S-1-5-32-544","PrincipalType":"Group","RightName":"WriteOwner","IsInherited":true,"InheritanceHash":"62C26D4FB3FF64505B03CDD35D648DFBC6C157CC"},{"PrincipalSID":"AD2003.LAN-S-1-5-32-544","PrincipalType":"Group","RightName":"GenericWrite","IsInherited":true,"InheritanceHash":"62C26D4FB3FF64505B03CDD35D648DFBC6C157CC"},{"PrincipalSID":"S-1-5-21-3705551552-2303974601-1530748002-519","PrincipalType":"Group","RightName":"GenericAll","IsInherited":true,"InheritanceHash":"A5C47437BB0878E27D4ACA362C23E6B6C2D21759"}],"ObjectIdentifier":"S-1-5-21-3705551552-2303974601-1530748002-1104","IsDeleted":false,"IsACLProtected":false,"ContainedBy":{"ObjectIdentifier":"D889945B-7665-437D-B4F3-92B392B1D5D1","ObjectType":"Container"}},{"Properties":{"name":"TERMINAL SERVER LICENSE SERVERS@AD2003.LAN","domainsid":"S-1-5-21-3705551552-2303974601-1530748002","domain":"AD2003.LAN","reconcile":false},"Members":[],"Aces":[],"ObjectIdentifier":"AD2003.LAN-S-1-5-32-561","IsDeleted":false,"IsACLProtected":false,"ContainedBy":null},{"Properties":{"name":"EVERYONE@AD2003.LAN","domainsid":"S-1-5-21-3705551552-2303974601-1530748002","domain":"AD2003.LAN","reconcile":false},"Members":[],"Aces":[],"ObjectIdentifier":"AD2003.LAN-S-1-1-0","IsDeleted":false,"IsACLProtected":false,"ContainedBy":null},{"Properties":{"name":"ACCOUNT OPERATORS@AD2003.LAN","domainsid":"S-1-5-21-3705551552-2303974601-1530748002","domain":"AD2003.LAN","reconcile":false},"Members":[],"Aces":[],"ObjectIdentifier":"AD2003.LAN-S-1-5-32-548","IsDeleted":false,"IsACLProtected":false,"ContainedBy":null},{"Properties":{"name":"SERVER OPERATORS@AD2003.LAN","domainsid":"S-1-5-21-3705551552-2303974601-1530748002","domain":"AD2003.LAN","reconcile":false},"Members":[],"Aces":[],"ObjectIdentifier":"AD2003.LAN-S-1-5-32-549","IsDeleted":false,"IsACLProtected":false,"ContainedBy":null},{"Properties":{"name":"GUESTS@AD2003.LAN","domainsid":"S-1-5-21-3705551552-2303974601-1530748002","domain":"AD2003.LAN","reconcile":false},"Members":[],"Aces":[],"ObjectIdentifier":"AD2003.LAN-S-1-5-32-546","IsDeleted":false,"IsACLProtected":false,"ContainedBy":null},{"Properties":{"name":"INTERACTIVE@AD2003.LAN","domainsid":"S-1-5-21-3705551552-2303974601-1530748002","domain":"AD2003.LAN","reconcile":false},"Members":[],"Aces":[],"ObjectIdentifier":"AD2003.LAN-S-1-5-4","IsDeleted":false,"IsACLProtected":false,"ContainedBy":null},{"Properties":{"name":"AUTHENTICATED USERS@AD2003.LAN","domainsid":"S-1-5-21-3705551552-2303974601-1530748002","domain":"AD2003.LAN","reconcile":false},"Members":[],"Aces":[],"ObjectIdentifier":"AD2003.LAN-S-1-5-11","IsDeleted":false,"IsACLProtected":false,"ContainedBy":null},{"Properties":{"name":"ADMINISTRATORS@AD2003.LAN","domainsid":"S-1-5-21-3705551552-2303974601-1530748002","domain":"AD2003.LAN","reconcile":false},"Members":[],"Aces":[],"ObjectIdentifier":"AD2003.LAN-S-1-5-32-544","IsDeleted":false,"IsACLProtected":false,"ContainedBy":null},{"Properties":{"name":"USERS@AD2003.LAN","domainsid":"S-1-5-21-3705551552-2303974601-1530748002","domain":"AD2003.LAN","reconcile":false},"Members":[],"Aces":[],"ObjectIdentifier":"AD2003.LAN-S-1-5-32-545","IsDeleted":false,"IsACLProtected":false,"ContainedBy":null},{"Properties":{"name":"PERFORMANCE MONITOR USERS@AD2003.LAN","domainsid":"S-1-5-21-3705551552-2303974601-1530748002","domain":"AD2003.LAN","reconcile":false},"Members":[],"Aces":[],"ObjectIdentifier":"AD2003.LAN-S-1-5-32-558","IsDeleted":false,"IsACLProtected":false,"ContainedBy":null},{"Properties":{"name":"PERFORMANCE LOG USERS@AD2003.LAN","domainsid":"S-1-5-21-3705551552-2303974601-1530748002","domain":"AD2003.LAN","reconcile":false},"Members":[],"Aces":[],"ObjectIdentifier":"AD2003.LAN-S-1-5-32-559","IsDeleted":false,"IsACLProtected":false,"ContainedBy":null},{"Properties":{"name":"NETWORK CONFIGURATION OPERATORS@AD2003.LAN","domainsid":"S-1-5-21-3705551552-2303974601-1530748002","domain":"AD2003.LAN","reconcile":false},"Members":[],"Aces":[],"ObjectIdentifier":"AD2003.LAN-S-1-5-32-556","IsDeleted":false,"IsACLProtected":false,"ContainedBy":null},{"Properties":{"name":"INCOMING FOREST TRUST BUILDERS@AD2003.LAN","domainsid":"S-1-5-21-3705551552-2303974601-1530748002","domain":"AD2003.LAN","reconcile":false},"Members":[],"Aces":[],"ObjectIdentifier":"AD2003.LAN-S-1-5-32-557","IsDeleted":false,"IsACLProtected":false,"ContainedBy":null},{"Properties":{"name":"PRE-WINDOWS 2000 COMPATIBLE ACCESS@AD2003.LAN","domainsid":"S-1-5-21-3705551552-2303974601-1530748002","domain":"AD2003.LAN","reconcile":false},"Members":[],"Aces":[],"ObjectIdentifier":"AD2003.LAN-S-1-5-32-554","IsDeleted":false,"IsACLProtected":false,"ContainedBy":null},{"Properties":{"name":"REMOTE DESKTOP USERS@AD2003.LAN","domainsid":"S-1-5-21-3705551552-2303974601-1530748002","domain":"AD2003.LAN","reconcile":false},"Members":[],"Aces":[],"ObjectIdentifier":"AD2003.LAN-S-1-5-32-555","IsDeleted":false,"IsACLProtected":false,"ContainedBy":null},{"Properties":{"name":"REPLICATORS@AD2003.LAN","domainsid":"S-1-5-21-3705551552-2303974601-1530748002","domain":"AD2003.LAN","reconcile":false},"Members":[],"Aces":[],"ObjectIdentifier":"AD2003.LAN-S-1-5-32-552","IsDeleted":false,"IsACLProtected":false,"ContainedBy":null},{"Properties":{"name":"PRINT OPERATORS@AD2003.LAN","domainsid":"S-1-5-21-3705551552-2303974601-1530748002","domain":"AD2003.LAN","reconcile":false},"Members":[],"Aces":[],"ObjectIdentifier":"AD2003.LAN-S-1-5-32-550","IsDeleted":false,"IsACLProtected":false,"ContainedBy":null},{"Properties":{"name":"BACKUP OPERATORS@AD2003.LAN","domainsid":"S-1-5-21-3705551552-2303974601-1530748002","domain":"AD2003.LAN","reconcile":false},"Members":[],"Aces":[],"ObjectIdentifier":"AD2003.LAN-S-1-5-32-551","IsDeleted":false,"IsACLProtected":false,"ContainedBy":null},{"Properties":{"name":"DISTRIBUTED COM USERS@AD2003.LAN","domainsid":"S-1-5-21-3705551552-2303974601-1530748002","domain":"AD2003.LAN","reconcile":false},"Members":[],"Aces":[],"ObjectIdentifier":"AD2003.LAN-S-1-5-32-562","IsDeleted":false,"IsACLProtected":false,"ContainedBy":null},{"Properties":{"name":"WINDOWS AUTHORIZATION ACCESS GROUP@AD2003.LAN","domainsid":"S-1-5-21-3705551552-2303974601-1530748002","domain":"AD2003.LAN","reconcile":false},"Members":[],"Aces":[],"ObjectIdentifier":"AD2003.LAN-S-1-5-32-560","IsDeleted":false,"IsACLProtected":false,"ContainedBy":null}],"meta":{"methods":7107563,"type":"groups","count":51,"version":6,"collectorversion":"2.6.5.0"}}