{"data":[{"Properties":{"domain":"INHERITANCE.AD2025.LAN","name":"DEFAULT DOMAIN POLICY@INHERITANCE.AD2025.LAN","distinguishedname":"CN={31B2F340-016D-11D2-945F-00C04FB984F9},CN=POLICIES,CN=SYSTEM,DC=INHERITANCE,DC=AD2025,DC=LAN","domainsid":"S-1-5-21-131110255-635260017-1229676798","doesanyacegrantownerrights":false,"doesanyinheritedacegrantownerrights":false,"isaclprotected":true,"whencreated":1744669418,"gpcpath":"\\\\INHERITANCE.AD2025.LAN\\SYSVOL\\INHERITANCE.AD2025.LAN\\POLICIES\\{31B2F340-016D-11D2-945F-00C04FB984F9}"},"Aces":[{"PrincipalSID":"S-1-5-21-131110255-635260017-1229676798-512","PrincipalType":"Group","RightName":"Owns","IsInherited":false,"InheritanceHash":""},{"PrincipalSID":"S-1-5-21-131110255-635260017-1229676798-512","PrincipalType":"Group","RightName":"WriteDacl","IsInherited":false,"InheritanceHash":""},{"PrincipalSID":"S-1-5-21-131110255-635260017-1229676798-512","PrincipalType":"Group","RightName":"WriteOwner","IsInherited":false,"InheritanceHash":""},{"PrincipalSID":"S-1-5-21-131110255-635260017-1229676798-512","PrincipalType":"Group","RightName":"GenericWrite","IsInherited":false,"InheritanceHash":""},{"PrincipalSID":"S-1-5-21-131110255-635260017-1229676798-512","PrincipalType":"Group","RightName":"WriteDacl","IsInherited":false,"InheritanceHash":""},{"PrincipalSID":"S-1-5-21-131110255-635260017-1229676798-512","PrincipalType":"Group","RightName":"WriteOwner","IsInherited":false,"InheritanceHash":""},{"PrincipalSID":"S-1-5-21-131110255-635260017-1229676798-512","PrincipalType":"Group","RightName":"GenericWrite","IsInherited":false,"InheritanceHash":""},{"PrincipalSID":"S-1-5-21-1753113456-3794003277-551465778-519","PrincipalType":"Group","RightName":"WriteDacl","IsInherited":false,"InheritanceHash":""},{"PrincipalSID":"S-1-5-21-1753113456-3794003277-551465778-519","PrincipalType":"Group","RightName":"WriteOwner","IsInherited":false,"InheritanceHash":""},{"PrincipalSID":"S-1-5-21-1753113456-3794003277-551465778-519","PrincipalType":"Group","RightName":"GenericWrite","IsInherited":false,"InheritanceHash":""}],"ObjectIdentifier":"D184CFAF-037F-40B7-A3A6-599BA866AD34","IsDeleted":false,"IsACLProtected":true,"ContainedBy":null},{"Properties":{"domain":"INHERITANCE.AD2025.LAN","name":"DEFAULT DOMAIN CONTROLLERS POLICY@INHERITANCE.AD2025.LAN","distinguishedname":"CN={6AC1786C-016F-11D2-945F-00C04FB984F9},CN=POLICIES,CN=SYSTEM,DC=INHERITANCE,DC=AD2025,DC=LAN","domainsid":"S-1-5-21-131110255-635260017-1229676798","doesanyacegrantownerrights":false,"doesanyinheritedacegrantownerrights":false,"isaclprotected":true,"whencreated":1744669418,"gpcpath":"\\\\INHERITANCE.AD2025.LAN\\SYSVOL\\INHERITANCE.AD2025.LAN\\POLICIES\\{6AC1786C-016F-11D2-945F-00C04FB984F9}"},"Aces":[{"PrincipalSID":"S-1-5-21-131110255-635260017-1229676798-512","PrincipalType":"Group","RightName":"Owns","IsInherited":false,"InheritanceHash":""},{"PrincipalSID":"S-1-5-21-131110255-635260017-1229676798-512","PrincipalType":"Group","RightName":"WriteDacl","IsInherited":false,"InheritanceHash":""},{"PrincipalSID":"S-1-5-21-131110255-635260017-1229676798-512","PrincipalType":"Group","RightName":"WriteOwner","IsInherited":false,"InheritanceHash":""},{"PrincipalSID":"S-1-5-21-131110255-635260017-1229676798-512","PrincipalType":"Group","RightName":"GenericWrite","IsInherited":false,"InheritanceHash":""},{"PrincipalSID":"S-1-5-21-131110255-635260017-1229676798-512","PrincipalType":"Group","RightName":"WriteDacl","IsInherited":false,"InheritanceHash":""},{"PrincipalSID":"S-1-5-21-131110255-635260017-1229676798-512","PrincipalType":"Group","RightName":"WriteOwner","IsInherited":false,"InheritanceHash":""},{"PrincipalSID":"S-1-5-21-131110255-635260017-1229676798-512","PrincipalType":"Group","RightName":"GenericWrite","IsInherited":false,"InheritanceHash":""},{"PrincipalSID":"S-1-5-21-1753113456-3794003277-551465778-519","PrincipalType":"Group","RightName":"WriteDacl","IsInherited":false,"InheritanceHash":""},{"PrincipalSID":"S-1-5-21-1753113456-3794003277-551465778-519","PrincipalType":"Group","RightName":"WriteOwner","IsInherited":false,"InheritanceHash":""},{"PrincipalSID":"S-1-5-21-1753113456-3794003277-551465778-519","PrincipalType":"Group","RightName":"GenericWrite","IsInherited":false,"InheritanceHash":""}],"ObjectIdentifier":"1D205BB0-34EC-4BEE-A7C6-B76CF2A81E1D","IsDeleted":false,"IsACLProtected":true,"ContainedBy":null},{"Properties":{"domain":"INHERITANCE.AD2025.LAN","name":"ADMINSDHOLDERAUDIT@INHERITANCE.AD2025.LAN","distinguishedname":"CN={4C773FAD-6DFF-4412-9471-1D4CC6B83C90},CN=POLICIES,CN=SYSTEM,DC=INHERITANCE,DC=AD2025,DC=LAN","domainsid":"S-1-5-21-131110255-635260017-1229676798","doesanyacegrantownerrights":false,"doesanyinheritedacegrantownerrights":false,"isaclprotected":true,"whencreated":1747169461,"gpcpath":"\\\\INHERITANCE.AD2025.LAN\\SYSVOL\\INHERITANCE.AD2025.LAN\\POLICIES\\{4C773FAD-6DFF-4412-9471-1D4CC6B83C90}"},"Aces":[{"PrincipalSID":"S-1-5-21-131110255-635260017-1229676798-512","PrincipalType":"Group","RightName":"Owns","IsInherited":false,"InheritanceHash":""},{"PrincipalSID":"S-1-5-21-131110255-635260017-1229676798-512","PrincipalType":"Group","RightName":"WriteDacl","IsInherited":false,"InheritanceHash":""},{"PrincipalSID":"S-1-5-21-131110255-635260017-1229676798-512","PrincipalType":"Group","RightName":"WriteOwner","IsInherited":false,"InheritanceHash":""},{"PrincipalSID":"S-1-5-21-131110255-635260017-1229676798-512","PrincipalType":"Group","RightName":"GenericWrite","IsInherited":false,"InheritanceHash":""},{"PrincipalSID":"S-1-5-21-1753113456-3794003277-551465778-519","PrincipalType":"Group","RightName":"WriteDacl","IsInherited":false,"InheritanceHash":""},{"PrincipalSID":"S-1-5-21-1753113456-3794003277-551465778-519","PrincipalType":"Group","RightName":"WriteOwner","IsInherited":false,"InheritanceHash":""},{"PrincipalSID":"S-1-5-21-1753113456-3794003277-551465778-519","PrincipalType":"Group","RightName":"GenericWrite","IsInherited":false,"InheritanceHash":""}],"ObjectIdentifier":"66E2E184-14D5-43E4-B164-69810AFB855E","IsDeleted":false,"IsACLProtected":true,"ContainedBy":null}],"meta":{"methods":7107563,"type":"gpos","count":3,"version":6,"collectorversion":"2.6.5.0"}}