{"data":[{"GPOChanges":{"LocalAdmins":[],"RemoteDesktopUsers":[],"DcomUsers":[],"PSRemoteUsers":[],"AffectedComputers":[]},"Properties":{"domain":"INHERITANCE.AD2025.LAN","name":"DOMAIN CONTROLLERS@INHERITANCE.AD2025.LAN","distinguishedname":"OU=DOMAIN CONTROLLERS,DC=INHERITANCE,DC=AD2025,DC=LAN","domainsid":"S-1-5-21-131110255-635260017-1229676798","doesanyacegrantownerrights":false,"doesanyinheritedacegrantownerrights":false,"isaclprotected":false,"description":"Default container for domain controllers","whencreated":1744669418,"blocksinheritance":false},"Links":[{"IsEnforced":false,"GUID":"66E2E184-14D5-43E4-B164-69810AFB855E"},{"IsEnforced":false,"GUID":"1D205BB0-34EC-4BEE-A7C6-B76CF2A81E1D"}],"ChildObjects":[],"InheritanceHashes":[],"Aces":[{"PrincipalSID":"S-1-5-21-131110255-635260017-1229676798-512","PrincipalType":"Group","RightName":"Owns","IsInherited":false,"InheritanceHash":""},{"PrincipalSID":"S-1-5-21-131110255-635260017-1229676798-512","PrincipalType":"Group","RightName":"WriteDacl","IsInherited":false,"InheritanceHash":""},{"PrincipalSID":"S-1-5-21-131110255-635260017-1229676798-512","PrincipalType":"Group","RightName":"WriteOwner","IsInherited":false,"InheritanceHash":""},{"PrincipalSID":"S-1-5-21-131110255-635260017-1229676798-512","PrincipalType":"Group","RightName":"GenericWrite","IsInherited":false,"InheritanceHash":""},{"PrincipalSID":"S-1-5-21-1753113456-3794003277-551465778-519","PrincipalType":"Group","RightName":"GenericAll","IsInherited":true,"InheritanceHash":"442A95ACE7B67011EC7FD506E5CA03D909E7D99C"},{"PrincipalSID":"INHERITANCE.AD2025.LAN-S-1-5-32-544","PrincipalType":"Group","RightName":"WriteDacl","IsInherited":true,"InheritanceHash":"62C26D4FB3FF64505B03CDD35D648DFBC6C157CC"},{"PrincipalSID":"INHERITANCE.AD2025.LAN-S-1-5-32-544","PrincipalType":"Group","RightName":"WriteOwner","IsInherited":true,"InheritanceHash":"62C26D4FB3FF64505B03CDD35D648DFBC6C157CC"},{"PrincipalSID":"INHERITANCE.AD2025.LAN-S-1-5-32-544","PrincipalType":"Group","RightName":"GenericWrite","IsInherited":true,"InheritanceHash":"62C26D4FB3FF64505B03CDD35D648DFBC6C157CC"}],"ObjectIdentifier":"4DCD60DA-6846-4241-B452-5A101504F2AC","IsDeleted":false,"IsACLProtected":false,"ContainedBy":{"ObjectIdentifier":"S-1-5-21-131110255-635260017-1229676798","ObjectType":"Domain"}},{"GPOChanges":{"LocalAdmins":[],"RemoteDesktopUsers":[],"DcomUsers":[],"PSRemoteUsers":[],"AffectedComputers":[]},"Properties":{"domain":"INHERITANCE.AD2025.LAN","name":"MISCONFIGS@INHERITANCE.AD2025.LAN","distinguishedname":"OU=MISCONFIGS,DC=INHERITANCE,DC=AD2025,DC=LAN","domainsid":"S-1-5-21-131110255-635260017-1229676798","doesanyacegrantownerrights":false,"doesanyinheritedacegrantownerrights":false,"isaclprotected":false,"whencreated":1744671147,"blocksinheritance":false},"Links":[],"ChildObjects":[],"InheritanceHashes":[],"Aces":[{"PrincipalSID":"S-1-5-21-131110255-635260017-1229676798-512","PrincipalType":"Group","RightName":"Owns","IsInherited":false,"InheritanceHash":""},{"PrincipalSID":"S-1-5-21-131110255-635260017-1229676798-512","PrincipalType":"Group","RightName":"GenericAll","IsInherited":false,"InheritanceHash":""},{"PrincipalSID":"S-1-5-21-1753113456-3794003277-551465778-519","PrincipalType":"Group","RightName":"GenericAll","IsInherited":true,"InheritanceHash":"442A95ACE7B67011EC7FD506E5CA03D909E7D99C"},{"PrincipalSID":"INHERITANCE.AD2025.LAN-S-1-5-32-544","PrincipalType":"Group","RightName":"WriteDacl","IsInherited":true,"InheritanceHash":"62C26D4FB3FF64505B03CDD35D648DFBC6C157CC"},{"PrincipalSID":"INHERITANCE.AD2025.LAN-S-1-5-32-544","PrincipalType":"Group","RightName":"WriteOwner","IsInherited":true,"InheritanceHash":"62C26D4FB3FF64505B03CDD35D648DFBC6C157CC"},{"PrincipalSID":"INHERITANCE.AD2025.LAN-S-1-5-32-544","PrincipalType":"Group","RightName":"GenericWrite","IsInherited":true,"InheritanceHash":"62C26D4FB3FF64505B03CDD35D648DFBC6C157CC"}],"ObjectIdentifier":"0BED8C84-B0DE-455F-9DE0-2318E6E8099F","IsDeleted":false,"IsACLProtected":false,"ContainedBy":{"ObjectIdentifier":"S-1-5-21-131110255-635260017-1229676798","ObjectType":"Domain"}},{"GPOChanges":{"LocalAdmins":[],"RemoteDesktopUsers":[],"DcomUsers":[],"PSRemoteUsers":[],"AffectedComputers":[]},"Properties":{"domain":"INHERITANCE.AD2025.LAN","name":"ADMINSDHOLDER-INHERITENCETESTS@INHERITANCE.AD2025.LAN","distinguishedname":"OU=ADMINSDHOLDER-INHERITENCETESTS,OU=MISCONFIGS,DC=INHERITANCE,DC=AD2025,DC=LAN","domainsid":"S-1-5-21-131110255-635260017-1229676798","doesanyacegrantownerrights":false,"doesanyinheritedacegrantownerrights":false,"isaclprotected":false,"whencreated":1744671258,"blocksinheritance":false},"Links":[],"ChildObjects":[],"InheritanceHashes":["6CB388CCD301B85312100F14213BB9BF9EC8E518","62D639E607F4F5B93ADA9C0187BE2F3A4C7B8542","A45EA31906AD57104679090D840015B3DF0EEF26"],"Aces":[{"PrincipalSID":"S-1-5-21-131110255-635260017-1229676798-512","PrincipalType":"Group","RightName":"Owns","IsInherited":false,"InheritanceHash":""},{"PrincipalSID":"S-1-5-21-131110255-635260017-1229676798-512","PrincipalType":"Group","RightName":"GenericAll","IsInherited":false,"InheritanceHash":""},{"PrincipalSID":"S-1-5-21-131110255-635260017-1229676798-1105","PrincipalType":"Group","RightName":"WriteGPLink","IsInherited":false,"InheritanceHash":""},{"PrincipalSID":"S-1-5-21-1753113456-3794003277-551465778-519","PrincipalType":"Group","RightName":"GenericAll","IsInherited":true,"InheritanceHash":"442A95ACE7B67011EC7FD506E5CA03D909E7D99C"},{"PrincipalSID":"INHERITANCE.AD2025.LAN-S-1-5-32-544","PrincipalType":"Group","RightName":"WriteDacl","IsInherited":true,"InheritanceHash":"62C26D4FB3FF64505B03CDD35D648DFBC6C157CC"},{"PrincipalSID":"INHERITANCE.AD2025.LAN-S-1-5-32-544","PrincipalType":"Group","RightName":"WriteOwner","IsInherited":true,"InheritanceHash":"62C26D4FB3FF64505B03CDD35D648DFBC6C157CC"},{"PrincipalSID":"INHERITANCE.AD2025.LAN-S-1-5-32-544","PrincipalType":"Group","RightName":"GenericWrite","IsInherited":true,"InheritanceHash":"62C26D4FB3FF64505B03CDD35D648DFBC6C157CC"}],"ObjectIdentifier":"BDCE3A70-240C-4421-B8A8-12493DE13BC0","IsDeleted":false,"IsACLProtected":false,"ContainedBy":{"ObjectIdentifier":"0BED8C84-B0DE-455F-9DE0-2318E6E8099F","ObjectType":"OU"}},{"GPOChanges":{"LocalAdmins":[],"RemoteDesktopUsers":[],"DcomUsers":[],"PSRemoteUsers":[],"AffectedComputers":[]},"Properties":{"domain":"INHERITANCE.AD2025.LAN","name":"ADMINSDHOLDER-INHERITANCEDISABLED@INHERITANCE.AD2025.LAN","distinguishedname":"OU=ADMINSDHOLDER-INHERITANCEDISABLED,OU=MISCONFIGS,DC=INHERITANCE,DC=AD2025,DC=LAN","domainsid":"S-1-5-21-131110255-635260017-1229676798","doesanyacegrantownerrights":false,"doesanyinheritedacegrantownerrights":false,"isaclprotected":true,"whencreated":1745332084,"blocksinheritance":false},"Links":[],"ChildObjects":[],"InheritanceHashes":[],"Aces":[{"PrincipalSID":"S-1-5-21-131110255-635260017-1229676798-512","PrincipalType":"Group","RightName":"Owns","IsInherited":false,"InheritanceHash":""},{"PrincipalSID":"S-1-5-21-131110255-635260017-1229676798-512","PrincipalType":"Group","RightName":"GenericAll","IsInherited":false,"InheritanceHash":""}],"ObjectIdentifier":"57991727-D0F5-4300-BBFA-B6B2F5DACC26","IsDeleted":false,"IsACLProtected":true,"ContainedBy":{"ObjectIdentifier":"0BED8C84-B0DE-455F-9DE0-2318E6E8099F","ObjectType":"OU"}},{"GPOChanges":{"LocalAdmins":[],"RemoteDesktopUsers":[],"DcomUsers":[],"PSRemoteUsers":[],"AffectedComputers":[]},"Properties":{"domain":"INHERITANCE.AD2025.LAN","name":"PRINCIPALS@INHERITANCE.AD2025.LAN","distinguishedname":"OU=PRINCIPALS,OU=MISCONFIGS,DC=INHERITANCE,DC=AD2025,DC=LAN","domainsid":"S-1-5-21-131110255-635260017-1229676798","doesanyacegrantownerrights":false,"doesanyinheritedacegrantownerrights":false,"isaclprotected":false,"whencreated":1744671161,"blocksinheritance":false},"Links":[],"ChildObjects":[],"InheritanceHashes":[],"Aces":[{"PrincipalSID":"S-1-5-21-131110255-635260017-1229676798-512","PrincipalType":"Group","RightName":"Owns","IsInherited":false,"InheritanceHash":""},{"PrincipalSID":"S-1-5-21-131110255-635260017-1229676798-512","PrincipalType":"Group","RightName":"GenericAll","IsInherited":false,"InheritanceHash":""},{"PrincipalSID":"S-1-5-21-1753113456-3794003277-551465778-519","PrincipalType":"Group","RightName":"GenericAll","IsInherited":true,"InheritanceHash":"442A95ACE7B67011EC7FD506E5CA03D909E7D99C"},{"PrincipalSID":"INHERITANCE.AD2025.LAN-S-1-5-32-544","PrincipalType":"Group","RightName":"WriteDacl","IsInherited":true,"InheritanceHash":"62C26D4FB3FF64505B03CDD35D648DFBC6C157CC"},{"PrincipalSID":"INHERITANCE.AD2025.LAN-S-1-5-32-544","PrincipalType":"Group","RightName":"WriteOwner","IsInherited":true,"InheritanceHash":"62C26D4FB3FF64505B03CDD35D648DFBC6C157CC"},{"PrincipalSID":"INHERITANCE.AD2025.LAN-S-1-5-32-544","PrincipalType":"Group","RightName":"GenericWrite","IsInherited":true,"InheritanceHash":"62C26D4FB3FF64505B03CDD35D648DFBC6C157CC"}],"ObjectIdentifier":"7EF31111-7A4D-4760-9485-401F88C3282F","IsDeleted":false,"IsACLProtected":false,"ContainedBy":{"ObjectIdentifier":"0BED8C84-B0DE-455F-9DE0-2318E6E8099F","ObjectType":"OU"}},{"GPOChanges":{"LocalAdmins":[],"RemoteDesktopUsers":[],"DcomUsers":[],"PSRemoteUsers":[],"AffectedComputers":[]},"Properties":{"domain":"INHERITANCE.AD2025.LAN","name":"SDPROPTESTS@INHERITANCE.AD2025.LAN","distinguishedname":"OU=SDPROPTESTS,OU=MISCONFIGS,DC=INHERITANCE,DC=AD2025,DC=LAN","domainsid":"S-1-5-21-131110255-635260017-1229676798","doesanyacegrantownerrights":false,"doesanyinheritedacegrantownerrights":false,"isaclprotected":false,"whencreated":1745888246,"blocksinheritance":false},"Links":[],"ChildObjects":[],"InheritanceHashes":[],"Aces":[{"PrincipalSID":"S-1-5-21-131110255-635260017-1229676798-512","PrincipalType":"Group","RightName":"Owns","IsInherited":false,"InheritanceHash":""},{"PrincipalSID":"S-1-5-21-131110255-635260017-1229676798-512","PrincipalType":"Group","RightName":"GenericAll","IsInherited":false,"InheritanceHash":""},{"PrincipalSID":"S-1-5-21-1753113456-3794003277-551465778-519","PrincipalType":"Group","RightName":"GenericAll","IsInherited":true,"InheritanceHash":"442A95ACE7B67011EC7FD506E5CA03D909E7D99C"},{"PrincipalSID":"INHERITANCE.AD2025.LAN-S-1-5-32-544","PrincipalType":"Group","RightName":"WriteDacl","IsInherited":true,"InheritanceHash":"62C26D4FB3FF64505B03CDD35D648DFBC6C157CC"},{"PrincipalSID":"INHERITANCE.AD2025.LAN-S-1-5-32-544","PrincipalType":"Group","RightName":"WriteOwner","IsInherited":true,"InheritanceHash":"62C26D4FB3FF64505B03CDD35D648DFBC6C157CC"},{"PrincipalSID":"INHERITANCE.AD2025.LAN-S-1-5-32-544","PrincipalType":"Group","RightName":"GenericWrite","IsInherited":true,"InheritanceHash":"62C26D4FB3FF64505B03CDD35D648DFBC6C157CC"}],"ObjectIdentifier":"14AAA3B0-0EDB-4EA5-A32C-5AA4387C389B","IsDeleted":false,"IsACLProtected":false,"ContainedBy":{"ObjectIdentifier":"0BED8C84-B0DE-455F-9DE0-2318E6E8099F","ObjectType":"OU"}},{"GPOChanges":{"LocalAdmins":[],"RemoteDesktopUsers":[],"DcomUsers":[],"PSRemoteUsers":[],"AffectedComputers":[]},"Properties":{"domain":"INHERITANCE.AD2025.LAN","name":"SDPROPTEST1@INHERITANCE.AD2025.LAN","distinguishedname":"OU=SDPROPTEST1,OU=SDPROPTESTS,OU=MISCONFIGS,DC=INHERITANCE,DC=AD2025,DC=LAN","domainsid":"S-1-5-21-131110255-635260017-1229676798","doesanyacegrantownerrights":false,"doesanyinheritedacegrantownerrights":false,"isaclprotected":false,"whencreated":1745888258,"blocksinheritance":false},"Links":[],"ChildObjects":[],"InheritanceHashes":["3ED4042C6C6E8022DDF88166873F5A63758A3214"],"Aces":[{"PrincipalSID":"S-1-5-21-131110255-635260017-1229676798-512","PrincipalType":"Group","RightName":"Owns","IsInherited":false,"InheritanceHash":""},{"PrincipalSID":"S-1-5-21-131110255-635260017-1229676798-512","PrincipalType":"Group","RightName":"GenericAll","IsInherited":false,"InheritanceHash":""},{"PrincipalSID":"S-1-5-21-131110255-635260017-1229676798-1110","PrincipalType":"Group","RightName":"GenericWrite","IsInherited":false,"InheritanceHash":""},{"PrincipalSID":"S-1-5-21-1753113456-3794003277-551465778-519","PrincipalType":"Group","RightName":"GenericAll","IsInherited":true,"InheritanceHash":"442A95ACE7B67011EC7FD506E5CA03D909E7D99C"},{"PrincipalSID":"INHERITANCE.AD2025.LAN-S-1-5-32-544","PrincipalType":"Group","RightName":"WriteDacl","IsInherited":true,"InheritanceHash":"62C26D4FB3FF64505B03CDD35D648DFBC6C157CC"},{"PrincipalSID":"INHERITANCE.AD2025.LAN-S-1-5-32-544","PrincipalType":"Group","RightName":"WriteOwner","IsInherited":true,"InheritanceHash":"62C26D4FB3FF64505B03CDD35D648DFBC6C157CC"},{"PrincipalSID":"INHERITANCE.AD2025.LAN-S-1-5-32-544","PrincipalType":"Group","RightName":"GenericWrite","IsInherited":true,"InheritanceHash":"62C26D4FB3FF64505B03CDD35D648DFBC6C157CC"}],"ObjectIdentifier":"EB6E7C35-E2AA-4C7A-9241-6CA97094D5A1","IsDeleted":false,"IsACLProtected":false,"ContainedBy":{"ObjectIdentifier":"14AAA3B0-0EDB-4EA5-A32C-5AA4387C389B","ObjectType":"OU"}},{"GPOChanges":{"LocalAdmins":[],"RemoteDesktopUsers":[],"DcomUsers":[],"PSRemoteUsers":[],"AffectedComputers":[]},"Properties":{"domain":"INHERITANCE.AD2025.LAN","name":"SDPROPTEST2@INHERITANCE.AD2025.LAN","distinguishedname":"OU=SDPROPTEST2,OU=SDPROPTESTS,OU=MISCONFIGS,DC=INHERITANCE,DC=AD2025,DC=LAN","domainsid":"S-1-5-21-131110255-635260017-1229676798","doesanyacegrantownerrights":false,"doesanyinheritedacegrantownerrights":false,"isaclprotected":false,"whencreated":1745888269,"blocksinheritance":false},"Links":[],"ChildObjects":[],"InheritanceHashes":["F0585E9CD7E56FF24E63816AF96CB1FE2E3C84B2"],"Aces":[{"PrincipalSID":"S-1-5-21-131110255-635260017-1229676798-512","PrincipalType":"Group","RightName":"Owns","IsInherited":false,"InheritanceHash":""},{"PrincipalSID":"S-1-5-21-131110255-635260017-1229676798-512","PrincipalType":"Group","RightName":"GenericAll","IsInherited":false,"InheritanceHash":""},{"PrincipalSID":"S-1-5-21-1753113456-3794003277-551465778-519","PrincipalType":"Group","RightName":"GenericAll","IsInherited":true,"InheritanceHash":"442A95ACE7B67011EC7FD506E5CA03D909E7D99C"},{"PrincipalSID":"INHERITANCE.AD2025.LAN-S-1-5-32-544","PrincipalType":"Group","RightName":"WriteDacl","IsInherited":true,"InheritanceHash":"62C26D4FB3FF64505B03CDD35D648DFBC6C157CC"},{"PrincipalSID":"INHERITANCE.AD2025.LAN-S-1-5-32-544","PrincipalType":"Group","RightName":"WriteOwner","IsInherited":true,"InheritanceHash":"62C26D4FB3FF64505B03CDD35D648DFBC6C157CC"},{"PrincipalSID":"INHERITANCE.AD2025.LAN-S-1-5-32-544","PrincipalType":"Group","RightName":"GenericWrite","IsInherited":true,"InheritanceHash":"62C26D4FB3FF64505B03CDD35D648DFBC6C157CC"}],"ObjectIdentifier":"14FCDB7E-469E-4AD9-A28C-80FB923B2A0A","IsDeleted":false,"IsACLProtected":false,"ContainedBy":{"ObjectIdentifier":"14AAA3B0-0EDB-4EA5-A32C-5AA4387C389B","ObjectType":"OU"}},{"GPOChanges":{"LocalAdmins":[],"RemoteDesktopUsers":[],"DcomUsers":[],"PSRemoteUsers":[],"AffectedComputers":[]},"Properties":{"domain":"INHERITANCE.AD2025.LAN","name":"TESTA@INHERITANCE.AD2025.LAN","distinguishedname":"OU=TESTA,OU=TESTDACLPROT,OU=SDPROPTEST1,OU=SDPROPTESTS,OU=MISCONFIGS,DC=INHERITANCE,DC=AD2025,DC=LAN","domainsid":"S-1-5-21-131110255-635260017-1229676798","doesanyacegrantownerrights":false,"doesanyinheritedacegrantownerrights":false,"isaclprotected":false,"whencreated":1745888445,"blocksinheritance":false},"Links":[],"ChildObjects":[],"InheritanceHashes":["90E1C536D4A731B590C9164212EEEAB46B707B56"],"Aces":[{"PrincipalSID":"S-1-5-21-131110255-635260017-1229676798-512","PrincipalType":"Group","RightName":"Owns","IsInherited":false,"InheritanceHash":""},{"PrincipalSID":"S-1-5-21-131110255-635260017-1229676798-512","PrincipalType":"Group","RightName":"GenericAll","IsInherited":false,"InheritanceHash":""}],"ObjectIdentifier":"69B594AF-C2C5-487D-AD57-89B6566A35C3","IsDeleted":false,"IsACLProtected":false,"ContainedBy":{"ObjectIdentifier":"DD9AB13A-AF20-4F63-967A-87C44C25E163","ObjectType":"OU"}},{"GPOChanges":{"LocalAdmins":[],"RemoteDesktopUsers":[],"DcomUsers":[],"PSRemoteUsers":[],"AffectedComputers":[]},"Properties":{"domain":"INHERITANCE.AD2025.LAN","name":"TESTC@INHERITANCE.AD2025.LAN","distinguishedname":"OU=TESTC,OU=TESTB,OU=TESTA,OU=TESTDACLPROT,OU=SDPROPTEST1,OU=SDPROPTESTS,OU=MISCONFIGS,DC=INHERITANCE,DC=AD2025,DC=LAN","domainsid":"S-1-5-21-131110255-635260017-1229676798","doesanyacegrantownerrights":false,"doesanyinheritedacegrantownerrights":false,"isaclprotected":false,"whencreated":1745888464,"blocksinheritance":false},"Links":[],"ChildObjects":[],"InheritanceHashes":[],"Aces":[{"PrincipalSID":"S-1-5-21-131110255-635260017-1229676798-512","PrincipalType":"Group","RightName":"Owns","IsInherited":false,"InheritanceHash":""},{"PrincipalSID":"S-1-5-21-131110255-635260017-1229676798-512","PrincipalType":"Group","RightName":"GenericAll","IsInherited":false,"InheritanceHash":""}],"ObjectIdentifier":"7E192142-B272-4E17-AA02-551B11A25B3A","IsDeleted":false,"IsACLProtected":false,"ContainedBy":{"ObjectIdentifier":"9C6E1A7D-36EA-497F-A13F-1F4FACEDD2C9","ObjectType":"OU"}},{"GPOChanges":{"LocalAdmins":[],"RemoteDesktopUsers":[],"DcomUsers":[],"PSRemoteUsers":[],"AffectedComputers":[]},"Properties":{"domain":"INHERITANCE.AD2025.LAN","name":"TESTB@INHERITANCE.AD2025.LAN","distinguishedname":"OU=TESTB,OU=TESTA,OU=TESTDACLPROT,OU=SDPROPTEST1,OU=SDPROPTESTS,OU=MISCONFIGS,DC=INHERITANCE,DC=AD2025,DC=LAN","domainsid":"S-1-5-21-131110255-635260017-1229676798","doesanyacegrantownerrights":false,"doesanyinheritedacegrantownerrights":false,"isaclprotected":false,"whencreated":1745888454,"blocksinheritance":false},"Links":[],"ChildObjects":[],"InheritanceHashes":[],"Aces":[{"PrincipalSID":"S-1-5-21-131110255-635260017-1229676798-512","PrincipalType":"Group","RightName":"Owns","IsInherited":false,"InheritanceHash":""},{"PrincipalSID":"S-1-5-21-131110255-635260017-1229676798-512","PrincipalType":"Group","RightName":"GenericAll","IsInherited":false,"InheritanceHash":""}],"ObjectIdentifier":"9C6E1A7D-36EA-497F-A13F-1F4FACEDD2C9","IsDeleted":false,"IsACLProtected":false,"ContainedBy":{"ObjectIdentifier":"69B594AF-C2C5-487D-AD57-89B6566A35C3","ObjectType":"OU"}},{"GPOChanges":{"LocalAdmins":[],"RemoteDesktopUsers":[],"DcomUsers":[],"PSRemoteUsers":[],"AffectedComputers":[]},"Properties":{"domain":"INHERITANCE.AD2025.LAN","name":"ADMINSDHOLDER-INHERITANCEREENABLED@INHERITANCE.AD2025.LAN","distinguishedname":"OU=ADMINSDHOLDER-INHERITANCEREENABLED,OU=ADMINSDHOLDER-INHERITANCEDISABLED,OU=MISCONFIGS,DC=INHERITANCE,DC=AD2025,DC=LAN","domainsid":"S-1-5-21-131110255-635260017-1229676798","doesanyacegrantownerrights":false,"doesanyinheritedacegrantownerrights":false,"isaclprotected":false,"whencreated":1747163340,"blocksinheritance":false},"Links":[],"ChildObjects":[],"InheritanceHashes":["53A4CF2DE1986F4787C8AC7B6C18D371677A8EE6"],"Aces":[{"PrincipalSID":"S-1-5-21-131110255-635260017-1229676798-512","PrincipalType":"Group","RightName":"Owns","IsInherited":false,"InheritanceHash":""},{"PrincipalSID":"INHERITANCE.AD2025.LAN-S-1-5-32-552","PrincipalType":"Group","RightName":"GenericWrite","IsInherited":false,"InheritanceHash":""},{"PrincipalSID":"S-1-5-21-131110255-635260017-1229676798-512","PrincipalType":"Group","RightName":"GenericAll","IsInherited":false,"InheritanceHash":""}],"ObjectIdentifier":"87A8A6FE-5E28-4DE1-8C2F-1F1FAC66BEB7","IsDeleted":false,"IsACLProtected":false,"ContainedBy":{"ObjectIdentifier":"57991727-D0F5-4300-BBFA-B6B2F5DACC26","ObjectType":"OU"}},{"GPOChanges":{"LocalAdmins":[],"RemoteDesktopUsers":[],"DcomUsers":[],"PSRemoteUsers":[],"AffectedComputers":[]},"Properties":{"domain":"INHERITANCE.AD2025.LAN","name":"TESTDACLPROT@INHERITANCE.AD2025.LAN","distinguishedname":"OU=TESTDACLPROT,OU=SDPROPTEST1,OU=SDPROPTESTS,OU=MISCONFIGS,DC=INHERITANCE,DC=AD2025,DC=LAN","domainsid":"S-1-5-21-131110255-635260017-1229676798","doesanyacegrantownerrights":false,"doesanyinheritedacegrantownerrights":false,"isaclprotected":true,"whencreated":1745888651,"blocksinheritance":false},"Links":[],"ChildObjects":[],"InheritanceHashes":[],"Aces":[{"PrincipalSID":"S-1-5-21-131110255-635260017-1229676798-512","PrincipalType":"Group","RightName":"Owns","IsInherited":false,"InheritanceHash":""},{"PrincipalSID":"S-1-5-21-131110255-635260017-1229676798-512","PrincipalType":"Group","RightName":"GenericAll","IsInherited":false,"InheritanceHash":""}],"ObjectIdentifier":"DD9AB13A-AF20-4F63-967A-87C44C25E163","IsDeleted":false,"IsACLProtected":true,"ContainedBy":{"ObjectIdentifier":"EB6E7C35-E2AA-4C7A-9241-6CA97094D5A1","ObjectType":"OU"}},{"GPOChanges":{"LocalAdmins":[],"RemoteDesktopUsers":[],"DcomUsers":[],"PSRemoteUsers":[],"AffectedComputers":[]},"Properties":{"domain":"INHERITANCE.AD2025.LAN","name":"TIER 0@INHERITANCE.AD2025.LAN","distinguishedname":"OU=TIER 0,DC=INHERITANCE,DC=AD2025,DC=LAN","domainsid":"S-1-5-21-131110255-635260017-1229676798","doesanyacegrantownerrights":false,"doesanyinheritedacegrantownerrights":false,"isaclprotected":true,"whencreated":1747319790,"blocksinheritance":false},"Links":[],"ChildObjects":[],"InheritanceHashes":["62C26D4FB3FF64505B03CDD35D648DFBC6C157CC","8A7E70B9447D3D266713CC63539109610AAA6F86","442A95ACE7B67011EC7FD506E5CA03D909E7D99C","3394B12047D813D8E785125F70F036295659396E","C8CE4AAA5C895484A901F72D613EFA95438BFA1A","82F1118FBA43CD2991735436A4256B6401296391"],"Aces":[{"PrincipalSID":"S-1-5-21-131110255-635260017-1229676798-512","PrincipalType":"Group","RightName":"Owns","IsInherited":false,"InheritanceHash":""},{"PrincipalSID":"INHERITANCE.AD2025.LAN-S-1-5-32-544","PrincipalType":"Group","RightName":"WriteDacl","IsInherited":false,"InheritanceHash":""},{"PrincipalSID":"INHERITANCE.AD2025.LAN-S-1-5-32-544","PrincipalType":"Group","RightName":"WriteOwner","IsInherited":false,"InheritanceHash":""},{"PrincipalSID":"INHERITANCE.AD2025.LAN-S-1-5-32-544","PrincipalType":"Group","RightName":"GenericWrite","IsInherited":false,"InheritanceHash":""},{"PrincipalSID":"S-1-5-21-131110255-635260017-1229676798-512","PrincipalType":"Group","RightName":"GenericAll","IsInherited":false,"InheritanceHash":""},{"PrincipalSID":"S-1-5-21-1753113456-3794003277-551465778-519","PrincipalType":"Group","RightName":"GenericAll","IsInherited":false,"InheritanceHash":""}],"ObjectIdentifier":"28150B01-99BC-4622-A9E4-0ECE1DF1EC21","IsDeleted":false,"IsACLProtected":true,"ContainedBy":{"ObjectIdentifier":"S-1-5-21-131110255-635260017-1229676798","ObjectType":"Domain"}},{"GPOChanges":{"LocalAdmins":[],"RemoteDesktopUsers":[],"DcomUsers":[],"PSRemoteUsers":[],"AffectedComputers":[]},"Properties":{"domain":"INHERITANCE.AD2025.LAN","name":"USERS - T0@INHERITANCE.AD2025.LAN","distinguishedname":"OU=USERS - T0,OU=TIER 0,DC=INHERITANCE,DC=AD2025,DC=LAN","domainsid":"S-1-5-21-131110255-635260017-1229676798","doesanyacegrantownerrights":false,"doesanyinheritedacegrantownerrights":false,"isaclprotected":false,"whencreated":1747319843,"blocksinheritance":false},"Links":[],"ChildObjects":[],"InheritanceHashes":[],"Aces":[{"PrincipalSID":"S-1-5-21-131110255-635260017-1229676798-512","PrincipalType":"Group","RightName":"Owns","IsInherited":false,"InheritanceHash":""},{"PrincipalSID":"S-1-5-21-131110255-635260017-1229676798-512","PrincipalType":"Group","RightName":"GenericAll","IsInherited":false,"InheritanceHash":""},{"PrincipalSID":"S-1-5-21-1753113456-3794003277-551465778-519","PrincipalType":"Group","RightName":"GenericAll","IsInherited":true,"InheritanceHash":"442A95ACE7B67011EC7FD506E5CA03D909E7D99C"},{"PrincipalSID":"INHERITANCE.AD2025.LAN-S-1-5-32-544","PrincipalType":"Group","RightName":"WriteDacl","IsInherited":true,"InheritanceHash":"62C26D4FB3FF64505B03CDD35D648DFBC6C157CC"},{"PrincipalSID":"INHERITANCE.AD2025.LAN-S-1-5-32-544","PrincipalType":"Group","RightName":"WriteOwner","IsInherited":true,"InheritanceHash":"62C26D4FB3FF64505B03CDD35D648DFBC6C157CC"},{"PrincipalSID":"INHERITANCE.AD2025.LAN-S-1-5-32-544","PrincipalType":"Group","RightName":"GenericWrite","IsInherited":true,"InheritanceHash":"62C26D4FB3FF64505B03CDD35D648DFBC6C157CC"}],"ObjectIdentifier":"13FE9345-866D-45EC-A0B7-46CC6BC2FDEB","IsDeleted":false,"IsACLProtected":false,"ContainedBy":{"ObjectIdentifier":"28150B01-99BC-4622-A9E4-0ECE1DF1EC21","ObjectType":"OU"}},{"GPOChanges":{"LocalAdmins":[],"RemoteDesktopUsers":[],"DcomUsers":[],"PSRemoteUsers":[],"AffectedComputers":[]},"Properties":{"domain":"INHERITANCE.AD2025.LAN","name":"HOUSTON@INHERITANCE.AD2025.LAN","distinguishedname":"OU=HOUSTON,OU=STANDARD USERS,DC=INHERITANCE,DC=AD2025,DC=LAN","domainsid":"S-1-5-21-131110255-635260017-1229676798","doesanyacegrantownerrights":false,"doesanyinheritedacegrantownerrights":false,"isaclprotected":false,"description":"ReallyBadDACL for Reasons","whencreated":1747319482,"blocksinheritance":false},"Links":[],"ChildObjects":[],"InheritanceHashes":["05E69986E1F6236956F2A03F309AF84DB5C4E5A0"],"Aces":[{"PrincipalSID":"S-1-5-21-131110255-635260017-1229676798-1121","PrincipalType":"User","RightName":"Owns","IsInherited":false,"InheritanceHash":""},{"PrincipalSID":"S-1-5-21-131110255-635260017-1229676798-512","PrincipalType":"Group","RightName":"GenericAll","IsInherited":false,"InheritanceHash":""},{"PrincipalSID":"S-1-5-21-131110255-635260017-1229676798-515","PrincipalType":"Group","RightName":"GenericWrite","IsInherited":false,"InheritanceHash":""},{"PrincipalSID":"S-1-5-21-1753113456-3794003277-551465778-519","PrincipalType":"Group","RightName":"GenericAll","IsInherited":true,"InheritanceHash":"442A95ACE7B67011EC7FD506E5CA03D909E7D99C"},{"PrincipalSID":"INHERITANCE.AD2025.LAN-S-1-5-32-544","PrincipalType":"Group","RightName":"WriteDacl","IsInherited":true,"InheritanceHash":"62C26D4FB3FF64505B03CDD35D648DFBC6C157CC"},{"PrincipalSID":"INHERITANCE.AD2025.LAN-S-1-5-32-544","PrincipalType":"Group","RightName":"WriteOwner","IsInherited":true,"InheritanceHash":"62C26D4FB3FF64505B03CDD35D648DFBC6C157CC"},{"PrincipalSID":"INHERITANCE.AD2025.LAN-S-1-5-32-544","PrincipalType":"Group","RightName":"GenericWrite","IsInherited":true,"InheritanceHash":"62C26D4FB3FF64505B03CDD35D648DFBC6C157CC"}],"ObjectIdentifier":"BC9A8C6F-C94F-455C-BCC0-EDDECE48A539","IsDeleted":false,"IsACLProtected":false,"ContainedBy":{"ObjectIdentifier":"172E7BB6-6268-475C-977C-312C4B8E6699","ObjectType":"OU"}},{"GPOChanges":{"LocalAdmins":[],"RemoteDesktopUsers":[],"DcomUsers":[],"PSRemoteUsers":[],"AffectedComputers":[]},"Properties":{"domain":"INHERITANCE.AD2025.LAN","name":"COMPUTERS - T0@INHERITANCE.AD2025.LAN","distinguishedname":"OU=COMPUTERS - T0,OU=TIER 0,DC=INHERITANCE,DC=AD2025,DC=LAN","domainsid":"S-1-5-21-131110255-635260017-1229676798","doesanyacegrantownerrights":false,"doesanyinheritedacegrantownerrights":false,"isaclprotected":false,"whencreated":1747319852,"blocksinheritance":false},"Links":[],"ChildObjects":[],"InheritanceHashes":[],"Aces":[{"PrincipalSID":"S-1-5-21-131110255-635260017-1229676798-512","PrincipalType":"Group","RightName":"Owns","IsInherited":false,"InheritanceHash":""},{"PrincipalSID":"S-1-5-21-131110255-635260017-1229676798-512","PrincipalType":"Group","RightName":"GenericAll","IsInherited":false,"InheritanceHash":""},{"PrincipalSID":"S-1-5-21-1753113456-3794003277-551465778-519","PrincipalType":"Group","RightName":"GenericAll","IsInherited":true,"InheritanceHash":"442A95ACE7B67011EC7FD506E5CA03D909E7D99C"},{"PrincipalSID":"INHERITANCE.AD2025.LAN-S-1-5-32-544","PrincipalType":"Group","RightName":"WriteDacl","IsInherited":true,"InheritanceHash":"62C26D4FB3FF64505B03CDD35D648DFBC6C157CC"},{"PrincipalSID":"INHERITANCE.AD2025.LAN-S-1-5-32-544","PrincipalType":"Group","RightName":"WriteOwner","IsInherited":true,"InheritanceHash":"62C26D4FB3FF64505B03CDD35D648DFBC6C157CC"},{"PrincipalSID":"INHERITANCE.AD2025.LAN-S-1-5-32-544","PrincipalType":"Group","RightName":"GenericWrite","IsInherited":true,"InheritanceHash":"62C26D4FB3FF64505B03CDD35D648DFBC6C157CC"}],"ObjectIdentifier":"32AE4FA5-3CF8-46B2-9F34-57D13FCE5089","IsDeleted":false,"IsACLProtected":false,"ContainedBy":{"ObjectIdentifier":"28150B01-99BC-4622-A9E4-0ECE1DF1EC21","ObjectType":"OU"}},{"GPOChanges":{"LocalAdmins":[],"RemoteDesktopUsers":[],"DcomUsers":[],"PSRemoteUsers":[],"AffectedComputers":[]},"Properties":{"domain":"INHERITANCE.AD2025.LAN","name":"GROUPS - T0@INHERITANCE.AD2025.LAN","distinguishedname":"OU=GROUPS - T0,OU=TIER 0,DC=INHERITANCE,DC=AD2025,DC=LAN","domainsid":"S-1-5-21-131110255-635260017-1229676798","doesanyacegrantownerrights":false,"doesanyinheritedacegrantownerrights":false,"isaclprotected":false,"whencreated":1747319861,"blocksinheritance":false},"Links":[],"ChildObjects":[],"InheritanceHashes":[],"Aces":[{"PrincipalSID":"S-1-5-21-131110255-635260017-1229676798-512","PrincipalType":"Group","RightName":"Owns","IsInherited":false,"InheritanceHash":""},{"PrincipalSID":"S-1-5-21-131110255-635260017-1229676798-512","PrincipalType":"Group","RightName":"GenericAll","IsInherited":false,"InheritanceHash":""},{"PrincipalSID":"S-1-5-21-1753113456-3794003277-551465778-519","PrincipalType":"Group","RightName":"GenericAll","IsInherited":true,"InheritanceHash":"442A95ACE7B67011EC7FD506E5CA03D909E7D99C"},{"PrincipalSID":"INHERITANCE.AD2025.LAN-S-1-5-32-544","PrincipalType":"Group","RightName":"WriteDacl","IsInherited":true,"InheritanceHash":"62C26D4FB3FF64505B03CDD35D648DFBC6C157CC"},{"PrincipalSID":"INHERITANCE.AD2025.LAN-S-1-5-32-544","PrincipalType":"Group","RightName":"WriteOwner","IsInherited":true,"InheritanceHash":"62C26D4FB3FF64505B03CDD35D648DFBC6C157CC"},{"PrincipalSID":"INHERITANCE.AD2025.LAN-S-1-5-32-544","PrincipalType":"Group","RightName":"GenericWrite","IsInherited":true,"InheritanceHash":"62C26D4FB3FF64505B03CDD35D648DFBC6C157CC"}],"ObjectIdentifier":"CFA08614-AF88-48E3-876F-19C641BB4BBE","IsDeleted":false,"IsACLProtected":false,"ContainedBy":{"ObjectIdentifier":"28150B01-99BC-4622-A9E4-0ECE1DF1EC21","ObjectType":"OU"}},{"GPOChanges":{"LocalAdmins":[],"RemoteDesktopUsers":[],"DcomUsers":[],"PSRemoteUsers":[],"AffectedComputers":[]},"Properties":{"domain":"INHERITANCE.AD2025.LAN","name":"TIER 1@INHERITANCE.AD2025.LAN","distinguishedname":"OU=TIER 1,DC=INHERITANCE,DC=AD2025,DC=LAN","domainsid":"S-1-5-21-131110255-635260017-1229676798","doesanyacegrantownerrights":false,"doesanyinheritedacegrantownerrights":false,"isaclprotected":false,"whencreated":1747319871,"blocksinheritance":false},"Links":[],"ChildObjects":[],"InheritanceHashes":["3DCDEDC5C760DECA3D8677C94057E20A0D74DA1E"],"Aces":[{"PrincipalSID":"S-1-5-21-131110255-635260017-1229676798-512","PrincipalType":"Group","RightName":"Owns","IsInherited":false,"InheritanceHash":""},{"PrincipalSID":"S-1-5-21-131110255-635260017-1229676798-512","PrincipalType":"Group","RightName":"GenericAll","IsInherited":false,"InheritanceHash":""},{"PrincipalSID":"S-1-5-21-131110255-635260017-1229676798-1118","PrincipalType":"Group","RightName":"GenericAll","IsInherited":false,"InheritanceHash":""},{"PrincipalSID":"S-1-5-21-1753113456-3794003277-551465778-519","PrincipalType":"Group","RightName":"GenericAll","IsInherited":true,"InheritanceHash":"442A95ACE7B67011EC7FD506E5CA03D909E7D99C"},{"PrincipalSID":"INHERITANCE.AD2025.LAN-S-1-5-32-544","PrincipalType":"Group","RightName":"WriteDacl","IsInherited":true,"InheritanceHash":"62C26D4FB3FF64505B03CDD35D648DFBC6C157CC"},{"PrincipalSID":"INHERITANCE.AD2025.LAN-S-1-5-32-544","PrincipalType":"Group","RightName":"WriteOwner","IsInherited":true,"InheritanceHash":"62C26D4FB3FF64505B03CDD35D648DFBC6C157CC"},{"PrincipalSID":"INHERITANCE.AD2025.LAN-S-1-5-32-544","PrincipalType":"Group","RightName":"GenericWrite","IsInherited":true,"InheritanceHash":"62C26D4FB3FF64505B03CDD35D648DFBC6C157CC"}],"ObjectIdentifier":"E00B54B9-A63D-4700-A19E-36C3DFE80B06","IsDeleted":false,"IsACLProtected":false,"ContainedBy":{"ObjectIdentifier":"S-1-5-21-131110255-635260017-1229676798","ObjectType":"Domain"}},{"GPOChanges":{"LocalAdmins":[],"RemoteDesktopUsers":[],"DcomUsers":[],"PSRemoteUsers":[],"AffectedComputers":[]},"Properties":{"domain":"INHERITANCE.AD2025.LAN","name":"USERS - T1@INHERITANCE.AD2025.LAN","distinguishedname":"OU=USERS - T1,OU=TIER 1,DC=INHERITANCE,DC=AD2025,DC=LAN","domainsid":"S-1-5-21-131110255-635260017-1229676798","doesanyacegrantownerrights":false,"doesanyinheritedacegrantownerrights":false,"isaclprotected":false,"whencreated":1747319902,"blocksinheritance":false},"Links":[],"ChildObjects":[],"InheritanceHashes":[],"Aces":[{"PrincipalSID":"S-1-5-21-131110255-635260017-1229676798-512","PrincipalType":"Group","RightName":"Owns","IsInherited":false,"InheritanceHash":""},{"PrincipalSID":"S-1-5-21-131110255-635260017-1229676798-512","PrincipalType":"Group","RightName":"GenericAll","IsInherited":false,"InheritanceHash":""},{"PrincipalSID":"S-1-5-21-131110255-635260017-1229676798-1118","PrincipalType":"Group","RightName":"GenericAll","IsInherited":true,"InheritanceHash":"3DCDEDC5C760DECA3D8677C94057E20A0D74DA1E"},{"PrincipalSID":"S-1-5-21-1753113456-3794003277-551465778-519","PrincipalType":"Group","RightName":"GenericAll","IsInherited":true,"InheritanceHash":"442A95ACE7B67011EC7FD506E5CA03D909E7D99C"},{"PrincipalSID":"INHERITANCE.AD2025.LAN-S-1-5-32-544","PrincipalType":"Group","RightName":"WriteDacl","IsInherited":true,"InheritanceHash":"62C26D4FB3FF64505B03CDD35D648DFBC6C157CC"},{"PrincipalSID":"INHERITANCE.AD2025.LAN-S-1-5-32-544","PrincipalType":"Group","RightName":"WriteOwner","IsInherited":true,"InheritanceHash":"62C26D4FB3FF64505B03CDD35D648DFBC6C157CC"},{"PrincipalSID":"INHERITANCE.AD2025.LAN-S-1-5-32-544","PrincipalType":"Group","RightName":"GenericWrite","IsInherited":true,"InheritanceHash":"62C26D4FB3FF64505B03CDD35D648DFBC6C157CC"}],"ObjectIdentifier":"F25643F2-35BC-4D14-90E1-84B19F169F19","IsDeleted":false,"IsACLProtected":false,"ContainedBy":{"ObjectIdentifier":"E00B54B9-A63D-4700-A19E-36C3DFE80B06","ObjectType":"OU"}},{"GPOChanges":{"LocalAdmins":[],"RemoteDesktopUsers":[],"DcomUsers":[],"PSRemoteUsers":[],"AffectedComputers":[]},"Properties":{"domain":"INHERITANCE.AD2025.LAN","name":"GROUPS - T1@INHERITANCE.AD2025.LAN","distinguishedname":"OU=GROUPS - T1,OU=TIER 1,DC=INHERITANCE,DC=AD2025,DC=LAN","domainsid":"S-1-5-21-131110255-635260017-1229676798","doesanyacegrantownerrights":false,"doesanyinheritedacegrantownerrights":false,"isaclprotected":false,"whencreated":1747319913,"blocksinheritance":false},"Links":[],"ChildObjects":[],"InheritanceHashes":[],"Aces":[{"PrincipalSID":"S-1-5-21-131110255-635260017-1229676798-512","PrincipalType":"Group","RightName":"Owns","IsInherited":false,"InheritanceHash":""},{"PrincipalSID":"S-1-5-21-131110255-635260017-1229676798-512","PrincipalType":"Group","RightName":"GenericAll","IsInherited":false,"InheritanceHash":""},{"PrincipalSID":"S-1-5-21-131110255-635260017-1229676798-1118","PrincipalType":"Group","RightName":"GenericAll","IsInherited":true,"InheritanceHash":"3DCDEDC5C760DECA3D8677C94057E20A0D74DA1E"},{"PrincipalSID":"S-1-5-21-1753113456-3794003277-551465778-519","PrincipalType":"Group","RightName":"GenericAll","IsInherited":true,"InheritanceHash":"442A95ACE7B67011EC7FD506E5CA03D909E7D99C"},{"PrincipalSID":"INHERITANCE.AD2025.LAN-S-1-5-32-544","PrincipalType":"Group","RightName":"WriteDacl","IsInherited":true,"InheritanceHash":"62C26D4FB3FF64505B03CDD35D648DFBC6C157CC"},{"PrincipalSID":"INHERITANCE.AD2025.LAN-S-1-5-32-544","PrincipalType":"Group","RightName":"WriteOwner","IsInherited":true,"InheritanceHash":"62C26D4FB3FF64505B03CDD35D648DFBC6C157CC"},{"PrincipalSID":"INHERITANCE.AD2025.LAN-S-1-5-32-544","PrincipalType":"Group","RightName":"GenericWrite","IsInherited":true,"InheritanceHash":"62C26D4FB3FF64505B03CDD35D648DFBC6C157CC"}],"ObjectIdentifier":"8B82A4A4-785B-4485-B415-6F550FF9E48F","IsDeleted":false,"IsACLProtected":false,"ContainedBy":{"ObjectIdentifier":"E00B54B9-A63D-4700-A19E-36C3DFE80B06","ObjectType":"OU"}},{"GPOChanges":{"LocalAdmins":[],"RemoteDesktopUsers":[],"DcomUsers":[],"PSRemoteUsers":[],"AffectedComputers":[]},"Properties":{"domain":"INHERITANCE.AD2025.LAN","name":"COMPUTERS - T1@INHERITANCE.AD2025.LAN","distinguishedname":"OU=COMPUTERS - T1,OU=TIER 1,DC=INHERITANCE,DC=AD2025,DC=LAN","domainsid":"S-1-5-21-131110255-635260017-1229676798","doesanyacegrantownerrights":false,"doesanyinheritedacegrantownerrights":false,"isaclprotected":false,"whencreated":1747319921,"blocksinheritance":false},"Links":[],"ChildObjects":[],"InheritanceHashes":[],"Aces":[{"PrincipalSID":"S-1-5-21-131110255-635260017-1229676798-512","PrincipalType":"Group","RightName":"Owns","IsInherited":false,"InheritanceHash":""},{"PrincipalSID":"S-1-5-21-131110255-635260017-1229676798-512","PrincipalType":"Group","RightName":"GenericAll","IsInherited":false,"InheritanceHash":""},{"PrincipalSID":"S-1-5-21-131110255-635260017-1229676798-1118","PrincipalType":"Group","RightName":"GenericAll","IsInherited":true,"InheritanceHash":"3DCDEDC5C760DECA3D8677C94057E20A0D74DA1E"},{"PrincipalSID":"S-1-5-21-1753113456-3794003277-551465778-519","PrincipalType":"Group","RightName":"GenericAll","IsInherited":true,"InheritanceHash":"442A95ACE7B67011EC7FD506E5CA03D909E7D99C"},{"PrincipalSID":"INHERITANCE.AD2025.LAN-S-1-5-32-544","PrincipalType":"Group","RightName":"WriteDacl","IsInherited":true,"InheritanceHash":"62C26D4FB3FF64505B03CDD35D648DFBC6C157CC"},{"PrincipalSID":"INHERITANCE.AD2025.LAN-S-1-5-32-544","PrincipalType":"Group","RightName":"WriteOwner","IsInherited":true,"InheritanceHash":"62C26D4FB3FF64505B03CDD35D648DFBC6C157CC"},{"PrincipalSID":"INHERITANCE.AD2025.LAN-S-1-5-32-544","PrincipalType":"Group","RightName":"GenericWrite","IsInherited":true,"InheritanceHash":"62C26D4FB3FF64505B03CDD35D648DFBC6C157CC"}],"ObjectIdentifier":"7CB1957C-A74C-4105-8DD6-223C2204A9C5","IsDeleted":false,"IsACLProtected":false,"ContainedBy":{"ObjectIdentifier":"E00B54B9-A63D-4700-A19E-36C3DFE80B06","ObjectType":"OU"}},{"GPOChanges":{"LocalAdmins":[],"RemoteDesktopUsers":[],"DcomUsers":[],"PSRemoteUsers":[],"AffectedComputers":[]},"Properties":{"domain":"INHERITANCE.AD2025.LAN","name":"TIER 2@INHERITANCE.AD2025.LAN","distinguishedname":"OU=TIER 2,DC=INHERITANCE,DC=AD2025,DC=LAN","domainsid":"S-1-5-21-131110255-635260017-1229676798","doesanyacegrantownerrights":false,"doesanyinheritedacegrantownerrights":false,"isaclprotected":false,"whencreated":1747319968,"blocksinheritance":false},"Links":[],"ChildObjects":[],"InheritanceHashes":[],"Aces":[{"PrincipalSID":"S-1-5-21-131110255-635260017-1229676798-512","PrincipalType":"Group","RightName":"Owns","IsInherited":false,"InheritanceHash":""},{"PrincipalSID":"S-1-5-21-131110255-635260017-1229676798-512","PrincipalType":"Group","RightName":"GenericAll","IsInherited":false,"InheritanceHash":""},{"PrincipalSID":"S-1-5-21-131110255-635260017-1229676798-1120","PrincipalType":"Group","RightName":"GenericAll","IsInherited":false,"InheritanceHash":""},{"PrincipalSID":"S-1-5-21-1753113456-3794003277-551465778-519","PrincipalType":"Group","RightName":"GenericAll","IsInherited":true,"InheritanceHash":"442A95ACE7B67011EC7FD506E5CA03D909E7D99C"},{"PrincipalSID":"INHERITANCE.AD2025.LAN-S-1-5-32-544","PrincipalType":"Group","RightName":"WriteDacl","IsInherited":true,"InheritanceHash":"62C26D4FB3FF64505B03CDD35D648DFBC6C157CC"},{"PrincipalSID":"INHERITANCE.AD2025.LAN-S-1-5-32-544","PrincipalType":"Group","RightName":"WriteOwner","IsInherited":true,"InheritanceHash":"62C26D4FB3FF64505B03CDD35D648DFBC6C157CC"},{"PrincipalSID":"INHERITANCE.AD2025.LAN-S-1-5-32-544","PrincipalType":"Group","RightName":"GenericWrite","IsInherited":true,"InheritanceHash":"62C26D4FB3FF64505B03CDD35D648DFBC6C157CC"}],"ObjectIdentifier":"7D8AC9BB-FDC5-4B4B-8CC7-542075696D57","IsDeleted":false,"IsACLProtected":false,"ContainedBy":{"ObjectIdentifier":"S-1-5-21-131110255-635260017-1229676798","ObjectType":"Domain"}},{"GPOChanges":{"LocalAdmins":[],"RemoteDesktopUsers":[],"DcomUsers":[],"PSRemoteUsers":[],"AffectedComputers":[]},"Properties":{"domain":"INHERITANCE.AD2025.LAN","name":"USERS - T2@INHERITANCE.AD2025.LAN","distinguishedname":"OU=USERS - T2,OU=TIER 2,DC=INHERITANCE,DC=AD2025,DC=LAN","domainsid":"S-1-5-21-131110255-635260017-1229676798","doesanyacegrantownerrights":false,"doesanyinheritedacegrantownerrights":false,"isaclprotected":false,"whencreated":1747319980,"blocksinheritance":false},"Links":[],"ChildObjects":[],"InheritanceHashes":[],"Aces":[{"PrincipalSID":"S-1-5-21-131110255-635260017-1229676798-512","PrincipalType":"Group","RightName":"Owns","IsInherited":false,"InheritanceHash":""},{"PrincipalSID":"S-1-5-21-131110255-635260017-1229676798-512","PrincipalType":"Group","RightName":"GenericAll","IsInherited":false,"InheritanceHash":""},{"PrincipalSID":"S-1-5-21-1753113456-3794003277-551465778-519","PrincipalType":"Group","RightName":"GenericAll","IsInherited":true,"InheritanceHash":"442A95ACE7B67011EC7FD506E5CA03D909E7D99C"},{"PrincipalSID":"INHERITANCE.AD2025.LAN-S-1-5-32-544","PrincipalType":"Group","RightName":"WriteDacl","IsInherited":true,"InheritanceHash":"62C26D4FB3FF64505B03CDD35D648DFBC6C157CC"},{"PrincipalSID":"INHERITANCE.AD2025.LAN-S-1-5-32-544","PrincipalType":"Group","RightName":"WriteOwner","IsInherited":true,"InheritanceHash":"62C26D4FB3FF64505B03CDD35D648DFBC6C157CC"},{"PrincipalSID":"INHERITANCE.AD2025.LAN-S-1-5-32-544","PrincipalType":"Group","RightName":"GenericWrite","IsInherited":true,"InheritanceHash":"62C26D4FB3FF64505B03CDD35D648DFBC6C157CC"}],"ObjectIdentifier":"77C7D071-85FD-4B0A-8506-F7D8A37A3B09","IsDeleted":false,"IsACLProtected":false,"ContainedBy":{"ObjectIdentifier":"7D8AC9BB-FDC5-4B4B-8CC7-542075696D57","ObjectType":"OU"}},{"GPOChanges":{"LocalAdmins":[],"RemoteDesktopUsers":[],"DcomUsers":[],"PSRemoteUsers":[],"AffectedComputers":[]},"Properties":{"domain":"INHERITANCE.AD2025.LAN","name":"GROUPS - T2@INHERITANCE.AD2025.LAN","distinguishedname":"OU=GROUPS - T2,OU=TIER 2,DC=INHERITANCE,DC=AD2025,DC=LAN","domainsid":"S-1-5-21-131110255-635260017-1229676798","doesanyacegrantownerrights":false,"doesanyinheritedacegrantownerrights":false,"isaclprotected":false,"whencreated":1747319989,"blocksinheritance":false},"Links":[],"ChildObjects":[],"InheritanceHashes":[],"Aces":[{"PrincipalSID":"S-1-5-21-131110255-635260017-1229676798-512","PrincipalType":"Group","RightName":"Owns","IsInherited":false,"InheritanceHash":""},{"PrincipalSID":"S-1-5-21-131110255-635260017-1229676798-512","PrincipalType":"Group","RightName":"GenericAll","IsInherited":false,"InheritanceHash":""},{"PrincipalSID":"S-1-5-21-1753113456-3794003277-551465778-519","PrincipalType":"Group","RightName":"GenericAll","IsInherited":true,"InheritanceHash":"442A95ACE7B67011EC7FD506E5CA03D909E7D99C"},{"PrincipalSID":"INHERITANCE.AD2025.LAN-S-1-5-32-544","PrincipalType":"Group","RightName":"WriteDacl","IsInherited":true,"InheritanceHash":"62C26D4FB3FF64505B03CDD35D648DFBC6C157CC"},{"PrincipalSID":"INHERITANCE.AD2025.LAN-S-1-5-32-544","PrincipalType":"Group","RightName":"WriteOwner","IsInherited":true,"InheritanceHash":"62C26D4FB3FF64505B03CDD35D648DFBC6C157CC"},{"PrincipalSID":"INHERITANCE.AD2025.LAN-S-1-5-32-544","PrincipalType":"Group","RightName":"GenericWrite","IsInherited":true,"InheritanceHash":"62C26D4FB3FF64505B03CDD35D648DFBC6C157CC"}],"ObjectIdentifier":"024023FF-BE7B-4AD3-AD12-FA42F16D33A5","IsDeleted":false,"IsACLProtected":false,"ContainedBy":{"ObjectIdentifier":"7D8AC9BB-FDC5-4B4B-8CC7-542075696D57","ObjectType":"OU"}},{"GPOChanges":{"LocalAdmins":[],"RemoteDesktopUsers":[],"DcomUsers":[],"PSRemoteUsers":[],"AffectedComputers":[]},"Properties":{"domain":"INHERITANCE.AD2025.LAN","name":"COMPUTERS - T2@INHERITANCE.AD2025.LAN","distinguishedname":"OU=COMPUTERS - T2,OU=TIER 2,DC=INHERITANCE,DC=AD2025,DC=LAN","domainsid":"S-1-5-21-131110255-635260017-1229676798","doesanyacegrantownerrights":false,"doesanyinheritedacegrantownerrights":false,"isaclprotected":false,"whencreated":1747320004,"blocksinheritance":false},"Links":[],"ChildObjects":[],"InheritanceHashes":[],"Aces":[{"PrincipalSID":"S-1-5-21-131110255-635260017-1229676798-512","PrincipalType":"Group","RightName":"Owns","IsInherited":false,"InheritanceHash":""},{"PrincipalSID":"S-1-5-21-131110255-635260017-1229676798-512","PrincipalType":"Group","RightName":"GenericAll","IsInherited":false,"InheritanceHash":""},{"PrincipalSID":"S-1-5-21-1753113456-3794003277-551465778-519","PrincipalType":"Group","RightName":"GenericAll","IsInherited":true,"InheritanceHash":"442A95ACE7B67011EC7FD506E5CA03D909E7D99C"},{"PrincipalSID":"INHERITANCE.AD2025.LAN-S-1-5-32-544","PrincipalType":"Group","RightName":"WriteDacl","IsInherited":true,"InheritanceHash":"62C26D4FB3FF64505B03CDD35D648DFBC6C157CC"},{"PrincipalSID":"INHERITANCE.AD2025.LAN-S-1-5-32-544","PrincipalType":"Group","RightName":"WriteOwner","IsInherited":true,"InheritanceHash":"62C26D4FB3FF64505B03CDD35D648DFBC6C157CC"},{"PrincipalSID":"INHERITANCE.AD2025.LAN-S-1-5-32-544","PrincipalType":"Group","RightName":"GenericWrite","IsInherited":true,"InheritanceHash":"62C26D4FB3FF64505B03CDD35D648DFBC6C157CC"}],"ObjectIdentifier":"9877412E-02D2-418F-B347-0F576ED29645","IsDeleted":false,"IsACLProtected":false,"ContainedBy":{"ObjectIdentifier":"7D8AC9BB-FDC5-4B4B-8CC7-542075696D57","ObjectType":"OU"}},{"GPOChanges":{"LocalAdmins":[],"RemoteDesktopUsers":[],"DcomUsers":[],"PSRemoteUsers":[],"AffectedComputers":[]},"Properties":{"domain":"INHERITANCE.AD2025.LAN","name":"APPLICATION SERVERS@INHERITANCE.AD2025.LAN","distinguishedname":"OU=APPLICATION SERVERS,DC=INHERITANCE,DC=AD2025,DC=LAN","domainsid":"S-1-5-21-131110255-635260017-1229676798","doesanyacegrantownerrights":false,"doesanyinheritedacegrantownerrights":false,"isaclprotected":false,"whencreated":1747320017,"blocksinheritance":false},"Links":[],"ChildObjects":[],"InheritanceHashes":[],"Aces":[{"PrincipalSID":"S-1-5-21-131110255-635260017-1229676798-512","PrincipalType":"Group","RightName":"Owns","IsInherited":false,"InheritanceHash":""},{"PrincipalSID":"S-1-5-21-131110255-635260017-1229676798-512","PrincipalType":"Group","RightName":"GenericAll","IsInherited":false,"InheritanceHash":""},{"PrincipalSID":"S-1-5-21-131110255-635260017-1229676798-1118","PrincipalType":"Group","RightName":"GenericAll","IsInherited":false,"InheritanceHash":""},{"PrincipalSID":"S-1-5-21-1753113456-3794003277-551465778-519","PrincipalType":"Group","RightName":"GenericAll","IsInherited":true,"InheritanceHash":"442A95ACE7B67011EC7FD506E5CA03D909E7D99C"},{"PrincipalSID":"INHERITANCE.AD2025.LAN-S-1-5-32-544","PrincipalType":"Group","RightName":"WriteDacl","IsInherited":true,"InheritanceHash":"62C26D4FB3FF64505B03CDD35D648DFBC6C157CC"},{"PrincipalSID":"INHERITANCE.AD2025.LAN-S-1-5-32-544","PrincipalType":"Group","RightName":"WriteOwner","IsInherited":true,"InheritanceHash":"62C26D4FB3FF64505B03CDD35D648DFBC6C157CC"},{"PrincipalSID":"INHERITANCE.AD2025.LAN-S-1-5-32-544","PrincipalType":"Group","RightName":"GenericWrite","IsInherited":true,"InheritanceHash":"62C26D4FB3FF64505B03CDD35D648DFBC6C157CC"}],"ObjectIdentifier":"B1340643-9351-4CFF-B616-6632968F428A","IsDeleted":false,"IsACLProtected":false,"ContainedBy":{"ObjectIdentifier":"S-1-5-21-131110255-635260017-1229676798","ObjectType":"Domain"}},{"GPOChanges":{"LocalAdmins":[],"RemoteDesktopUsers":[],"DcomUsers":[],"PSRemoteUsers":[],"AffectedComputers":[]},"Properties":{"domain":"INHERITANCE.AD2025.LAN","name":"SERVICEACCOUNTS - T2@INHERITANCE.AD2025.LAN","distinguishedname":"OU=SERVICEACCOUNTS - T2,OU=TIER 2,DC=INHERITANCE,DC=AD2025,DC=LAN","domainsid":"S-1-5-21-131110255-635260017-1229676798","doesanyacegrantownerrights":false,"doesanyinheritedacegrantownerrights":false,"isaclprotected":false,"whencreated":1747320214,"blocksinheritance":false},"Links":[],"ChildObjects":[],"InheritanceHashes":[],"Aces":[{"PrincipalSID":"S-1-5-21-131110255-635260017-1229676798-512","PrincipalType":"Group","RightName":"Owns","IsInherited":false,"InheritanceHash":""},{"PrincipalSID":"S-1-5-21-131110255-635260017-1229676798-512","PrincipalType":"Group","RightName":"GenericAll","IsInherited":false,"InheritanceHash":""},{"PrincipalSID":"S-1-5-21-1753113456-3794003277-551465778-519","PrincipalType":"Group","RightName":"GenericAll","IsInherited":true,"InheritanceHash":"442A95ACE7B67011EC7FD506E5CA03D909E7D99C"},{"PrincipalSID":"INHERITANCE.AD2025.LAN-S-1-5-32-544","PrincipalType":"Group","RightName":"WriteDacl","IsInherited":true,"InheritanceHash":"62C26D4FB3FF64505B03CDD35D648DFBC6C157CC"},{"PrincipalSID":"INHERITANCE.AD2025.LAN-S-1-5-32-544","PrincipalType":"Group","RightName":"WriteOwner","IsInherited":true,"InheritanceHash":"62C26D4FB3FF64505B03CDD35D648DFBC6C157CC"},{"PrincipalSID":"INHERITANCE.AD2025.LAN-S-1-5-32-544","PrincipalType":"Group","RightName":"GenericWrite","IsInherited":true,"InheritanceHash":"62C26D4FB3FF64505B03CDD35D648DFBC6C157CC"}],"ObjectIdentifier":"CB6F6FAA-089F-4483-B861-FA7BF13A5073","IsDeleted":false,"IsACLProtected":false,"ContainedBy":{"ObjectIdentifier":"7D8AC9BB-FDC5-4B4B-8CC7-542075696D57","ObjectType":"OU"}},{"GPOChanges":{"LocalAdmins":[],"RemoteDesktopUsers":[],"DcomUsers":[],"PSRemoteUsers":[],"AffectedComputers":[]},"Properties":{"domain":"INHERITANCE.AD2025.LAN","name":"SERVICEACCOUNTS - T1@INHERITANCE.AD2025.LAN","distinguishedname":"OU=SERVICEACCOUNTS - T1,OU=TIER 1,DC=INHERITANCE,DC=AD2025,DC=LAN","domainsid":"S-1-5-21-131110255-635260017-1229676798","doesanyacegrantownerrights":false,"doesanyinheritedacegrantownerrights":false,"isaclprotected":false,"whencreated":1747320202,"blocksinheritance":false},"Links":[],"ChildObjects":[],"InheritanceHashes":[],"Aces":[{"PrincipalSID":"S-1-5-21-131110255-635260017-1229676798-512","PrincipalType":"Group","RightName":"Owns","IsInherited":false,"InheritanceHash":""},{"PrincipalSID":"S-1-5-21-131110255-635260017-1229676798-512","PrincipalType":"Group","RightName":"GenericAll","IsInherited":false,"InheritanceHash":""},{"PrincipalSID":"S-1-5-21-131110255-635260017-1229676798-1118","PrincipalType":"Group","RightName":"GenericAll","IsInherited":true,"InheritanceHash":"3DCDEDC5C760DECA3D8677C94057E20A0D74DA1E"},{"PrincipalSID":"S-1-5-21-1753113456-3794003277-551465778-519","PrincipalType":"Group","RightName":"GenericAll","IsInherited":true,"InheritanceHash":"442A95ACE7B67011EC7FD506E5CA03D909E7D99C"},{"PrincipalSID":"INHERITANCE.AD2025.LAN-S-1-5-32-544","PrincipalType":"Group","RightName":"WriteDacl","IsInherited":true,"InheritanceHash":"62C26D4FB3FF64505B03CDD35D648DFBC6C157CC"},{"PrincipalSID":"INHERITANCE.AD2025.LAN-S-1-5-32-544","PrincipalType":"Group","RightName":"WriteOwner","IsInherited":true,"InheritanceHash":"62C26D4FB3FF64505B03CDD35D648DFBC6C157CC"},{"PrincipalSID":"INHERITANCE.AD2025.LAN-S-1-5-32-544","PrincipalType":"Group","RightName":"GenericWrite","IsInherited":true,"InheritanceHash":"62C26D4FB3FF64505B03CDD35D648DFBC6C157CC"}],"ObjectIdentifier":"A4645A7F-3C2C-4417-B7E5-838BBC57C629","IsDeleted":false,"IsACLProtected":false,"ContainedBy":{"ObjectIdentifier":"E00B54B9-A63D-4700-A19E-36C3DFE80B06","ObjectType":"OU"}},{"GPOChanges":{"LocalAdmins":[],"RemoteDesktopUsers":[],"DcomUsers":[],"PSRemoteUsers":[],"AffectedComputers":[]},"Properties":{"domain":"INHERITANCE.AD2025.LAN","name":"SERVICEACCOUNTS - T0@INHERITANCE.AD2025.LAN","distinguishedname":"OU=SERVICEACCOUNTS - T0,OU=TIER 0,DC=INHERITANCE,DC=AD2025,DC=LAN","domainsid":"S-1-5-21-131110255-635260017-1229676798","doesanyacegrantownerrights":false,"doesanyinheritedacegrantownerrights":false,"isaclprotected":false,"whencreated":1747320225,"blocksinheritance":false},"Links":[],"ChildObjects":[],"InheritanceHashes":[],"Aces":[{"PrincipalSID":"S-1-5-21-131110255-635260017-1229676798-512","PrincipalType":"Group","RightName":"Owns","IsInherited":false,"InheritanceHash":""},{"PrincipalSID":"S-1-5-21-131110255-635260017-1229676798-512","PrincipalType":"Group","RightName":"GenericAll","IsInherited":false,"InheritanceHash":""},{"PrincipalSID":"S-1-5-21-1753113456-3794003277-551465778-519","PrincipalType":"Group","RightName":"GenericAll","IsInherited":true,"InheritanceHash":"442A95ACE7B67011EC7FD506E5CA03D909E7D99C"},{"PrincipalSID":"INHERITANCE.AD2025.LAN-S-1-5-32-544","PrincipalType":"Group","RightName":"WriteDacl","IsInherited":true,"InheritanceHash":"62C26D4FB3FF64505B03CDD35D648DFBC6C157CC"},{"PrincipalSID":"INHERITANCE.AD2025.LAN-S-1-5-32-544","PrincipalType":"Group","RightName":"WriteOwner","IsInherited":true,"InheritanceHash":"62C26D4FB3FF64505B03CDD35D648DFBC6C157CC"},{"PrincipalSID":"INHERITANCE.AD2025.LAN-S-1-5-32-544","PrincipalType":"Group","RightName":"GenericWrite","IsInherited":true,"InheritanceHash":"62C26D4FB3FF64505B03CDD35D648DFBC6C157CC"}],"ObjectIdentifier":"A54E0367-42BE-4A1C-AAC1-381D10385934","IsDeleted":false,"IsACLProtected":false,"ContainedBy":{"ObjectIdentifier":"28150B01-99BC-4622-A9E4-0ECE1DF1EC21","ObjectType":"OU"}},{"GPOChanges":{"LocalAdmins":[],"RemoteDesktopUsers":[],"DcomUsers":[],"PSRemoteUsers":[],"AffectedComputers":[]},"Properties":{"domain":"INHERITANCE.AD2025.LAN","name":"STANDARD USERS@INHERITANCE.AD2025.LAN","distinguishedname":"OU=STANDARD USERS,DC=INHERITANCE,DC=AD2025,DC=LAN","domainsid":"S-1-5-21-131110255-635260017-1229676798","doesanyacegrantownerrights":false,"doesanyinheritedacegrantownerrights":false,"isaclprotected":false,"whencreated":1747320544,"blocksinheritance":false},"Links":[],"ChildObjects":[],"InheritanceHashes":[],"Aces":[{"PrincipalSID":"S-1-5-21-131110255-635260017-1229676798-512","PrincipalType":"Group","RightName":"Owns","IsInherited":false,"InheritanceHash":""},{"PrincipalSID":"S-1-5-21-131110255-635260017-1229676798-512","PrincipalType":"Group","RightName":"GenericAll","IsInherited":false,"InheritanceHash":""},{"PrincipalSID":"S-1-5-21-1753113456-3794003277-551465778-519","PrincipalType":"Group","RightName":"GenericAll","IsInherited":true,"InheritanceHash":"442A95ACE7B67011EC7FD506E5CA03D909E7D99C"},{"PrincipalSID":"INHERITANCE.AD2025.LAN-S-1-5-32-544","PrincipalType":"Group","RightName":"WriteDacl","IsInherited":true,"InheritanceHash":"62C26D4FB3FF64505B03CDD35D648DFBC6C157CC"},{"PrincipalSID":"INHERITANCE.AD2025.LAN-S-1-5-32-544","PrincipalType":"Group","RightName":"WriteOwner","IsInherited":true,"InheritanceHash":"62C26D4FB3FF64505B03CDD35D648DFBC6C157CC"},{"PrincipalSID":"INHERITANCE.AD2025.LAN-S-1-5-32-544","PrincipalType":"Group","RightName":"GenericWrite","IsInherited":true,"InheritanceHash":"62C26D4FB3FF64505B03CDD35D648DFBC6C157CC"}],"ObjectIdentifier":"172E7BB6-6268-475C-977C-312C4B8E6699","IsDeleted":false,"IsACLProtected":false,"ContainedBy":{"ObjectIdentifier":"S-1-5-21-131110255-635260017-1229676798","ObjectType":"Domain"}},{"GPOChanges":{"LocalAdmins":[],"RemoteDesktopUsers":[],"DcomUsers":[],"PSRemoteUsers":[],"AffectedComputers":[]},"Properties":{"domain":"INHERITANCE.AD2025.LAN","name":"NEW YORK@INHERITANCE.AD2025.LAN","distinguishedname":"OU=NEW YORK,OU=STANDARD USERS,DC=INHERITANCE,DC=AD2025,DC=LAN","domainsid":"S-1-5-21-131110255-635260017-1229676798","doesanyacegrantownerrights":false,"doesanyinheritedacegrantownerrights":false,"isaclprotected":false,"whencreated":1747335230,"blocksinheritance":false},"Links":[],"ChildObjects":[],"InheritanceHashes":[],"Aces":[{"PrincipalSID":"S-1-5-21-131110255-635260017-1229676798-512","PrincipalType":"Group","RightName":"Owns","IsInherited":false,"InheritanceHash":""},{"PrincipalSID":"S-1-5-21-131110255-635260017-1229676798-512","PrincipalType":"Group","RightName":"GenericAll","IsInherited":false,"InheritanceHash":""},{"PrincipalSID":"S-1-5-21-1753113456-3794003277-551465778-519","PrincipalType":"Group","RightName":"GenericAll","IsInherited":true,"InheritanceHash":"442A95ACE7B67011EC7FD506E5CA03D909E7D99C"},{"PrincipalSID":"INHERITANCE.AD2025.LAN-S-1-5-32-544","PrincipalType":"Group","RightName":"WriteDacl","IsInherited":true,"InheritanceHash":"62C26D4FB3FF64505B03CDD35D648DFBC6C157CC"},{"PrincipalSID":"INHERITANCE.AD2025.LAN-S-1-5-32-544","PrincipalType":"Group","RightName":"WriteOwner","IsInherited":true,"InheritanceHash":"62C26D4FB3FF64505B03CDD35D648DFBC6C157CC"},{"PrincipalSID":"INHERITANCE.AD2025.LAN-S-1-5-32-544","PrincipalType":"Group","RightName":"GenericWrite","IsInherited":true,"InheritanceHash":"62C26D4FB3FF64505B03CDD35D648DFBC6C157CC"}],"ObjectIdentifier":"623D6737-FA39-4B26-B48D-A4EDF9E5FB26","IsDeleted":false,"IsACLProtected":false,"ContainedBy":{"ObjectIdentifier":"172E7BB6-6268-475C-977C-312C4B8E6699","ObjectType":"OU"}},{"GPOChanges":{"LocalAdmins":[],"RemoteDesktopUsers":[],"DcomUsers":[],"PSRemoteUsers":[],"AffectedComputers":[]},"Properties":{"domain":"INHERITANCE.AD2025.LAN","name":"LONDON@INHERITANCE.AD2025.LAN","distinguishedname":"OU=LONDON,OU=STANDARD USERS,DC=INHERITANCE,DC=AD2025,DC=LAN","domainsid":"S-1-5-21-131110255-635260017-1229676798","doesanyacegrantownerrights":false,"doesanyinheritedacegrantownerrights":false,"isaclprotected":false,"whencreated":1747335238,"blocksinheritance":false},"Links":[],"ChildObjects":[],"InheritanceHashes":[],"Aces":[{"PrincipalSID":"S-1-5-21-131110255-635260017-1229676798-512","PrincipalType":"Group","RightName":"Owns","IsInherited":false,"InheritanceHash":""},{"PrincipalSID":"S-1-5-21-131110255-635260017-1229676798-512","PrincipalType":"Group","RightName":"GenericAll","IsInherited":false,"InheritanceHash":""},{"PrincipalSID":"S-1-5-21-1753113456-3794003277-551465778-519","PrincipalType":"Group","RightName":"GenericAll","IsInherited":true,"InheritanceHash":"442A95ACE7B67011EC7FD506E5CA03D909E7D99C"},{"PrincipalSID":"INHERITANCE.AD2025.LAN-S-1-5-32-544","PrincipalType":"Group","RightName":"WriteDacl","IsInherited":true,"InheritanceHash":"62C26D4FB3FF64505B03CDD35D648DFBC6C157CC"},{"PrincipalSID":"INHERITANCE.AD2025.LAN-S-1-5-32-544","PrincipalType":"Group","RightName":"WriteOwner","IsInherited":true,"InheritanceHash":"62C26D4FB3FF64505B03CDD35D648DFBC6C157CC"},{"PrincipalSID":"INHERITANCE.AD2025.LAN-S-1-5-32-544","PrincipalType":"Group","RightName":"GenericWrite","IsInherited":true,"InheritanceHash":"62C26D4FB3FF64505B03CDD35D648DFBC6C157CC"}],"ObjectIdentifier":"0F40659F-F445-46B5-B65C-3289D9709BD2","IsDeleted":false,"IsACLProtected":false,"ContainedBy":{"ObjectIdentifier":"172E7BB6-6268-475C-977C-312C4B8E6699","ObjectType":"OU"}}],"meta":{"methods":7107563,"type":"ous","count":33,"version":6,"collectorversion":"2.6.5.0"}}