{"data":[{"GPOChanges":{"LocalAdmins":[],"RemoteDesktopUsers":[],"DcomUsers":[],"PSRemoteUsers":[],"AffectedComputers":[]},"Properties":{"domain":"INHERITANCE.AD2025.LAN","name":"INHERITANCE.AD2025.LAN","distinguishedname":"DC=INHERITANCE,DC=AD2025,DC=LAN","domainsid":"S-1-5-21-131110255-635260017-1229676798","doesanyacegrantownerrights":false,"doesanyinheritedacegrantownerrights":false,"isaclprotected":false,"whencreated":1744669418,"expirepasswordsonsmartcardonlyaccounts":true,"machineaccountquota":10,"minpwdlength":7,"pwdproperties":1,"pwdhistorylength":24,"lockoutthreshold":0,"minpwdage":"1 day","maxpwdage":"42 days","lockoutduration":"10 minutes","lockoutobservationwindow":-6000000000,"functionallevel":"Unknown","dsheuristics":null,"collected":true},"ChildObjects":[],"Trusts":[{"TargetDomainSid":"S-1-5-21-1753113456-3794003277-551465778","TargetDomainName":"AD2025.LAN","IsTransitive":true,"SidFilteringEnabled":false,"TGTDelegationEnabled":true,"TrustAttributes":32,"TrustDirection":"Bidirectional","TrustType":"ParentChild"}],"Links":[{"IsEnforced":false,"GUID":"D184CFAF-037F-40B7-A3A6-599BA866AD34"}],"InheritanceHashes":["62C26D4FB3FF64505B03CDD35D648DFBC6C157CC","8A7E70B9447D3D266713CC63539109610AAA6F86","442A95ACE7B67011EC7FD506E5CA03D909E7D99C","82F1118FBA43CD2991735436A4256B6401296391","C8CE4AAA5C895484A901F72D613EFA95438BFA1A","3394B12047D813D8E785125F70F036295659396E","DD535FBD6F04B9160C8671CC680E942E29CB9B0E","1E2C5E5D6036945B25A0266659639802036FDAE6","59E396EE9D1563738E09F4AFF5AD9F6A2B49ED81","79E657916A6257A3890516F4B5C5749385CE5F20","82CDB193747C1F5C2D0BE388A2B7581B8224D361","743D89658154E650805272325F934263D6151DED","071E9D07A61B031233EB2CB44ABC2363AA4BA22F","B6558A8F4A0E7763D7A4B70E4EDA03989DA879C1","3DE3D31BBEDBB149C22B91C4D5D825C27516FC5F","8F98BE23EF0F9767559FBEAB131B2C5A4BEBD3D6","EE7C62BD0BDA67AA9375734AD13D1B6CC290585E","8C74E47810A59795113F55CA35B1B0DBD66C3F83","195BDF5C18EF348D1E32B3776E15256C3BE6D538","0ACFF150381E5DEE8F72FFBD1384F57DA3A92829","83864F374368E41645B9AD70E84B253C9257457D","77483D9417A59692D8205D16F0D5AF5CDF204893","5BB37CA8D38E35437C92546FB239C5A2F8B9D02F","FE9D425C6618490CA66F621003F641945700BFA2","ABDA94D7A3645BF46E01A1354C5C05D740473D44","29A159C4519196D56DE81AB2D2CBFBA217FE45AC"],"ForestRootIdentifier":"S-1-5-21-1753113456-3794003277-551465778","Aces":[{"PrincipalSID":"INHERITANCE.AD2025.LAN-S-1-5-32-544","PrincipalType":"Group","RightName":"Owns","IsInherited":false,"InheritanceHash":""},{"PrincipalSID":"INHERITANCE.AD2025.LAN-S-1-5-32-544","PrincipalType":"Group","RightName":"WriteDacl","IsInherited":false,"InheritanceHash":""},{"PrincipalSID":"INHERITANCE.AD2025.LAN-S-1-5-32-544","PrincipalType":"Group","RightName":"WriteOwner","IsInherited":false,"InheritanceHash":""},{"PrincipalSID":"INHERITANCE.AD2025.LAN-S-1-5-32-544","PrincipalType":"Group","RightName":"AllExtendedRights","IsInherited":false,"InheritanceHash":""},{"PrincipalSID":"INHERITANCE.AD2025.LAN-S-1-5-32-544","PrincipalType":"Group","RightName":"GenericWrite","IsInherited":false,"InheritanceHash":""},{"PrincipalSID":"S-1-5-21-131110255-635260017-1229676798-512","PrincipalType":"Group","RightName":"WriteDacl","IsInherited":false,"InheritanceHash":""},{"PrincipalSID":"S-1-5-21-131110255-635260017-1229676798-512","PrincipalType":"Group","RightName":"WriteOwner","IsInherited":false,"InheritanceHash":""},{"PrincipalSID":"S-1-5-21-131110255-635260017-1229676798-512","PrincipalType":"Group","RightName":"AllExtendedRights","IsInherited":false,"InheritanceHash":""},{"PrincipalSID":"S-1-5-21-131110255-635260017-1229676798-512","PrincipalType":"Group","RightName":"GenericWrite","IsInherited":false,"InheritanceHash":""},{"PrincipalSID":"S-1-5-21-1753113456-3794003277-551465778-519","PrincipalType":"Group","RightName":"GenericAll","IsInherited":false,"InheritanceHash":""},{"PrincipalSID":"AD2025.LAN-S-1-5-9","PrincipalType":"Group","RightName":"GetChanges","IsInherited":false,"InheritanceHash":""},{"PrincipalSID":"AD2025.LAN-S-1-5-9","PrincipalType":"Group","RightName":"GetChangesInFilteredSet","IsInherited":false,"InheritanceHash":""},{"PrincipalSID":"INHERITANCE.AD2025.LAN-S-1-5-32-544","PrincipalType":"Group","RightName":"GetChangesInFilteredSet","IsInherited":false,"InheritanceHash":""},{"PrincipalSID":"INHERITANCE.AD2025.LAN-S-1-5-32-544","PrincipalType":"Group","RightName":"GetChanges","IsInherited":false,"InheritanceHash":""},{"PrincipalSID":"INHERITANCE.AD2025.LAN-S-1-5-32-544","PrincipalType":"Group","RightName":"GetChangesAll","IsInherited":false,"InheritanceHash":""},{"PrincipalSID":"S-1-5-21-131110255-635260017-1229676798-516","PrincipalType":"Group","RightName":"GetChangesAll","IsInherited":false,"InheritanceHash":""},{"PrincipalSID":"S-1-5-21-1753113456-3794003277-551465778-498","PrincipalType":"Group","RightName":"GetChanges","IsInherited":false,"InheritanceHash":""}],"ObjectIdentifier":"S-1-5-21-131110255-635260017-1229676798","IsDeleted":false,"IsACLProtected":false,"ContainedBy":null}],"meta":{"methods":7107563,"type":"domains","count":1,"version":6,"collectorversion":"2.6.5.0"}}