{"data":[{"GPOChanges":{"LocalAdmins":[],"RemoteDesktopUsers":[],"DcomUsers":[],"PSRemoteUsers":[],"AffectedComputers":[]},"Properties":{"domain":"AD2012NOR.LAN","name":"ADMINSDHOLDERTESTS@AD2012NOR.LAN","distinguishedname":"OU=ADMINSDHOLDERTESTS,DC=AD2012NOR,DC=LAN","domainsid":"S-1-5-21-2472645976-731508294-3645539909","doesanyacegrantownerrights":false,"doesanyinheritedacegrantownerrights":false,"isaclprotected":false,"whencreated":1745451215,"blocksinheritance":false},"Links":[],"ChildObjects":[],"InheritanceHashes":[],"Aces":[{"PrincipalSID":"S-1-5-21-2472645976-731508294-3645539909-512","PrincipalType":"Group","RightName":"Owns","IsInherited":false,"InheritanceHash":""},{"PrincipalSID":"S-1-5-21-2472645976-731508294-3645539909-512","PrincipalType":"Group","RightName":"GenericAll","IsInherited":false,"InheritanceHash":""},{"PrincipalSID":"S-1-5-21-2472645976-731508294-3645539909-519","PrincipalType":"Group","RightName":"GenericAll","IsInherited":true,"InheritanceHash":"F2118F1FBF06FFCD9F1A290B878677FD2D93FC85"},{"PrincipalSID":"AD2012NOR.LAN-S-1-5-32-544","PrincipalType":"Group","RightName":"WriteDacl","IsInherited":true,"InheritanceHash":"62C26D4FB3FF64505B03CDD35D648DFBC6C157CC"},{"PrincipalSID":"AD2012NOR.LAN-S-1-5-32-544","PrincipalType":"Group","RightName":"WriteOwner","IsInherited":true,"InheritanceHash":"62C26D4FB3FF64505B03CDD35D648DFBC6C157CC"},{"PrincipalSID":"AD2012NOR.LAN-S-1-5-32-544","PrincipalType":"Group","RightName":"GenericWrite","IsInherited":true,"InheritanceHash":"62C26D4FB3FF64505B03CDD35D648DFBC6C157CC"}],"ObjectIdentifier":"B191AF27-1C05-4C6F-8C64-C685D53733BA","IsDeleted":false,"IsACLProtected":false,"ContainedBy":{"ObjectIdentifier":"S-1-5-21-2472645976-731508294-3645539909","ObjectType":"Domain"}},{"GPOChanges":{"LocalAdmins":[],"RemoteDesktopUsers":[],"DcomUsers":[],"PSRemoteUsers":[],"AffectedComputers":[]},"Properties":{"domain":"AD2012NOR.LAN","name":"DOMAIN CONTROLLERS@AD2012NOR.LAN","distinguishedname":"OU=DOMAIN CONTROLLERS,DC=AD2012NOR,DC=LAN","domainsid":"S-1-5-21-2472645976-731508294-3645539909","doesanyacegrantownerrights":false,"doesanyinheritedacegrantownerrights":false,"isaclprotected":false,"description":"Default container for domain controllers","whencreated":1744931587,"blocksinheritance":false},"Links":[{"IsEnforced":false,"GUID":"E4399609-59A1-45D8-AD86-3D3D71AB6B57"}],"ChildObjects":[],"InheritanceHashes":[],"Aces":[{"PrincipalSID":"S-1-5-21-2472645976-731508294-3645539909-512","PrincipalType":"Group","RightName":"Owns","IsInherited":false,"InheritanceHash":""},{"PrincipalSID":"S-1-5-21-2472645976-731508294-3645539909-512","PrincipalType":"Group","RightName":"WriteDacl","IsInherited":false,"InheritanceHash":""},{"PrincipalSID":"S-1-5-21-2472645976-731508294-3645539909-512","PrincipalType":"Group","RightName":"WriteOwner","IsInherited":false,"InheritanceHash":""},{"PrincipalSID":"S-1-5-21-2472645976-731508294-3645539909-512","PrincipalType":"Group","RightName":"GenericWrite","IsInherited":false,"InheritanceHash":""},{"PrincipalSID":"S-1-5-21-2472645976-731508294-3645539909-519","PrincipalType":"Group","RightName":"GenericAll","IsInherited":true,"InheritanceHash":"F2118F1FBF06FFCD9F1A290B878677FD2D93FC85"},{"PrincipalSID":"AD2012NOR.LAN-S-1-5-32-544","PrincipalType":"Group","RightName":"WriteDacl","IsInherited":true,"InheritanceHash":"62C26D4FB3FF64505B03CDD35D648DFBC6C157CC"},{"PrincipalSID":"AD2012NOR.LAN-S-1-5-32-544","PrincipalType":"Group","RightName":"WriteOwner","IsInherited":true,"InheritanceHash":"62C26D4FB3FF64505B03CDD35D648DFBC6C157CC"},{"PrincipalSID":"AD2012NOR.LAN-S-1-5-32-544","PrincipalType":"Group","RightName":"GenericWrite","IsInherited":true,"InheritanceHash":"62C26D4FB3FF64505B03CDD35D648DFBC6C157CC"}],"ObjectIdentifier":"56CFC0E6-2A18-447A-83C4-517B5D4071C5","IsDeleted":false,"IsACLProtected":false,"ContainedBy":{"ObjectIdentifier":"S-1-5-21-2472645976-731508294-3645539909","ObjectType":"Domain"}},{"GPOChanges":{"LocalAdmins":[],"RemoteDesktopUsers":[],"DcomUsers":[],"PSRemoteUsers":[],"AffectedComputers":[]},"Properties":{"domain":"AD2012NOR.LAN","name":"MISCONFIGS@AD2012NOR.LAN","distinguishedname":"OU=MISCONFIGS,DC=AD2012NOR,DC=LAN","domainsid":"S-1-5-21-2472645976-731508294-3645539909","doesanyacegrantownerrights":false,"doesanyinheritedacegrantownerrights":false,"isaclprotected":false,"whencreated":1745892281,"blocksinheritance":false},"Links":[],"ChildObjects":[],"InheritanceHashes":["159A49E3E185413B24AF2B88814CBC8230D0F122"],"Aces":[{"PrincipalSID":"S-1-5-21-2472645976-731508294-3645539909-512","PrincipalType":"Group","RightName":"Owns","IsInherited":false,"InheritanceHash":""},{"PrincipalSID":"AD2012NOR.LAN-S-1-5-32-549","PrincipalType":"Group","RightName":"GenericWrite","IsInherited":false,"InheritanceHash":""},{"PrincipalSID":"S-1-5-21-2472645976-731508294-3645539909-512","PrincipalType":"Group","RightName":"GenericAll","IsInherited":false,"InheritanceHash":""},{"PrincipalSID":"S-1-5-21-2472645976-731508294-3645539909-519","PrincipalType":"Group","RightName":"GenericAll","IsInherited":true,"InheritanceHash":"F2118F1FBF06FFCD9F1A290B878677FD2D93FC85"},{"PrincipalSID":"AD2012NOR.LAN-S-1-5-32-544","PrincipalType":"Group","RightName":"WriteDacl","IsInherited":true,"InheritanceHash":"62C26D4FB3FF64505B03CDD35D648DFBC6C157CC"},{"PrincipalSID":"AD2012NOR.LAN-S-1-5-32-544","PrincipalType":"Group","RightName":"WriteOwner","IsInherited":true,"InheritanceHash":"62C26D4FB3FF64505B03CDD35D648DFBC6C157CC"},{"PrincipalSID":"AD2012NOR.LAN-S-1-5-32-544","PrincipalType":"Group","RightName":"GenericWrite","IsInherited":true,"InheritanceHash":"62C26D4FB3FF64505B03CDD35D648DFBC6C157CC"}],"ObjectIdentifier":"4E5658ED-2D3F-4A88-831B-35A200943DFE","IsDeleted":false,"IsACLProtected":false,"ContainedBy":{"ObjectIdentifier":"S-1-5-21-2472645976-731508294-3645539909","ObjectType":"Domain"}}],"meta":{"methods":7107563,"type":"ous","count":3,"version":6,"collectorversion":"2.6.5.0"}}