{"data":[{"Properties":{"domain":"AD2012NOR.LAN","name":"DEFAULT DOMAIN POLICY@AD2012NOR.LAN","distinguishedname":"CN={31B2F340-016D-11D2-945F-00C04FB984F9},CN=POLICIES,CN=SYSTEM,DC=AD2012NOR,DC=LAN","domainsid":"S-1-5-21-2472645976-731508294-3645539909","doesanyacegrantownerrights":false,"doesanyinheritedacegrantownerrights":false,"isaclprotected":true,"whencreated":1744931587,"gpcpath":"\\\\AD2012NOR.LAN\\SYSVOL\\AD2012NOR.LAN\\POLICIES\\{31B2F340-016D-11D2-945F-00C04FB984F9}"},"Aces":[{"PrincipalSID":"S-1-5-21-2472645976-731508294-3645539909-512","PrincipalType":"Group","RightName":"Owns","IsInherited":false,"InheritanceHash":""},{"PrincipalSID":"S-1-5-21-2472645976-731508294-3645539909-512","PrincipalType":"Group","RightName":"WriteDacl","IsInherited":false,"InheritanceHash":""},{"PrincipalSID":"S-1-5-21-2472645976-731508294-3645539909-512","PrincipalType":"Group","RightName":"WriteOwner","IsInherited":false,"InheritanceHash":""},{"PrincipalSID":"S-1-5-21-2472645976-731508294-3645539909-512","PrincipalType":"Group","RightName":"GenericWrite","IsInherited":false,"InheritanceHash":""},{"PrincipalSID":"S-1-5-21-2472645976-731508294-3645539909-512","PrincipalType":"Group","RightName":"WriteDacl","IsInherited":false,"InheritanceHash":""},{"PrincipalSID":"S-1-5-21-2472645976-731508294-3645539909-512","PrincipalType":"Group","RightName":"WriteOwner","IsInherited":false,"InheritanceHash":""},{"PrincipalSID":"S-1-5-21-2472645976-731508294-3645539909-512","PrincipalType":"Group","RightName":"GenericWrite","IsInherited":false,"InheritanceHash":""},{"PrincipalSID":"S-1-5-21-2472645976-731508294-3645539909-519","PrincipalType":"Group","RightName":"WriteDacl","IsInherited":false,"InheritanceHash":""},{"PrincipalSID":"S-1-5-21-2472645976-731508294-3645539909-519","PrincipalType":"Group","RightName":"WriteOwner","IsInherited":false,"InheritanceHash":""},{"PrincipalSID":"S-1-5-21-2472645976-731508294-3645539909-519","PrincipalType":"Group","RightName":"GenericWrite","IsInherited":false,"InheritanceHash":""}],"ObjectIdentifier":"3AEE4243-7696-468D-9AA2-3303F3EA3DC9","IsDeleted":false,"IsACLProtected":true,"ContainedBy":null},{"Properties":{"domain":"AD2012NOR.LAN","name":"DEFAULT DOMAIN CONTROLLERS POLICY@AD2012NOR.LAN","distinguishedname":"CN={6AC1786C-016F-11D2-945F-00C04FB984F9},CN=POLICIES,CN=SYSTEM,DC=AD2012NOR,DC=LAN","domainsid":"S-1-5-21-2472645976-731508294-3645539909","doesanyacegrantownerrights":false,"doesanyinheritedacegrantownerrights":false,"isaclprotected":true,"whencreated":1744931587,"gpcpath":"\\\\AD2012NOR.LAN\\SYSVOL\\AD2012NOR.LAN\\POLICIES\\{6AC1786C-016F-11D2-945F-00C04FB984F9}"},"Aces":[{"PrincipalSID":"S-1-5-21-2472645976-731508294-3645539909-512","PrincipalType":"Group","RightName":"Owns","IsInherited":false,"InheritanceHash":""},{"PrincipalSID":"S-1-5-21-2472645976-731508294-3645539909-512","PrincipalType":"Group","RightName":"WriteDacl","IsInherited":false,"InheritanceHash":""},{"PrincipalSID":"S-1-5-21-2472645976-731508294-3645539909-512","PrincipalType":"Group","RightName":"WriteOwner","IsInherited":false,"InheritanceHash":""},{"PrincipalSID":"S-1-5-21-2472645976-731508294-3645539909-512","PrincipalType":"Group","RightName":"GenericWrite","IsInherited":false,"InheritanceHash":""},{"PrincipalSID":"S-1-5-21-2472645976-731508294-3645539909-512","PrincipalType":"Group","RightName":"WriteDacl","IsInherited":false,"InheritanceHash":""},{"PrincipalSID":"S-1-5-21-2472645976-731508294-3645539909-512","PrincipalType":"Group","RightName":"WriteOwner","IsInherited":false,"InheritanceHash":""},{"PrincipalSID":"S-1-5-21-2472645976-731508294-3645539909-512","PrincipalType":"Group","RightName":"GenericWrite","IsInherited":false,"InheritanceHash":""},{"PrincipalSID":"S-1-5-21-2472645976-731508294-3645539909-519","PrincipalType":"Group","RightName":"WriteDacl","IsInherited":false,"InheritanceHash":""},{"PrincipalSID":"S-1-5-21-2472645976-731508294-3645539909-519","PrincipalType":"Group","RightName":"WriteOwner","IsInherited":false,"InheritanceHash":""},{"PrincipalSID":"S-1-5-21-2472645976-731508294-3645539909-519","PrincipalType":"Group","RightName":"GenericWrite","IsInherited":false,"InheritanceHash":""}],"ObjectIdentifier":"E4399609-59A1-45D8-AD86-3D3D71AB6B57","IsDeleted":false,"IsACLProtected":true,"ContainedBy":null}],"meta":{"methods":7107563,"type":"gpos","count":2,"version":6,"collectorversion":"2.6.5.0"}}