{"data":[{"Properties":{"domain":"AD2008.LAN","name":"SD-DC2008R2.AD2008.LAN","distinguishedname":"CN=SD-DC2008R2,OU=DOMAIN CONTROLLERS,DC=AD2008,DC=LAN","domainsid":"S-1-5-21-1780537355-228050535-1657073545","samaccountname":"SD-DC2008R2$","haslaps":false,"doesanyacegrantownerrights":false,"doesanyinheritedacegrantownerrights":false,"isaclprotected":false,"whencreated":1692569774,"enabled":true,"unconstraineddelegation":true,"trustedtoauth":false,"isdc":true,"encryptedtextpwdallowed":false,"usedeskeyonly":false,"logonscriptenabled":false,"lockedout":false,"passwordexpired":false,"supportedencryptiontypes":["DES-CBC-CRC","DES-CBC-MD5","RC4-HMAC-MD5","AES128-CTS-HMAC-SHA1-96","AES256-CTS-HMAC-SHA1-96"],"lastlogon":1746030849,"lastlogontimestamp":1745426028,"pwdlastset":1745191115,"serviceprincipalnames":["ldap/SD-DC2008R2.AD2008.lan/ForestDnsZones.AD2008.lan","ldap/SD-DC2008R2.AD2008.lan/DomainDnsZones.AD2008.lan","TERMSRV/SD-DC2008R2","TERMSRV/SD-DC2008R2.AD2008.lan","Dfsr-12F9A27C-BF97-4787-9364-D31B6C55EB04/SD-DC2008R2.AD2008.lan","DNS/SD-DC2008R2.AD2008.lan","GC/SD-DC2008R2.AD2008.lan/AD2008.lan","RestrictedKrbHost/SD-DC2008R2.AD2008.lan","RestrictedKrbHost/SD-DC2008R2","HOST/SD-DC2008R2/AD2008","HOST/SD-DC2008R2.AD2008.lan/AD2008","HOST/SD-DC2008R2","HOST/SD-DC2008R2.AD2008.lan","HOST/SD-DC2008R2.AD2008.lan/AD2008.lan","E3514235-4B06-11D1-AB04-00C04FC2DCD2/5f92a71b-b841-45b4-a252-0ca0b07d7d82/AD2008.lan","ldap/SD-DC2008R2/AD2008","ldap/5f92a71b-b841-45b4-a252-0ca0b07d7d82._msdcs.AD2008.lan","ldap/SD-DC2008R2.AD2008.lan/AD2008","ldap/SD-DC2008R2","ldap/SD-DC2008R2.AD2008.lan","ldap/SD-DC2008R2.AD2008.lan/AD2008.lan"],"email":null,"useraccountcontrol":532480,"operatingsystem":"Windows Server 2008 R2 Datacenter","sidhistory":[],"ldapavailable":true,"ldapsavailable":true,"ldapsepa":true,"ldapsigning":false},"PrimaryGroupSID":"S-1-5-21-1780537355-228050535-1657073545-516","AllowedToDelegate":[],"AllowedToAct":[],"HasSIDHistory":[],"DumpSMSAPassword":[],"Sessions":{"Results":[],"Collected":true,"FailureReason":null},"PrivilegedSessions":{"Results":[],"Collected":false,"FailureReason":null},"RegistrySessions":{"Results":[],"Collected":false,"FailureReason":null},"LocalGroups":[{"ObjectIdentifier":"AD2008.LAN-S-1-5-32-549","Name":"IGNOREME","Results":[],"LocalNames":[],"Collected":true,"FailureReason":null},{"ObjectIdentifier":"AD2008.LAN-S-1-5-32-548","Name":"IGNOREME","Results":[],"LocalNames":[],"Collected":true,"FailureReason":null},{"ObjectIdentifier":"AD2008.LAN-S-1-5-32-554","Name":"IGNOREME","Results":[{"ObjectIdentifier":"AD2008.LAN-S-1-5-11","ObjectType":"Group"}],"LocalNames":[],"Collected":true,"FailureReason":null},{"ObjectIdentifier":"AD2008.LAN-S-1-5-32-557","Name":"IGNOREME","Results":[],"LocalNames":[],"Collected":true,"FailureReason":null},{"ObjectIdentifier":"AD2008.LAN-S-1-5-32-560","Name":"IGNOREME","Results":[{"ObjectIdentifier":"AD2008.LAN-S-1-5-9","ObjectType":"Group"}],"LocalNames":[],"Collected":true,"FailureReason":null},{"ObjectIdentifier":"AD2008.LAN-S-1-5-32-561","Name":"IGNOREME","Results":[],"LocalNames":[],"Collected":true,"FailureReason":null},{"ObjectIdentifier":"AD2008.LAN-S-1-5-32-544","Name":"IGNOREME","Results":[{"ObjectIdentifier":"S-1-5-21-1780537355-228050535-1657073545-500","ObjectType":"User"},{"ObjectIdentifier":"S-1-5-21-1780537355-228050535-1657073545-519","ObjectType":"Group"},{"ObjectIdentifier":"S-1-5-21-1780537355-228050535-1657073545-512","ObjectType":"Group"}],"LocalNames":[],"Collected":true,"FailureReason":null},{"ObjectIdentifier":"AD2008.LAN-S-1-5-32-545","Name":"IGNOREME","Results":[{"ObjectIdentifier":"AD2008.LAN-S-1-5-11","ObjectType":"Group"},{"ObjectIdentifier":"S-1-5-21-1780537355-228050535-1657073545-513","ObjectType":"Group"}],"LocalNames":[],"Collected":true,"FailureReason":null},{"ObjectIdentifier":"AD2008.LAN-S-1-5-32-546","Name":"IGNOREME","Results":[{"ObjectIdentifier":"S-1-5-21-1780537355-228050535-1657073545-501","ObjectType":"User"},{"ObjectIdentifier":"S-1-5-21-1780537355-228050535-1657073545-514","ObjectType":"Group"}],"LocalNames":[],"Collected":true,"FailureReason":null},{"ObjectIdentifier":"AD2008.LAN-S-1-5-32-550","Name":"IGNOREME","Results":[],"LocalNames":[],"Collected":true,"FailureReason":null},{"ObjectIdentifier":"AD2008.LAN-S-1-5-32-551","Name":"IGNOREME","Results":[],"LocalNames":[],"Collected":true,"FailureReason":null},{"ObjectIdentifier":"AD2008.LAN-S-1-5-32-552","Name":"IGNOREME","Results":[],"LocalNames":[],"Collected":true,"FailureReason":null},{"ObjectIdentifier":"AD2008.LAN-S-1-5-32-555","Name":"IGNOREME","Results":[],"LocalNames":[],"Collected":true,"FailureReason":null},{"ObjectIdentifier":"AD2008.LAN-S-1-5-32-556","Name":"IGNOREME","Results":[],"LocalNames":[],"Collected":true,"FailureReason":null},{"ObjectIdentifier":"AD2008.LAN-S-1-5-32-558","Name":"IGNOREME","Results":[],"LocalNames":[],"Collected":true,"FailureReason":null},{"ObjectIdentifier":"AD2008.LAN-S-1-5-32-559","Name":"IGNOREME","Results":[],"LocalNames":[],"Collected":true,"FailureReason":null},{"ObjectIdentifier":"AD2008.LAN-S-1-5-32-562","Name":"IGNOREME","Results":[],"LocalNames":[],"Collected":true,"FailureReason":null},{"ObjectIdentifier":"AD2008.LAN-S-1-5-32-568","Name":"IGNOREME","Results":[{"ObjectIdentifier":"AD2008.LAN-S-1-5-17","ObjectType":"User"}],"LocalNames":[],"Collected":true,"FailureReason":null},{"ObjectIdentifier":"AD2008.LAN-S-1-5-32-569","Name":"IGNOREME","Results":[],"LocalNames":[],"Collected":true,"FailureReason":null},{"ObjectIdentifier":"AD2008.LAN-S-1-5-32-573","Name":"IGNOREME","Results":[],"LocalNames":[],"Collected":true,"FailureReason":null},{"ObjectIdentifier":"AD2008.LAN-S-1-5-32-574","Name":"IGNOREME","Results":[],"LocalNames":[],"Collected":true,"FailureReason":null}],"UserRights":[],"DCRegistryData":{"CertificateMappingMethods":null,"StrongCertificateBindingEnforcement":null},"Status":null,"IsDC":true,"UnconstrainedDelegation":true,"DomainSID":"S-1-5-21-1780537355-228050535-1657073545","IsWebClientRunning":{"Result":false,"Collected":true,"FailureReason":null},"SmbInfo":{"Result":{"SigningEnabled":true},"Collected":true,"FailureReason":null},"NtlmSessions":null,"NTLMRegistryData":null,"Aces":[{"PrincipalSID":"S-1-5-21-1780537355-228050535-1657073545-512","PrincipalType":"Group","RightName":"Owns","IsInherited":false,"InheritanceHash":""},{"PrincipalSID":"S-1-5-21-1780537355-228050535-1657073545-512","PrincipalType":"Group","RightName":"GenericAll","IsInherited":false,"InheritanceHash":""},{"PrincipalSID":"S-1-5-21-1780537355-228050535-1657073545-512","PrincipalType":"Group","RightName":"WriteAccountRestrictions","IsInherited":false,"InheritanceHash":""},{"PrincipalSID":"S-1-5-21-1780537355-228050535-1657073545-519","PrincipalType":"Group","RightName":"GenericAll","IsInherited":true,"InheritanceHash":"EC3C406847C802AD50E180AD1AA1B0574FDC1CDE"},{"PrincipalSID":"AD2008.LAN-S-1-5-32-544","PrincipalType":"Group","RightName":"WriteDacl","IsInherited":true,"InheritanceHash":"62C26D4FB3FF64505B03CDD35D648DFBC6C157CC"},{"PrincipalSID":"AD2008.LAN-S-1-5-32-544","PrincipalType":"Group","RightName":"WriteOwner","IsInherited":true,"InheritanceHash":"62C26D4FB3FF64505B03CDD35D648DFBC6C157CC"},{"PrincipalSID":"AD2008.LAN-S-1-5-32-544","PrincipalType":"Group","RightName":"GenericWrite","IsInherited":true,"InheritanceHash":"62C26D4FB3FF64505B03CDD35D648DFBC6C157CC"}],"ObjectIdentifier":"S-1-5-21-1780537355-228050535-1657073545-1000","IsDeleted":false,"IsACLProtected":false,"ContainedBy":{"ObjectIdentifier":"7BF6E313-0503-42FC-B12A-8205A40BFDE0","ObjectType":"OU"}}],"meta":{"methods":7107563,"type":"computers","count":1,"version":6,"collectorversion":"2.6.5.0"}}