{"data":[{"Properties":{"domain":"AD2008.LAN","name":"ADMINISTRATORS@AD2008.LAN","distinguishedname":"CN=ADMINISTRATORS,CN=BUILTIN,DC=AD2008,DC=LAN","domainsid":"S-1-5-21-1780537355-228050535-1657073545","samaccountname":"Administrators","doesanyacegrantownerrights":false,"doesanyinheritedacegrantownerrights":false,"isaclprotected":true,"description":"Administrators have complete and unrestricted access to the computer/domain","whencreated":1692569754,"admincount":true},"Members":[{"ObjectIdentifier":"S-1-5-21-1780537355-228050535-1657073545-512","ObjectType":"Group"},{"ObjectIdentifier":"S-1-5-21-1780537355-228050535-1657073545-519","ObjectType":"Group"},{"ObjectIdentifier":"S-1-5-21-1780537355-228050535-1657073545-500","ObjectType":"User"}],"Aces":[{"PrincipalSID":"S-1-5-21-1780537355-228050535-1657073545-512","PrincipalType":"Group","RightName":"Owns","IsInherited":false,"InheritanceHash":""},{"PrincipalSID":"AD2008.LAN-S-1-5-32-544","PrincipalType":"Group","RightName":"WriteDacl","IsInherited":false,"InheritanceHash":""},{"PrincipalSID":"AD2008.LAN-S-1-5-32-544","PrincipalType":"Group","RightName":"WriteOwner","IsInherited":false,"InheritanceHash":""},{"PrincipalSID":"AD2008.LAN-S-1-5-32-544","PrincipalType":"Group","RightName":"GenericWrite","IsInherited":false,"InheritanceHash":""},{"PrincipalSID":"S-1-5-21-1780537355-228050535-1657073545-512","PrincipalType":"Group","RightName":"WriteDacl","IsInherited":false,"InheritanceHash":""},{"PrincipalSID":"S-1-5-21-1780537355-228050535-1657073545-512","PrincipalType":"Group","RightName":"WriteOwner","IsInherited":false,"InheritanceHash":""},{"PrincipalSID":"S-1-5-21-1780537355-228050535-1657073545-512","PrincipalType":"Group","RightName":"GenericWrite","IsInherited":false,"InheritanceHash":""},{"PrincipalSID":"S-1-5-21-1780537355-228050535-1657073545-519","PrincipalType":"Group","RightName":"WriteDacl","IsInherited":false,"InheritanceHash":""},{"PrincipalSID":"S-1-5-21-1780537355-228050535-1657073545-519","PrincipalType":"Group","RightName":"WriteOwner","IsInherited":false,"InheritanceHash":""},{"PrincipalSID":"S-1-5-21-1780537355-228050535-1657073545-519","PrincipalType":"Group","RightName":"GenericWrite","IsInherited":false,"InheritanceHash":""}],"ObjectIdentifier":"AD2008.LAN-S-1-5-32-544","IsDeleted":false,"IsACLProtected":true,"ContainedBy":{"ObjectIdentifier":"S-1-5-21-1780537355-228050535-1657073545","ObjectType":"Domain"}},{"Properties":{"domain":"AD2008.LAN","name":"USERS@AD2008.LAN","distinguishedname":"CN=USERS,CN=BUILTIN,DC=AD2008,DC=LAN","domainsid":"S-1-5-21-1780537355-228050535-1657073545","samaccountname":"Users","doesanyacegrantownerrights":false,"doesanyinheritedacegrantownerrights":false,"isaclprotected":false,"description":"Users are prevented from making accidental or intentional system-wide changes and can run most applications","whencreated":1692569754,"admincount":false},"Members":[{"ObjectIdentifier":"S-1-5-21-1780537355-228050535-1657073545-513","ObjectType":"Group"},{"ObjectIdentifier":"AD2008.LAN-S-1-5-11","ObjectType":"Group"},{"ObjectIdentifier":"AD2008.LAN-S-1-5-4","ObjectType":"Group"}],"Aces":[{"PrincipalSID":"AD2008.LAN-S-1-5-32-544","PrincipalType":"Group","RightName":"Owns","IsInherited":false,"InheritanceHash":""},{"PrincipalSID":"AD2008.LAN-S-1-5-32-548","PrincipalType":"Group","RightName":"GenericAll","IsInherited":false,"InheritanceHash":""},{"PrincipalSID":"S-1-5-21-1780537355-228050535-1657073545-512","PrincipalType":"Group","RightName":"GenericAll","IsInherited":false,"InheritanceHash":""},{"PrincipalSID":"S-1-5-21-1780537355-228050535-1657073545-519","PrincipalType":"Group","RightName":"GenericAll","IsInherited":true,"InheritanceHash":"EC3C406847C802AD50E180AD1AA1B0574FDC1CDE"},{"PrincipalSID":"AD2008.LAN-S-1-5-32-544","PrincipalType":"Group","RightName":"WriteDacl","IsInherited":true,"InheritanceHash":"62C26D4FB3FF64505B03CDD35D648DFBC6C157CC"},{"PrincipalSID":"AD2008.LAN-S-1-5-32-544","PrincipalType":"Group","RightName":"WriteOwner","IsInherited":true,"InheritanceHash":"62C26D4FB3FF64505B03CDD35D648DFBC6C157CC"},{"PrincipalSID":"AD2008.LAN-S-1-5-32-544","PrincipalType":"Group","RightName":"GenericWrite","IsInherited":true,"InheritanceHash":"62C26D4FB3FF64505B03CDD35D648DFBC6C157CC"}],"ObjectIdentifier":"AD2008.LAN-S-1-5-32-545","IsDeleted":false,"IsACLProtected":false,"ContainedBy":{"ObjectIdentifier":"S-1-5-21-1780537355-228050535-1657073545","ObjectType":"Domain"}},{"Properties":{"domain":"AD2008.LAN","name":"PRINT OPERATORS@AD2008.LAN","distinguishedname":"CN=PRINT OPERATORS,CN=BUILTIN,DC=AD2008,DC=LAN","domainsid":"S-1-5-21-1780537355-228050535-1657073545","samaccountname":"Print Operators","doesanyacegrantownerrights":false,"doesanyinheritedacegrantownerrights":false,"isaclprotected":true,"description":"Members can administer domain printers","whencreated":1692569754,"admincount":true},"Members":[],"Aces":[{"PrincipalSID":"S-1-5-21-1780537355-228050535-1657073545-512","PrincipalType":"Group","RightName":"Owns","IsInherited":false,"InheritanceHash":""},{"PrincipalSID":"AD2008.LAN-S-1-5-32-544","PrincipalType":"Group","RightName":"WriteDacl","IsInherited":false,"InheritanceHash":""},{"PrincipalSID":"AD2008.LAN-S-1-5-32-544","PrincipalType":"Group","RightName":"WriteOwner","IsInherited":false,"InheritanceHash":""},{"PrincipalSID":"AD2008.LAN-S-1-5-32-544","PrincipalType":"Group","RightName":"GenericWrite","IsInherited":false,"InheritanceHash":""},{"PrincipalSID":"S-1-5-21-1780537355-228050535-1657073545-512","PrincipalType":"Group","RightName":"WriteDacl","IsInherited":false,"InheritanceHash":""},{"PrincipalSID":"S-1-5-21-1780537355-228050535-1657073545-512","PrincipalType":"Group","RightName":"WriteOwner","IsInherited":false,"InheritanceHash":""},{"PrincipalSID":"S-1-5-21-1780537355-228050535-1657073545-512","PrincipalType":"Group","RightName":"GenericWrite","IsInherited":false,"InheritanceHash":""},{"PrincipalSID":"S-1-5-21-1780537355-228050535-1657073545-519","PrincipalType":"Group","RightName":"WriteDacl","IsInherited":false,"InheritanceHash":""},{"PrincipalSID":"S-1-5-21-1780537355-228050535-1657073545-519","PrincipalType":"Group","RightName":"WriteOwner","IsInherited":false,"InheritanceHash":""},{"PrincipalSID":"S-1-5-21-1780537355-228050535-1657073545-519","PrincipalType":"Group","RightName":"GenericWrite","IsInherited":false,"InheritanceHash":""}],"ObjectIdentifier":"AD2008.LAN-S-1-5-32-550","IsDeleted":false,"IsACLProtected":true,"ContainedBy":{"ObjectIdentifier":"S-1-5-21-1780537355-228050535-1657073545","ObjectType":"Domain"}},{"Properties":{"domain":"AD2008.LAN","name":"GUESTS@AD2008.LAN","distinguishedname":"CN=GUESTS,CN=BUILTIN,DC=AD2008,DC=LAN","domainsid":"S-1-5-21-1780537355-228050535-1657073545","samaccountname":"Guests","doesanyacegrantownerrights":false,"doesanyinheritedacegrantownerrights":false,"isaclprotected":false,"description":"Guests have the same access as members of the Users group by default, except for the Guest account which is further restricted","whencreated":1692569754,"admincount":false},"Members":[{"ObjectIdentifier":"S-1-5-21-1780537355-228050535-1657073545-514","ObjectType":"Group"},{"ObjectIdentifier":"S-1-5-21-1780537355-228050535-1657073545-501","ObjectType":"User"}],"Aces":[{"PrincipalSID":"AD2008.LAN-S-1-5-32-544","PrincipalType":"Group","RightName":"Owns","IsInherited":false,"InheritanceHash":""},{"PrincipalSID":"AD2008.LAN-S-1-5-32-548","PrincipalType":"Group","RightName":"GenericAll","IsInherited":false,"InheritanceHash":""},{"PrincipalSID":"S-1-5-21-1780537355-228050535-1657073545-512","PrincipalType":"Group","RightName":"GenericAll","IsInherited":false,"InheritanceHash":""},{"PrincipalSID":"S-1-5-21-1780537355-228050535-1657073545-519","PrincipalType":"Group","RightName":"GenericAll","IsInherited":true,"InheritanceHash":"EC3C406847C802AD50E180AD1AA1B0574FDC1CDE"},{"PrincipalSID":"AD2008.LAN-S-1-5-32-544","PrincipalType":"Group","RightName":"WriteDacl","IsInherited":true,"InheritanceHash":"62C26D4FB3FF64505B03CDD35D648DFBC6C157CC"},{"PrincipalSID":"AD2008.LAN-S-1-5-32-544","PrincipalType":"Group","RightName":"WriteOwner","IsInherited":true,"InheritanceHash":"62C26D4FB3FF64505B03CDD35D648DFBC6C157CC"},{"PrincipalSID":"AD2008.LAN-S-1-5-32-544","PrincipalType":"Group","RightName":"GenericWrite","IsInherited":true,"InheritanceHash":"62C26D4FB3FF64505B03CDD35D648DFBC6C157CC"}],"ObjectIdentifier":"AD2008.LAN-S-1-5-32-546","IsDeleted":false,"IsACLProtected":false,"ContainedBy":{"ObjectIdentifier":"S-1-5-21-1780537355-228050535-1657073545","ObjectType":"Domain"}},{"Properties":{"domain":"AD2008.LAN","name":"BACKUP OPERATORS@AD2008.LAN","distinguishedname":"CN=BACKUP OPERATORS,CN=BUILTIN,DC=AD2008,DC=LAN","domainsid":"S-1-5-21-1780537355-228050535-1657073545","samaccountname":"Backup Operators","doesanyacegrantownerrights":false,"doesanyinheritedacegrantownerrights":false,"isaclprotected":true,"description":"Backup Operators can override security restrictions for the sole purpose of backing up or restoring files","whencreated":1692569754,"admincount":true},"Members":[],"Aces":[{"PrincipalSID":"S-1-5-21-1780537355-228050535-1657073545-512","PrincipalType":"Group","RightName":"Owns","IsInherited":false,"InheritanceHash":""},{"PrincipalSID":"AD2008.LAN-S-1-5-32-544","PrincipalType":"Group","RightName":"WriteDacl","IsInherited":false,"InheritanceHash":""},{"PrincipalSID":"AD2008.LAN-S-1-5-32-544","PrincipalType":"Group","RightName":"WriteOwner","IsInherited":false,"InheritanceHash":""},{"PrincipalSID":"AD2008.LAN-S-1-5-32-544","PrincipalType":"Group","RightName":"GenericWrite","IsInherited":false,"InheritanceHash":""},{"PrincipalSID":"S-1-5-21-1780537355-228050535-1657073545-512","PrincipalType":"Group","RightName":"WriteDacl","IsInherited":false,"InheritanceHash":""},{"PrincipalSID":"S-1-5-21-1780537355-228050535-1657073545-512","PrincipalType":"Group","RightName":"WriteOwner","IsInherited":false,"InheritanceHash":""},{"PrincipalSID":"S-1-5-21-1780537355-228050535-1657073545-512","PrincipalType":"Group","RightName":"GenericWrite","IsInherited":false,"InheritanceHash":""},{"PrincipalSID":"S-1-5-21-1780537355-228050535-1657073545-519","PrincipalType":"Group","RightName":"WriteDacl","IsInherited":false,"InheritanceHash":""},{"PrincipalSID":"S-1-5-21-1780537355-228050535-1657073545-519","PrincipalType":"Group","RightName":"WriteOwner","IsInherited":false,"InheritanceHash":""},{"PrincipalSID":"S-1-5-21-1780537355-228050535-1657073545-519","PrincipalType":"Group","RightName":"GenericWrite","IsInherited":false,"InheritanceHash":""}],"ObjectIdentifier":"AD2008.LAN-S-1-5-32-551","IsDeleted":false,"IsACLProtected":true,"ContainedBy":{"ObjectIdentifier":"S-1-5-21-1780537355-228050535-1657073545","ObjectType":"Domain"}},{"Properties":{"domain":"AD2008.LAN","name":"REPLICATORS@AD2008.LAN","distinguishedname":"CN=REPLICATOR,CN=BUILTIN,DC=AD2008,DC=LAN","domainsid":"S-1-5-21-1780537355-228050535-1657073545","samaccountname":"Replicator","doesanyacegrantownerrights":false,"doesanyinheritedacegrantownerrights":false,"isaclprotected":true,"description":"Supports file replication in a domain","whencreated":1692569754,"admincount":true},"Members":[],"Aces":[{"PrincipalSID":"S-1-5-21-1780537355-228050535-1657073545-512","PrincipalType":"Group","RightName":"Owns","IsInherited":false,"InheritanceHash":""},{"PrincipalSID":"AD2008.LAN-S-1-5-32-544","PrincipalType":"Group","RightName":"WriteDacl","IsInherited":false,"InheritanceHash":""},{"PrincipalSID":"AD2008.LAN-S-1-5-32-544","PrincipalType":"Group","RightName":"WriteOwner","IsInherited":false,"InheritanceHash":""},{"PrincipalSID":"AD2008.LAN-S-1-5-32-544","PrincipalType":"Group","RightName":"GenericWrite","IsInherited":false,"InheritanceHash":""},{"PrincipalSID":"S-1-5-21-1780537355-228050535-1657073545-512","PrincipalType":"Group","RightName":"WriteDacl","IsInherited":false,"InheritanceHash":""},{"PrincipalSID":"S-1-5-21-1780537355-228050535-1657073545-512","PrincipalType":"Group","RightName":"WriteOwner","IsInherited":false,"InheritanceHash":""},{"PrincipalSID":"S-1-5-21-1780537355-228050535-1657073545-512","PrincipalType":"Group","RightName":"GenericWrite","IsInherited":false,"InheritanceHash":""},{"PrincipalSID":"S-1-5-21-1780537355-228050535-1657073545-519","PrincipalType":"Group","RightName":"WriteDacl","IsInherited":false,"InheritanceHash":""},{"PrincipalSID":"S-1-5-21-1780537355-228050535-1657073545-519","PrincipalType":"Group","RightName":"WriteOwner","IsInherited":false,"InheritanceHash":""},{"PrincipalSID":"S-1-5-21-1780537355-228050535-1657073545-519","PrincipalType":"Group","RightName":"GenericWrite","IsInherited":false,"InheritanceHash":""}],"ObjectIdentifier":"AD2008.LAN-S-1-5-32-552","IsDeleted":false,"IsACLProtected":true,"ContainedBy":{"ObjectIdentifier":"S-1-5-21-1780537355-228050535-1657073545","ObjectType":"Domain"}},{"Properties":{"domain":"AD2008.LAN","name":"NETWORK CONFIGURATION OPERATORS@AD2008.LAN","distinguishedname":"CN=NETWORK CONFIGURATION OPERATORS,CN=BUILTIN,DC=AD2008,DC=LAN","domainsid":"S-1-5-21-1780537355-228050535-1657073545","samaccountname":"Network Configuration Operators","doesanyacegrantownerrights":false,"doesanyinheritedacegrantownerrights":false,"isaclprotected":false,"description":"Members in this group can have some administrative privileges to manage configuration of networking features","whencreated":1692569754,"admincount":false},"Members":[],"Aces":[{"PrincipalSID":"AD2008.LAN-S-1-5-32-544","PrincipalType":"Group","RightName":"Owns","IsInherited":false,"InheritanceHash":""},{"PrincipalSID":"AD2008.LAN-S-1-5-32-548","PrincipalType":"Group","RightName":"GenericAll","IsInherited":false,"InheritanceHash":""},{"PrincipalSID":"S-1-5-21-1780537355-228050535-1657073545-512","PrincipalType":"Group","RightName":"GenericAll","IsInherited":false,"InheritanceHash":""},{"PrincipalSID":"S-1-5-21-1780537355-228050535-1657073545-519","PrincipalType":"Group","RightName":"GenericAll","IsInherited":true,"InheritanceHash":"EC3C406847C802AD50E180AD1AA1B0574FDC1CDE"},{"PrincipalSID":"AD2008.LAN-S-1-5-32-544","PrincipalType":"Group","RightName":"WriteDacl","IsInherited":true,"InheritanceHash":"62C26D4FB3FF64505B03CDD35D648DFBC6C157CC"},{"PrincipalSID":"AD2008.LAN-S-1-5-32-544","PrincipalType":"Group","RightName":"WriteOwner","IsInherited":true,"InheritanceHash":"62C26D4FB3FF64505B03CDD35D648DFBC6C157CC"},{"PrincipalSID":"AD2008.LAN-S-1-5-32-544","PrincipalType":"Group","RightName":"GenericWrite","IsInherited":true,"InheritanceHash":"62C26D4FB3FF64505B03CDD35D648DFBC6C157CC"}],"ObjectIdentifier":"AD2008.LAN-S-1-5-32-556","IsDeleted":false,"IsACLProtected":false,"ContainedBy":{"ObjectIdentifier":"S-1-5-21-1780537355-228050535-1657073545","ObjectType":"Domain"}},{"Properties":{"domain":"AD2008.LAN","name":"PERFORMANCE MONITOR USERS@AD2008.LAN","distinguishedname":"CN=PERFORMANCE MONITOR USERS,CN=BUILTIN,DC=AD2008,DC=LAN","domainsid":"S-1-5-21-1780537355-228050535-1657073545","samaccountname":"Performance Monitor Users","doesanyacegrantownerrights":false,"doesanyinheritedacegrantownerrights":false,"isaclprotected":false,"description":"Members of this group can access performance counter data locally and remotely","whencreated":1692569754,"admincount":false},"Members":[],"Aces":[{"PrincipalSID":"AD2008.LAN-S-1-5-32-544","PrincipalType":"Group","RightName":"Owns","IsInherited":false,"InheritanceHash":""},{"PrincipalSID":"AD2008.LAN-S-1-5-32-548","PrincipalType":"Group","RightName":"GenericAll","IsInherited":false,"InheritanceHash":""},{"PrincipalSID":"S-1-5-21-1780537355-228050535-1657073545-512","PrincipalType":"Group","RightName":"GenericAll","IsInherited":false,"InheritanceHash":""},{"PrincipalSID":"S-1-5-21-1780537355-228050535-1657073545-519","PrincipalType":"Group","RightName":"GenericAll","IsInherited":true,"InheritanceHash":"EC3C406847C802AD50E180AD1AA1B0574FDC1CDE"},{"PrincipalSID":"AD2008.LAN-S-1-5-32-544","PrincipalType":"Group","RightName":"WriteDacl","IsInherited":true,"InheritanceHash":"62C26D4FB3FF64505B03CDD35D648DFBC6C157CC"},{"PrincipalSID":"AD2008.LAN-S-1-5-32-544","PrincipalType":"Group","RightName":"WriteOwner","IsInherited":true,"InheritanceHash":"62C26D4FB3FF64505B03CDD35D648DFBC6C157CC"},{"PrincipalSID":"AD2008.LAN-S-1-5-32-544","PrincipalType":"Group","RightName":"GenericWrite","IsInherited":true,"InheritanceHash":"62C26D4FB3FF64505B03CDD35D648DFBC6C157CC"}],"ObjectIdentifier":"AD2008.LAN-S-1-5-32-558","IsDeleted":false,"IsACLProtected":false,"ContainedBy":{"ObjectIdentifier":"S-1-5-21-1780537355-228050535-1657073545","ObjectType":"Domain"}},{"Properties":{"domain":"AD2008.LAN","name":"REMOTE DESKTOP USERS@AD2008.LAN","distinguishedname":"CN=REMOTE DESKTOP USERS,CN=BUILTIN,DC=AD2008,DC=LAN","domainsid":"S-1-5-21-1780537355-228050535-1657073545","samaccountname":"Remote Desktop Users","doesanyacegrantownerrights":false,"doesanyinheritedacegrantownerrights":false,"isaclprotected":false,"description":"Members in this group are granted the right to logon remotely","whencreated":1692569754,"admincount":false},"Members":[],"Aces":[{"PrincipalSID":"AD2008.LAN-S-1-5-32-544","PrincipalType":"Group","RightName":"Owns","IsInherited":false,"InheritanceHash":""},{"PrincipalSID":"AD2008.LAN-S-1-5-32-548","PrincipalType":"Group","RightName":"GenericAll","IsInherited":false,"InheritanceHash":""},{"PrincipalSID":"S-1-5-21-1780537355-228050535-1657073545-512","PrincipalType":"Group","RightName":"GenericAll","IsInherited":false,"InheritanceHash":""},{"PrincipalSID":"S-1-5-21-1780537355-228050535-1657073545-519","PrincipalType":"Group","RightName":"GenericAll","IsInherited":true,"InheritanceHash":"EC3C406847C802AD50E180AD1AA1B0574FDC1CDE"},{"PrincipalSID":"AD2008.LAN-S-1-5-32-544","PrincipalType":"Group","RightName":"WriteDacl","IsInherited":true,"InheritanceHash":"62C26D4FB3FF64505B03CDD35D648DFBC6C157CC"},{"PrincipalSID":"AD2008.LAN-S-1-5-32-544","PrincipalType":"Group","RightName":"WriteOwner","IsInherited":true,"InheritanceHash":"62C26D4FB3FF64505B03CDD35D648DFBC6C157CC"},{"PrincipalSID":"AD2008.LAN-S-1-5-32-544","PrincipalType":"Group","RightName":"GenericWrite","IsInherited":true,"InheritanceHash":"62C26D4FB3FF64505B03CDD35D648DFBC6C157CC"}],"ObjectIdentifier":"AD2008.LAN-S-1-5-32-555","IsDeleted":false,"IsACLProtected":false,"ContainedBy":{"ObjectIdentifier":"S-1-5-21-1780537355-228050535-1657073545","ObjectType":"Domain"}},{"Properties":{"domain":"AD2008.LAN","name":"PERFORMANCE LOG USERS@AD2008.LAN","distinguishedname":"CN=PERFORMANCE LOG USERS,CN=BUILTIN,DC=AD2008,DC=LAN","domainsid":"S-1-5-21-1780537355-228050535-1657073545","samaccountname":"Performance Log Users","doesanyacegrantownerrights":false,"doesanyinheritedacegrantownerrights":false,"isaclprotected":false,"description":"Members of this group may schedule logging of performance counters, enable trace providers, and collect event traces both locally and via remote access to this computer","whencreated":1692569754,"admincount":false},"Members":[],"Aces":[{"PrincipalSID":"AD2008.LAN-S-1-5-32-544","PrincipalType":"Group","RightName":"Owns","IsInherited":false,"InheritanceHash":""},{"PrincipalSID":"AD2008.LAN-S-1-5-32-548","PrincipalType":"Group","RightName":"GenericAll","IsInherited":false,"InheritanceHash":""},{"PrincipalSID":"S-1-5-21-1780537355-228050535-1657073545-512","PrincipalType":"Group","RightName":"GenericAll","IsInherited":false,"InheritanceHash":""},{"PrincipalSID":"S-1-5-21-1780537355-228050535-1657073545-519","PrincipalType":"Group","RightName":"GenericAll","IsInherited":true,"InheritanceHash":"EC3C406847C802AD50E180AD1AA1B0574FDC1CDE"},{"PrincipalSID":"AD2008.LAN-S-1-5-32-544","PrincipalType":"Group","RightName":"WriteDacl","IsInherited":true,"InheritanceHash":"62C26D4FB3FF64505B03CDD35D648DFBC6C157CC"},{"PrincipalSID":"AD2008.LAN-S-1-5-32-544","PrincipalType":"Group","RightName":"WriteOwner","IsInherited":true,"InheritanceHash":"62C26D4FB3FF64505B03CDD35D648DFBC6C157CC"},{"PrincipalSID":"AD2008.LAN-S-1-5-32-544","PrincipalType":"Group","RightName":"GenericWrite","IsInherited":true,"InheritanceHash":"62C26D4FB3FF64505B03CDD35D648DFBC6C157CC"}],"ObjectIdentifier":"AD2008.LAN-S-1-5-32-559","IsDeleted":false,"IsACLProtected":false,"ContainedBy":{"ObjectIdentifier":"S-1-5-21-1780537355-228050535-1657073545","ObjectType":"Domain"}},{"Properties":{"domain":"AD2008.LAN","name":"DISTRIBUTED COM USERS@AD2008.LAN","distinguishedname":"CN=DISTRIBUTED COM USERS,CN=BUILTIN,DC=AD2008,DC=LAN","domainsid":"S-1-5-21-1780537355-228050535-1657073545","samaccountname":"Distributed COM Users","doesanyacegrantownerrights":false,"doesanyinheritedacegrantownerrights":false,"isaclprotected":false,"description":"Members are allowed to launch, activate and use Distributed COM objects on this machine.","whencreated":1692569754,"admincount":false},"Members":[],"Aces":[{"PrincipalSID":"AD2008.LAN-S-1-5-32-544","PrincipalType":"Group","RightName":"Owns","IsInherited":false,"InheritanceHash":""},{"PrincipalSID":"AD2008.LAN-S-1-5-32-548","PrincipalType":"Group","RightName":"GenericAll","IsInherited":false,"InheritanceHash":""},{"PrincipalSID":"S-1-5-21-1780537355-228050535-1657073545-512","PrincipalType":"Group","RightName":"GenericAll","IsInherited":false,"InheritanceHash":""},{"PrincipalSID":"S-1-5-21-1780537355-228050535-1657073545-519","PrincipalType":"Group","RightName":"GenericAll","IsInherited":true,"InheritanceHash":"EC3C406847C802AD50E180AD1AA1B0574FDC1CDE"},{"PrincipalSID":"AD2008.LAN-S-1-5-32-544","PrincipalType":"Group","RightName":"WriteDacl","IsInherited":true,"InheritanceHash":"62C26D4FB3FF64505B03CDD35D648DFBC6C157CC"},{"PrincipalSID":"AD2008.LAN-S-1-5-32-544","PrincipalType":"Group","RightName":"WriteOwner","IsInherited":true,"InheritanceHash":"62C26D4FB3FF64505B03CDD35D648DFBC6C157CC"},{"PrincipalSID":"AD2008.LAN-S-1-5-32-544","PrincipalType":"Group","RightName":"GenericWrite","IsInherited":true,"InheritanceHash":"62C26D4FB3FF64505B03CDD35D648DFBC6C157CC"}],"ObjectIdentifier":"AD2008.LAN-S-1-5-32-562","IsDeleted":false,"IsACLProtected":false,"ContainedBy":{"ObjectIdentifier":"S-1-5-21-1780537355-228050535-1657073545","ObjectType":"Domain"}},{"Properties":{"domain":"AD2008.LAN","name":"IIS_IUSRS@AD2008.LAN","distinguishedname":"CN=IIS_IUSRS,CN=BUILTIN,DC=AD2008,DC=LAN","domainsid":"S-1-5-21-1780537355-228050535-1657073545","samaccountname":"IIS_IUSRS","doesanyacegrantownerrights":false,"doesanyinheritedacegrantownerrights":false,"isaclprotected":false,"description":"Built-in group used by Internet Information Services.","whencreated":1692569754,"admincount":false},"Members":[{"ObjectIdentifier":"AD2008.LAN-S-1-5-17","ObjectType":"User"}],"Aces":[{"PrincipalSID":"AD2008.LAN-S-1-5-32-544","PrincipalType":"Group","RightName":"Owns","IsInherited":false,"InheritanceHash":""},{"PrincipalSID":"AD2008.LAN-S-1-5-32-548","PrincipalType":"Group","RightName":"GenericAll","IsInherited":false,"InheritanceHash":""},{"PrincipalSID":"S-1-5-21-1780537355-228050535-1657073545-512","PrincipalType":"Group","RightName":"GenericAll","IsInherited":false,"InheritanceHash":""},{"PrincipalSID":"S-1-5-21-1780537355-228050535-1657073545-519","PrincipalType":"Group","RightName":"GenericAll","IsInherited":true,"InheritanceHash":"EC3C406847C802AD50E180AD1AA1B0574FDC1CDE"},{"PrincipalSID":"AD2008.LAN-S-1-5-32-544","PrincipalType":"Group","RightName":"WriteDacl","IsInherited":true,"InheritanceHash":"62C26D4FB3FF64505B03CDD35D648DFBC6C157CC"},{"PrincipalSID":"AD2008.LAN-S-1-5-32-544","PrincipalType":"Group","RightName":"WriteOwner","IsInherited":true,"InheritanceHash":"62C26D4FB3FF64505B03CDD35D648DFBC6C157CC"},{"PrincipalSID":"AD2008.LAN-S-1-5-32-544","PrincipalType":"Group","RightName":"GenericWrite","IsInherited":true,"InheritanceHash":"62C26D4FB3FF64505B03CDD35D648DFBC6C157CC"}],"ObjectIdentifier":"AD2008.LAN-S-1-5-32-568","IsDeleted":false,"IsACLProtected":false,"ContainedBy":{"ObjectIdentifier":"S-1-5-21-1780537355-228050535-1657073545","ObjectType":"Domain"}},{"Properties":{"domain":"AD2008.LAN","name":"CRYPTOGRAPHIC OPERATORS@AD2008.LAN","distinguishedname":"CN=CRYPTOGRAPHIC OPERATORS,CN=BUILTIN,DC=AD2008,DC=LAN","domainsid":"S-1-5-21-1780537355-228050535-1657073545","samaccountname":"Cryptographic Operators","doesanyacegrantownerrights":false,"doesanyinheritedacegrantownerrights":false,"isaclprotected":false,"description":"Members are authorized to perform cryptographic operations.","whencreated":1692569754,"admincount":false},"Members":[],"Aces":[{"PrincipalSID":"AD2008.LAN-S-1-5-32-544","PrincipalType":"Group","RightName":"Owns","IsInherited":false,"InheritanceHash":""},{"PrincipalSID":"AD2008.LAN-S-1-5-32-548","PrincipalType":"Group","RightName":"GenericAll","IsInherited":false,"InheritanceHash":""},{"PrincipalSID":"S-1-5-21-1780537355-228050535-1657073545-512","PrincipalType":"Group","RightName":"GenericAll","IsInherited":false,"InheritanceHash":""},{"PrincipalSID":"S-1-5-21-1780537355-228050535-1657073545-519","PrincipalType":"Group","RightName":"GenericAll","IsInherited":true,"InheritanceHash":"EC3C406847C802AD50E180AD1AA1B0574FDC1CDE"},{"PrincipalSID":"AD2008.LAN-S-1-5-32-544","PrincipalType":"Group","RightName":"WriteDacl","IsInherited":true,"InheritanceHash":"62C26D4FB3FF64505B03CDD35D648DFBC6C157CC"},{"PrincipalSID":"AD2008.LAN-S-1-5-32-544","PrincipalType":"Group","RightName":"WriteOwner","IsInherited":true,"InheritanceHash":"62C26D4FB3FF64505B03CDD35D648DFBC6C157CC"},{"PrincipalSID":"AD2008.LAN-S-1-5-32-544","PrincipalType":"Group","RightName":"GenericWrite","IsInherited":true,"InheritanceHash":"62C26D4FB3FF64505B03CDD35D648DFBC6C157CC"}],"ObjectIdentifier":"AD2008.LAN-S-1-5-32-569","IsDeleted":false,"IsACLProtected":false,"ContainedBy":{"ObjectIdentifier":"S-1-5-21-1780537355-228050535-1657073545","ObjectType":"Domain"}},{"Properties":{"domain":"AD2008.LAN","name":"EVENT LOG READERS@AD2008.LAN","distinguishedname":"CN=EVENT LOG READERS,CN=BUILTIN,DC=AD2008,DC=LAN","domainsid":"S-1-5-21-1780537355-228050535-1657073545","samaccountname":"Event Log Readers","doesanyacegrantownerrights":false,"doesanyinheritedacegrantownerrights":false,"isaclprotected":false,"description":"Members of this group can read event logs from local machine","whencreated":1692569754,"admincount":false},"Members":[],"Aces":[{"PrincipalSID":"AD2008.LAN-S-1-5-32-544","PrincipalType":"Group","RightName":"Owns","IsInherited":false,"InheritanceHash":""},{"PrincipalSID":"AD2008.LAN-S-1-5-32-548","PrincipalType":"Group","RightName":"GenericAll","IsInherited":false,"InheritanceHash":""},{"PrincipalSID":"S-1-5-21-1780537355-228050535-1657073545-512","PrincipalType":"Group","RightName":"GenericAll","IsInherited":false,"InheritanceHash":""},{"PrincipalSID":"S-1-5-21-1780537355-228050535-1657073545-519","PrincipalType":"Group","RightName":"GenericAll","IsInherited":true,"InheritanceHash":"EC3C406847C802AD50E180AD1AA1B0574FDC1CDE"},{"PrincipalSID":"AD2008.LAN-S-1-5-32-544","PrincipalType":"Group","RightName":"WriteDacl","IsInherited":true,"InheritanceHash":"62C26D4FB3FF64505B03CDD35D648DFBC6C157CC"},{"PrincipalSID":"AD2008.LAN-S-1-5-32-544","PrincipalType":"Group","RightName":"WriteOwner","IsInherited":true,"InheritanceHash":"62C26D4FB3FF64505B03CDD35D648DFBC6C157CC"},{"PrincipalSID":"AD2008.LAN-S-1-5-32-544","PrincipalType":"Group","RightName":"GenericWrite","IsInherited":true,"InheritanceHash":"62C26D4FB3FF64505B03CDD35D648DFBC6C157CC"}],"ObjectIdentifier":"AD2008.LAN-S-1-5-32-573","IsDeleted":false,"IsACLProtected":false,"ContainedBy":{"ObjectIdentifier":"S-1-5-21-1780537355-228050535-1657073545","ObjectType":"Domain"}},{"Properties":{"domain":"AD2008.LAN","name":"CERTIFICATE SERVICE DCOM ACCESS@AD2008.LAN","distinguishedname":"CN=CERTIFICATE SERVICE DCOM ACCESS,CN=BUILTIN,DC=AD2008,DC=LAN","domainsid":"S-1-5-21-1780537355-228050535-1657073545","samaccountname":"Certificate Service DCOM Access","doesanyacegrantownerrights":false,"doesanyinheritedacegrantownerrights":false,"isaclprotected":false,"description":"Members of this group are allowed to connect to Certification Authorities in the enterprise","whencreated":1692569754,"admincount":false},"Members":[],"Aces":[{"PrincipalSID":"AD2008.LAN-S-1-5-32-544","PrincipalType":"Group","RightName":"Owns","IsInherited":false,"InheritanceHash":""},{"PrincipalSID":"AD2008.LAN-S-1-5-32-548","PrincipalType":"Group","RightName":"GenericAll","IsInherited":false,"InheritanceHash":""},{"PrincipalSID":"S-1-5-21-1780537355-228050535-1657073545-512","PrincipalType":"Group","RightName":"GenericAll","IsInherited":false,"InheritanceHash":""},{"PrincipalSID":"S-1-5-21-1780537355-228050535-1657073545-519","PrincipalType":"Group","RightName":"GenericAll","IsInherited":true,"InheritanceHash":"EC3C406847C802AD50E180AD1AA1B0574FDC1CDE"},{"PrincipalSID":"AD2008.LAN-S-1-5-32-544","PrincipalType":"Group","RightName":"WriteDacl","IsInherited":true,"InheritanceHash":"62C26D4FB3FF64505B03CDD35D648DFBC6C157CC"},{"PrincipalSID":"AD2008.LAN-S-1-5-32-544","PrincipalType":"Group","RightName":"WriteOwner","IsInherited":true,"InheritanceHash":"62C26D4FB3FF64505B03CDD35D648DFBC6C157CC"},{"PrincipalSID":"AD2008.LAN-S-1-5-32-544","PrincipalType":"Group","RightName":"GenericWrite","IsInherited":true,"InheritanceHash":"62C26D4FB3FF64505B03CDD35D648DFBC6C157CC"}],"ObjectIdentifier":"AD2008.LAN-S-1-5-32-574","IsDeleted":false,"IsACLProtected":false,"ContainedBy":{"ObjectIdentifier":"S-1-5-21-1780537355-228050535-1657073545","ObjectType":"Domain"}},{"Properties":{"domain":"AD2008.LAN","name":"CERT PUBLISHERS@AD2008.LAN","distinguishedname":"CN=CERT PUBLISHERS,CN=USERS,DC=AD2008,DC=LAN","domainsid":"S-1-5-21-1780537355-228050535-1657073545","samaccountname":"Cert Publishers","doesanyacegrantownerrights":false,"doesanyinheritedacegrantownerrights":false,"isaclprotected":false,"description":"Members of this group are permitted to publish certificates to the directory","whencreated":1692569775,"admincount":false},"Members":[],"Aces":[{"PrincipalSID":"S-1-5-21-1780537355-228050535-1657073545-512","PrincipalType":"Group","RightName":"Owns","IsInherited":false,"InheritanceHash":""},{"PrincipalSID":"AD2008.LAN-S-1-5-32-548","PrincipalType":"Group","RightName":"GenericAll","IsInherited":false,"InheritanceHash":""},{"PrincipalSID":"S-1-5-21-1780537355-228050535-1657073545-512","PrincipalType":"Group","RightName":"GenericAll","IsInherited":false,"InheritanceHash":""},{"PrincipalSID":"S-1-5-21-1780537355-228050535-1657073545-519","PrincipalType":"Group","RightName":"GenericAll","IsInherited":true,"InheritanceHash":"EC3C406847C802AD50E180AD1AA1B0574FDC1CDE"},{"PrincipalSID":"AD2008.LAN-S-1-5-32-544","PrincipalType":"Group","RightName":"WriteDacl","IsInherited":true,"InheritanceHash":"62C26D4FB3FF64505B03CDD35D648DFBC6C157CC"},{"PrincipalSID":"AD2008.LAN-S-1-5-32-544","PrincipalType":"Group","RightName":"WriteOwner","IsInherited":true,"InheritanceHash":"62C26D4FB3FF64505B03CDD35D648DFBC6C157CC"},{"PrincipalSID":"AD2008.LAN-S-1-5-32-544","PrincipalType":"Group","RightName":"GenericWrite","IsInherited":true,"InheritanceHash":"62C26D4FB3FF64505B03CDD35D648DFBC6C157CC"}],"ObjectIdentifier":"S-1-5-21-1780537355-228050535-1657073545-517","IsDeleted":false,"IsACLProtected":false,"ContainedBy":{"ObjectIdentifier":"226C8F59-EC04-4319-93DC-0B674E01DDCF","ObjectType":"Container"}},{"Properties":{"domain":"AD2008.LAN","name":"RAS AND IAS SERVERS@AD2008.LAN","distinguishedname":"CN=RAS AND IAS SERVERS,CN=USERS,DC=AD2008,DC=LAN","domainsid":"S-1-5-21-1780537355-228050535-1657073545","samaccountname":"RAS and IAS Servers","doesanyacegrantownerrights":false,"doesanyinheritedacegrantownerrights":false,"isaclprotected":false,"description":"Servers in this group can access remote access properties of users","whencreated":1692569775,"admincount":false},"Members":[],"Aces":[{"PrincipalSID":"S-1-5-21-1780537355-228050535-1657073545-512","PrincipalType":"Group","RightName":"Owns","IsInherited":false,"InheritanceHash":""},{"PrincipalSID":"AD2008.LAN-S-1-5-32-548","PrincipalType":"Group","RightName":"GenericAll","IsInherited":false,"InheritanceHash":""},{"PrincipalSID":"S-1-5-21-1780537355-228050535-1657073545-512","PrincipalType":"Group","RightName":"GenericAll","IsInherited":false,"InheritanceHash":""},{"PrincipalSID":"S-1-5-21-1780537355-228050535-1657073545-519","PrincipalType":"Group","RightName":"GenericAll","IsInherited":true,"InheritanceHash":"EC3C406847C802AD50E180AD1AA1B0574FDC1CDE"},{"PrincipalSID":"AD2008.LAN-S-1-5-32-544","PrincipalType":"Group","RightName":"WriteDacl","IsInherited":true,"InheritanceHash":"62C26D4FB3FF64505B03CDD35D648DFBC6C157CC"},{"PrincipalSID":"AD2008.LAN-S-1-5-32-544","PrincipalType":"Group","RightName":"WriteOwner","IsInherited":true,"InheritanceHash":"62C26D4FB3FF64505B03CDD35D648DFBC6C157CC"},{"PrincipalSID":"AD2008.LAN-S-1-5-32-544","PrincipalType":"Group","RightName":"GenericWrite","IsInherited":true,"InheritanceHash":"62C26D4FB3FF64505B03CDD35D648DFBC6C157CC"}],"ObjectIdentifier":"S-1-5-21-1780537355-228050535-1657073545-553","IsDeleted":false,"IsACLProtected":false,"ContainedBy":{"ObjectIdentifier":"226C8F59-EC04-4319-93DC-0B674E01DDCF","ObjectType":"Container"}},{"Properties":{"domain":"AD2008.LAN","name":"SERVER OPERATORS@AD2008.LAN","distinguishedname":"CN=SERVER OPERATORS,CN=BUILTIN,DC=AD2008,DC=LAN","domainsid":"S-1-5-21-1780537355-228050535-1657073545","samaccountname":"Server Operators","doesanyacegrantownerrights":false,"doesanyinheritedacegrantownerrights":false,"isaclprotected":true,"description":"Members can administer domain servers","whencreated":1692569775,"admincount":true},"Members":[],"Aces":[{"PrincipalSID":"S-1-5-21-1780537355-228050535-1657073545-512","PrincipalType":"Group","RightName":"Owns","IsInherited":false,"InheritanceHash":""},{"PrincipalSID":"AD2008.LAN-S-1-5-32-544","PrincipalType":"Group","RightName":"WriteDacl","IsInherited":false,"InheritanceHash":""},{"PrincipalSID":"AD2008.LAN-S-1-5-32-544","PrincipalType":"Group","RightName":"WriteOwner","IsInherited":false,"InheritanceHash":""},{"PrincipalSID":"AD2008.LAN-S-1-5-32-544","PrincipalType":"Group","RightName":"GenericWrite","IsInherited":false,"InheritanceHash":""},{"PrincipalSID":"S-1-5-21-1780537355-228050535-1657073545-512","PrincipalType":"Group","RightName":"WriteDacl","IsInherited":false,"InheritanceHash":""},{"PrincipalSID":"S-1-5-21-1780537355-228050535-1657073545-512","PrincipalType":"Group","RightName":"WriteOwner","IsInherited":false,"InheritanceHash":""},{"PrincipalSID":"S-1-5-21-1780537355-228050535-1657073545-512","PrincipalType":"Group","RightName":"GenericWrite","IsInherited":false,"InheritanceHash":""},{"PrincipalSID":"S-1-5-21-1780537355-228050535-1657073545-519","PrincipalType":"Group","RightName":"WriteDacl","IsInherited":false,"InheritanceHash":""},{"PrincipalSID":"S-1-5-21-1780537355-228050535-1657073545-519","PrincipalType":"Group","RightName":"WriteOwner","IsInherited":false,"InheritanceHash":""},{"PrincipalSID":"S-1-5-21-1780537355-228050535-1657073545-519","PrincipalType":"Group","RightName":"GenericWrite","IsInherited":false,"InheritanceHash":""}],"ObjectIdentifier":"AD2008.LAN-S-1-5-32-549","IsDeleted":false,"IsACLProtected":true,"ContainedBy":{"ObjectIdentifier":"S-1-5-21-1780537355-228050535-1657073545","ObjectType":"Domain"}},{"Properties":{"domain":"AD2008.LAN","name":"ACCOUNT OPERATORS@AD2008.LAN","distinguishedname":"CN=ACCOUNT OPERATORS,CN=BUILTIN,DC=AD2008,DC=LAN","domainsid":"S-1-5-21-1780537355-228050535-1657073545","samaccountname":"Account Operators","doesanyacegrantownerrights":false,"doesanyinheritedacegrantownerrights":false,"isaclprotected":true,"description":"Members can administer domain user and group accounts","whencreated":1692569775,"admincount":true},"Members":[],"Aces":[{"PrincipalSID":"S-1-5-21-1780537355-228050535-1657073545-512","PrincipalType":"Group","RightName":"Owns","IsInherited":false,"InheritanceHash":""},{"PrincipalSID":"AD2008.LAN-S-1-5-32-544","PrincipalType":"Group","RightName":"WriteDacl","IsInherited":false,"InheritanceHash":""},{"PrincipalSID":"AD2008.LAN-S-1-5-32-544","PrincipalType":"Group","RightName":"WriteOwner","IsInherited":false,"InheritanceHash":""},{"PrincipalSID":"AD2008.LAN-S-1-5-32-544","PrincipalType":"Group","RightName":"GenericWrite","IsInherited":false,"InheritanceHash":""},{"PrincipalSID":"S-1-5-21-1780537355-228050535-1657073545-512","PrincipalType":"Group","RightName":"WriteDacl","IsInherited":false,"InheritanceHash":""},{"PrincipalSID":"S-1-5-21-1780537355-228050535-1657073545-512","PrincipalType":"Group","RightName":"WriteOwner","IsInherited":false,"InheritanceHash":""},{"PrincipalSID":"S-1-5-21-1780537355-228050535-1657073545-512","PrincipalType":"Group","RightName":"GenericWrite","IsInherited":false,"InheritanceHash":""},{"PrincipalSID":"S-1-5-21-1780537355-228050535-1657073545-519","PrincipalType":"Group","RightName":"WriteDacl","IsInherited":false,"InheritanceHash":""},{"PrincipalSID":"S-1-5-21-1780537355-228050535-1657073545-519","PrincipalType":"Group","RightName":"WriteOwner","IsInherited":false,"InheritanceHash":""},{"PrincipalSID":"S-1-5-21-1780537355-228050535-1657073545-519","PrincipalType":"Group","RightName":"GenericWrite","IsInherited":false,"InheritanceHash":""}],"ObjectIdentifier":"AD2008.LAN-S-1-5-32-548","IsDeleted":false,"IsACLProtected":true,"ContainedBy":{"ObjectIdentifier":"S-1-5-21-1780537355-228050535-1657073545","ObjectType":"Domain"}},{"Properties":{"domain":"AD2008.LAN","name":"PRE-WINDOWS 2000 COMPATIBLE ACCESS@AD2008.LAN","distinguishedname":"CN=PRE-WINDOWS 2000 COMPATIBLE ACCESS,CN=BUILTIN,DC=AD2008,DC=LAN","domainsid":"S-1-5-21-1780537355-228050535-1657073545","samaccountname":"Pre-Windows 2000 Compatible Access","doesanyacegrantownerrights":false,"doesanyinheritedacegrantownerrights":false,"isaclprotected":false,"description":"A backward compatibility group which allows read access on all users and groups in the domain","whencreated":1692569775,"admincount":false},"Members":[{"ObjectIdentifier":"AD2008.LAN-S-1-5-11","ObjectType":"Group"}],"Aces":[{"PrincipalSID":"S-1-5-21-1780537355-228050535-1657073545-512","PrincipalType":"Group","RightName":"Owns","IsInherited":false,"InheritanceHash":""},{"PrincipalSID":"AD2008.LAN-S-1-5-32-548","PrincipalType":"Group","RightName":"GenericAll","IsInherited":false,"InheritanceHash":""},{"PrincipalSID":"S-1-5-21-1780537355-228050535-1657073545-512","PrincipalType":"Group","RightName":"GenericAll","IsInherited":false,"InheritanceHash":""},{"PrincipalSID":"S-1-5-21-1780537355-228050535-1657073545-519","PrincipalType":"Group","RightName":"GenericAll","IsInherited":true,"InheritanceHash":"EC3C406847C802AD50E180AD1AA1B0574FDC1CDE"},{"PrincipalSID":"AD2008.LAN-S-1-5-32-544","PrincipalType":"Group","RightName":"WriteDacl","IsInherited":true,"InheritanceHash":"62C26D4FB3FF64505B03CDD35D648DFBC6C157CC"},{"PrincipalSID":"AD2008.LAN-S-1-5-32-544","PrincipalType":"Group","RightName":"WriteOwner","IsInherited":true,"InheritanceHash":"62C26D4FB3FF64505B03CDD35D648DFBC6C157CC"},{"PrincipalSID":"AD2008.LAN-S-1-5-32-544","PrincipalType":"Group","RightName":"GenericWrite","IsInherited":true,"InheritanceHash":"62C26D4FB3FF64505B03CDD35D648DFBC6C157CC"}],"ObjectIdentifier":"AD2008.LAN-S-1-5-32-554","IsDeleted":false,"IsACLProtected":false,"ContainedBy":{"ObjectIdentifier":"S-1-5-21-1780537355-228050535-1657073545","ObjectType":"Domain"}},{"Properties":{"domain":"AD2008.LAN","name":"INCOMING FOREST TRUST BUILDERS@AD2008.LAN","distinguishedname":"CN=INCOMING FOREST TRUST BUILDERS,CN=BUILTIN,DC=AD2008,DC=LAN","domainsid":"S-1-5-21-1780537355-228050535-1657073545","samaccountname":"Incoming Forest Trust Builders","doesanyacegrantownerrights":false,"doesanyinheritedacegrantownerrights":false,"isaclprotected":false,"description":"Members of this group can create incoming, one-way trusts to this forest","whencreated":1692569775,"admincount":false},"Members":[],"Aces":[{"PrincipalSID":"S-1-5-21-1780537355-228050535-1657073545-512","PrincipalType":"Group","RightName":"Owns","IsInherited":false,"InheritanceHash":""},{"PrincipalSID":"AD2008.LAN-S-1-5-32-548","PrincipalType":"Group","RightName":"GenericAll","IsInherited":false,"InheritanceHash":""},{"PrincipalSID":"S-1-5-21-1780537355-228050535-1657073545-512","PrincipalType":"Group","RightName":"GenericAll","IsInherited":false,"InheritanceHash":""},{"PrincipalSID":"S-1-5-21-1780537355-228050535-1657073545-519","PrincipalType":"Group","RightName":"GenericAll","IsInherited":true,"InheritanceHash":"EC3C406847C802AD50E180AD1AA1B0574FDC1CDE"},{"PrincipalSID":"AD2008.LAN-S-1-5-32-544","PrincipalType":"Group","RightName":"WriteDacl","IsInherited":true,"InheritanceHash":"62C26D4FB3FF64505B03CDD35D648DFBC6C157CC"},{"PrincipalSID":"AD2008.LAN-S-1-5-32-544","PrincipalType":"Group","RightName":"WriteOwner","IsInherited":true,"InheritanceHash":"62C26D4FB3FF64505B03CDD35D648DFBC6C157CC"},{"PrincipalSID":"AD2008.LAN-S-1-5-32-544","PrincipalType":"Group","RightName":"GenericWrite","IsInherited":true,"InheritanceHash":"62C26D4FB3FF64505B03CDD35D648DFBC6C157CC"}],"ObjectIdentifier":"AD2008.LAN-S-1-5-32-557","IsDeleted":false,"IsACLProtected":false,"ContainedBy":{"ObjectIdentifier":"S-1-5-21-1780537355-228050535-1657073545","ObjectType":"Domain"}},{"Properties":{"domain":"AD2008.LAN","name":"TERMINAL SERVER LICENSE SERVERS@AD2008.LAN","distinguishedname":"CN=TERMINAL SERVER LICENSE SERVERS,CN=BUILTIN,DC=AD2008,DC=LAN","domainsid":"S-1-5-21-1780537355-228050535-1657073545","samaccountname":"Terminal Server License Servers","doesanyacegrantownerrights":false,"doesanyinheritedacegrantownerrights":false,"isaclprotected":false,"description":"Members of this group can update user accounts in Active Directory with information about license issuance, for the purpose of tracking and reporting TS Per User CAL usage","whencreated":1692569775,"admincount":false},"Members":[],"Aces":[{"PrincipalSID":"S-1-5-21-1780537355-228050535-1657073545-512","PrincipalType":"Group","RightName":"Owns","IsInherited":false,"InheritanceHash":""},{"PrincipalSID":"AD2008.LAN-S-1-5-32-548","PrincipalType":"Group","RightName":"GenericAll","IsInherited":false,"InheritanceHash":""},{"PrincipalSID":"S-1-5-21-1780537355-228050535-1657073545-512","PrincipalType":"Group","RightName":"GenericAll","IsInherited":false,"InheritanceHash":""},{"PrincipalSID":"S-1-5-21-1780537355-228050535-1657073545-519","PrincipalType":"Group","RightName":"GenericAll","IsInherited":true,"InheritanceHash":"EC3C406847C802AD50E180AD1AA1B0574FDC1CDE"},{"PrincipalSID":"AD2008.LAN-S-1-5-32-544","PrincipalType":"Group","RightName":"WriteDacl","IsInherited":true,"InheritanceHash":"62C26D4FB3FF64505B03CDD35D648DFBC6C157CC"},{"PrincipalSID":"AD2008.LAN-S-1-5-32-544","PrincipalType":"Group","RightName":"WriteOwner","IsInherited":true,"InheritanceHash":"62C26D4FB3FF64505B03CDD35D648DFBC6C157CC"},{"PrincipalSID":"AD2008.LAN-S-1-5-32-544","PrincipalType":"Group","RightName":"GenericWrite","IsInherited":true,"InheritanceHash":"62C26D4FB3FF64505B03CDD35D648DFBC6C157CC"}],"ObjectIdentifier":"AD2008.LAN-S-1-5-32-561","IsDeleted":false,"IsACLProtected":false,"ContainedBy":{"ObjectIdentifier":"S-1-5-21-1780537355-228050535-1657073545","ObjectType":"Domain"}},{"Properties":{"domain":"AD2008.LAN","name":"ALLOWED RODC PASSWORD REPLICATION GROUP@AD2008.LAN","distinguishedname":"CN=ALLOWED RODC PASSWORD REPLICATION GROUP,CN=USERS,DC=AD2008,DC=LAN","domainsid":"S-1-5-21-1780537355-228050535-1657073545","samaccountname":"Allowed RODC Password Replication Group","doesanyacegrantownerrights":false,"doesanyinheritedacegrantownerrights":false,"isaclprotected":false,"description":"Members in this group can have their passwords replicated to all read-only domain controllers in the domain","whencreated":1692569775,"admincount":false},"Members":[],"Aces":[{"PrincipalSID":"S-1-5-21-1780537355-228050535-1657073545-512","PrincipalType":"Group","RightName":"Owns","IsInherited":false,"InheritanceHash":""},{"PrincipalSID":"AD2008.LAN-S-1-5-32-548","PrincipalType":"Group","RightName":"GenericAll","IsInherited":false,"InheritanceHash":""},{"PrincipalSID":"S-1-5-21-1780537355-228050535-1657073545-512","PrincipalType":"Group","RightName":"GenericAll","IsInherited":false,"InheritanceHash":""},{"PrincipalSID":"S-1-5-21-1780537355-228050535-1657073545-519","PrincipalType":"Group","RightName":"GenericAll","IsInherited":true,"InheritanceHash":"EC3C406847C802AD50E180AD1AA1B0574FDC1CDE"},{"PrincipalSID":"AD2008.LAN-S-1-5-32-544","PrincipalType":"Group","RightName":"WriteDacl","IsInherited":true,"InheritanceHash":"62C26D4FB3FF64505B03CDD35D648DFBC6C157CC"},{"PrincipalSID":"AD2008.LAN-S-1-5-32-544","PrincipalType":"Group","RightName":"WriteOwner","IsInherited":true,"InheritanceHash":"62C26D4FB3FF64505B03CDD35D648DFBC6C157CC"},{"PrincipalSID":"AD2008.LAN-S-1-5-32-544","PrincipalType":"Group","RightName":"GenericWrite","IsInherited":true,"InheritanceHash":"62C26D4FB3FF64505B03CDD35D648DFBC6C157CC"}],"ObjectIdentifier":"S-1-5-21-1780537355-228050535-1657073545-571","IsDeleted":false,"IsACLProtected":false,"ContainedBy":{"ObjectIdentifier":"226C8F59-EC04-4319-93DC-0B674E01DDCF","ObjectType":"Container"}},{"Properties":{"domain":"AD2008.LAN","name":"WINDOWS AUTHORIZATION ACCESS GROUP@AD2008.LAN","distinguishedname":"CN=WINDOWS AUTHORIZATION ACCESS GROUP,CN=BUILTIN,DC=AD2008,DC=LAN","domainsid":"S-1-5-21-1780537355-228050535-1657073545","samaccountname":"Windows Authorization Access Group","doesanyacegrantownerrights":false,"doesanyinheritedacegrantownerrights":false,"isaclprotected":false,"description":"Members of this group have access to the computed tokenGroupsGlobalAndUniversal attribute on User objects","whencreated":1692569775,"admincount":false},"Members":[{"ObjectIdentifier":"AD2008.LAN-S-1-5-9","ObjectType":"Group"}],"Aces":[{"PrincipalSID":"S-1-5-21-1780537355-228050535-1657073545-512","PrincipalType":"Group","RightName":"Owns","IsInherited":false,"InheritanceHash":""},{"PrincipalSID":"AD2008.LAN-S-1-5-32-548","PrincipalType":"Group","RightName":"GenericAll","IsInherited":false,"InheritanceHash":""},{"PrincipalSID":"S-1-5-21-1780537355-228050535-1657073545-512","PrincipalType":"Group","RightName":"GenericAll","IsInherited":false,"InheritanceHash":""},{"PrincipalSID":"S-1-5-21-1780537355-228050535-1657073545-519","PrincipalType":"Group","RightName":"GenericAll","IsInherited":true,"InheritanceHash":"EC3C406847C802AD50E180AD1AA1B0574FDC1CDE"},{"PrincipalSID":"AD2008.LAN-S-1-5-32-544","PrincipalType":"Group","RightName":"WriteDacl","IsInherited":true,"InheritanceHash":"62C26D4FB3FF64505B03CDD35D648DFBC6C157CC"},{"PrincipalSID":"AD2008.LAN-S-1-5-32-544","PrincipalType":"Group","RightName":"WriteOwner","IsInherited":true,"InheritanceHash":"62C26D4FB3FF64505B03CDD35D648DFBC6C157CC"},{"PrincipalSID":"AD2008.LAN-S-1-5-32-544","PrincipalType":"Group","RightName":"GenericWrite","IsInherited":true,"InheritanceHash":"62C26D4FB3FF64505B03CDD35D648DFBC6C157CC"}],"ObjectIdentifier":"AD2008.LAN-S-1-5-32-560","IsDeleted":false,"IsACLProtected":false,"ContainedBy":{"ObjectIdentifier":"S-1-5-21-1780537355-228050535-1657073545","ObjectType":"Domain"}},{"Properties":{"domain":"AD2008.LAN","name":"DNSADMINS@AD2008.LAN","distinguishedname":"CN=DNSADMINS,CN=USERS,DC=AD2008,DC=LAN","domainsid":"S-1-5-21-1780537355-228050535-1657073545","samaccountname":"DnsAdmins","doesanyacegrantownerrights":false,"doesanyinheritedacegrantownerrights":false,"isaclprotected":false,"description":"DNS Administrators Group","whencreated":1692569814,"admincount":false},"Members":[],"Aces":[{"PrincipalSID":"AD2008.LAN-S-1-5-32-548","PrincipalType":"Group","RightName":"GenericAll","IsInherited":false,"InheritanceHash":""},{"PrincipalSID":"S-1-5-21-1780537355-228050535-1657073545-512","PrincipalType":"Group","RightName":"GenericAll","IsInherited":false,"InheritanceHash":""},{"PrincipalSID":"S-1-5-21-1780537355-228050535-1657073545-519","PrincipalType":"Group","RightName":"GenericAll","IsInherited":true,"InheritanceHash":"EC3C406847C802AD50E180AD1AA1B0574FDC1CDE"},{"PrincipalSID":"AD2008.LAN-S-1-5-32-544","PrincipalType":"Group","RightName":"WriteDacl","IsInherited":true,"InheritanceHash":"62C26D4FB3FF64505B03CDD35D648DFBC6C157CC"},{"PrincipalSID":"AD2008.LAN-S-1-5-32-544","PrincipalType":"Group","RightName":"WriteOwner","IsInherited":true,"InheritanceHash":"62C26D4FB3FF64505B03CDD35D648DFBC6C157CC"},{"PrincipalSID":"AD2008.LAN-S-1-5-32-544","PrincipalType":"Group","RightName":"GenericWrite","IsInherited":true,"InheritanceHash":"62C26D4FB3FF64505B03CDD35D648DFBC6C157CC"}],"ObjectIdentifier":"S-1-5-21-1780537355-228050535-1657073545-1101","IsDeleted":false,"IsACLProtected":false,"ContainedBy":{"ObjectIdentifier":"226C8F59-EC04-4319-93DC-0B674E01DDCF","ObjectType":"Container"}},{"Properties":{"domain":"AD2008.LAN","name":"DOMAIN COMPUTERS@AD2008.LAN","distinguishedname":"CN=DOMAIN COMPUTERS,CN=USERS,DC=AD2008,DC=LAN","domainsid":"S-1-5-21-1780537355-228050535-1657073545","samaccountname":"Domain Computers","doesanyacegrantownerrights":false,"doesanyinheritedacegrantownerrights":false,"isaclprotected":false,"description":"All workstations and servers joined to the domain","whencreated":1692569775,"admincount":false},"Members":[],"Aces":[{"PrincipalSID":"S-1-5-21-1780537355-228050535-1657073545-512","PrincipalType":"Group","RightName":"Owns","IsInherited":false,"InheritanceHash":""},{"PrincipalSID":"AD2008.LAN-S-1-5-32-548","PrincipalType":"Group","RightName":"GenericAll","IsInherited":false,"InheritanceHash":""},{"PrincipalSID":"S-1-5-21-1780537355-228050535-1657073545-512","PrincipalType":"Group","RightName":"GenericAll","IsInherited":false,"InheritanceHash":""},{"PrincipalSID":"S-1-5-21-1780537355-228050535-1657073545-519","PrincipalType":"Group","RightName":"GenericAll","IsInherited":true,"InheritanceHash":"EC3C406847C802AD50E180AD1AA1B0574FDC1CDE"},{"PrincipalSID":"AD2008.LAN-S-1-5-32-544","PrincipalType":"Group","RightName":"WriteDacl","IsInherited":true,"InheritanceHash":"62C26D4FB3FF64505B03CDD35D648DFBC6C157CC"},{"PrincipalSID":"AD2008.LAN-S-1-5-32-544","PrincipalType":"Group","RightName":"WriteOwner","IsInherited":true,"InheritanceHash":"62C26D4FB3FF64505B03CDD35D648DFBC6C157CC"},{"PrincipalSID":"AD2008.LAN-S-1-5-32-544","PrincipalType":"Group","RightName":"GenericWrite","IsInherited":true,"InheritanceHash":"62C26D4FB3FF64505B03CDD35D648DFBC6C157CC"}],"ObjectIdentifier":"S-1-5-21-1780537355-228050535-1657073545-515","IsDeleted":false,"IsACLProtected":false,"ContainedBy":{"ObjectIdentifier":"226C8F59-EC04-4319-93DC-0B674E01DDCF","ObjectType":"Container"}},{"Properties":{"domain":"AD2008.LAN","name":"DOMAIN CONTROLLERS@AD2008.LAN","distinguishedname":"CN=DOMAIN CONTROLLERS,CN=USERS,DC=AD2008,DC=LAN","domainsid":"S-1-5-21-1780537355-228050535-1657073545","samaccountname":"Domain Controllers","doesanyacegrantownerrights":false,"doesanyinheritedacegrantownerrights":false,"isaclprotected":true,"description":"All domain controllers in the domain","whencreated":1692569775,"admincount":true},"Members":[],"Aces":[{"PrincipalSID":"S-1-5-21-1780537355-228050535-1657073545-512","PrincipalType":"Group","RightName":"Owns","IsInherited":false,"InheritanceHash":""},{"PrincipalSID":"AD2008.LAN-S-1-5-32-544","PrincipalType":"Group","RightName":"WriteDacl","IsInherited":false,"InheritanceHash":""},{"PrincipalSID":"AD2008.LAN-S-1-5-32-544","PrincipalType":"Group","RightName":"WriteOwner","IsInherited":false,"InheritanceHash":""},{"PrincipalSID":"AD2008.LAN-S-1-5-32-544","PrincipalType":"Group","RightName":"GenericWrite","IsInherited":false,"InheritanceHash":""},{"PrincipalSID":"S-1-5-21-1780537355-228050535-1657073545-512","PrincipalType":"Group","RightName":"WriteDacl","IsInherited":false,"InheritanceHash":""},{"PrincipalSID":"S-1-5-21-1780537355-228050535-1657073545-512","PrincipalType":"Group","RightName":"WriteOwner","IsInherited":false,"InheritanceHash":""},{"PrincipalSID":"S-1-5-21-1780537355-228050535-1657073545-512","PrincipalType":"Group","RightName":"GenericWrite","IsInherited":false,"InheritanceHash":""},{"PrincipalSID":"S-1-5-21-1780537355-228050535-1657073545-519","PrincipalType":"Group","RightName":"WriteDacl","IsInherited":false,"InheritanceHash":""},{"PrincipalSID":"S-1-5-21-1780537355-228050535-1657073545-519","PrincipalType":"Group","RightName":"WriteOwner","IsInherited":false,"InheritanceHash":""},{"PrincipalSID":"S-1-5-21-1780537355-228050535-1657073545-519","PrincipalType":"Group","RightName":"GenericWrite","IsInherited":false,"InheritanceHash":""}],"ObjectIdentifier":"S-1-5-21-1780537355-228050535-1657073545-516","IsDeleted":false,"IsACLProtected":true,"ContainedBy":{"ObjectIdentifier":"226C8F59-EC04-4319-93DC-0B674E01DDCF","ObjectType":"Container"}},{"Properties":{"domain":"AD2008.LAN","name":"SCHEMA ADMINS@AD2008.LAN","distinguishedname":"CN=SCHEMA ADMINS,CN=USERS,DC=AD2008,DC=LAN","domainsid":"S-1-5-21-1780537355-228050535-1657073545","samaccountname":"Schema Admins","doesanyacegrantownerrights":false,"doesanyinheritedacegrantownerrights":false,"isaclprotected":true,"description":"Designated administrators of the schema","whencreated":1692569775,"admincount":true},"Members":[{"ObjectIdentifier":"S-1-5-21-1780537355-228050535-1657073545-500","ObjectType":"User"}],"Aces":[{"PrincipalSID":"S-1-5-21-1780537355-228050535-1657073545-512","PrincipalType":"Group","RightName":"Owns","IsInherited":false,"InheritanceHash":""},{"PrincipalSID":"AD2008.LAN-S-1-5-32-544","PrincipalType":"Group","RightName":"WriteDacl","IsInherited":false,"InheritanceHash":""},{"PrincipalSID":"AD2008.LAN-S-1-5-32-544","PrincipalType":"Group","RightName":"WriteOwner","IsInherited":false,"InheritanceHash":""},{"PrincipalSID":"AD2008.LAN-S-1-5-32-544","PrincipalType":"Group","RightName":"GenericWrite","IsInherited":false,"InheritanceHash":""},{"PrincipalSID":"S-1-5-21-1780537355-228050535-1657073545-512","PrincipalType":"Group","RightName":"WriteDacl","IsInherited":false,"InheritanceHash":""},{"PrincipalSID":"S-1-5-21-1780537355-228050535-1657073545-512","PrincipalType":"Group","RightName":"WriteOwner","IsInherited":false,"InheritanceHash":""},{"PrincipalSID":"S-1-5-21-1780537355-228050535-1657073545-512","PrincipalType":"Group","RightName":"GenericWrite","IsInherited":false,"InheritanceHash":""},{"PrincipalSID":"S-1-5-21-1780537355-228050535-1657073545-519","PrincipalType":"Group","RightName":"WriteDacl","IsInherited":false,"InheritanceHash":""},{"PrincipalSID":"S-1-5-21-1780537355-228050535-1657073545-519","PrincipalType":"Group","RightName":"WriteOwner","IsInherited":false,"InheritanceHash":""},{"PrincipalSID":"S-1-5-21-1780537355-228050535-1657073545-519","PrincipalType":"Group","RightName":"GenericWrite","IsInherited":false,"InheritanceHash":""}],"ObjectIdentifier":"S-1-5-21-1780537355-228050535-1657073545-518","IsDeleted":false,"IsACLProtected":true,"ContainedBy":{"ObjectIdentifier":"226C8F59-EC04-4319-93DC-0B674E01DDCF","ObjectType":"Container"}},{"Properties":{"domain":"AD2008.LAN","name":"ENTERPRISE ADMINS@AD2008.LAN","distinguishedname":"CN=ENTERPRISE ADMINS,CN=USERS,DC=AD2008,DC=LAN","domainsid":"S-1-5-21-1780537355-228050535-1657073545","samaccountname":"Enterprise Admins","doesanyacegrantownerrights":false,"doesanyinheritedacegrantownerrights":false,"isaclprotected":true,"description":"Designated administrators of the enterprise","whencreated":1692569775,"admincount":true},"Members":[{"ObjectIdentifier":"S-1-5-21-1780537355-228050535-1657073545-500","ObjectType":"User"}],"Aces":[{"PrincipalSID":"S-1-5-21-1780537355-228050535-1657073545-512","PrincipalType":"Group","RightName":"Owns","IsInherited":false,"InheritanceHash":""},{"PrincipalSID":"AD2008.LAN-S-1-5-32-544","PrincipalType":"Group","RightName":"WriteDacl","IsInherited":false,"InheritanceHash":""},{"PrincipalSID":"AD2008.LAN-S-1-5-32-544","PrincipalType":"Group","RightName":"WriteOwner","IsInherited":false,"InheritanceHash":""},{"PrincipalSID":"AD2008.LAN-S-1-5-32-544","PrincipalType":"Group","RightName":"GenericWrite","IsInherited":false,"InheritanceHash":""},{"PrincipalSID":"S-1-5-21-1780537355-228050535-1657073545-512","PrincipalType":"Group","RightName":"WriteDacl","IsInherited":false,"InheritanceHash":""},{"PrincipalSID":"S-1-5-21-1780537355-228050535-1657073545-512","PrincipalType":"Group","RightName":"WriteOwner","IsInherited":false,"InheritanceHash":""},{"PrincipalSID":"S-1-5-21-1780537355-228050535-1657073545-512","PrincipalType":"Group","RightName":"GenericWrite","IsInherited":false,"InheritanceHash":""},{"PrincipalSID":"S-1-5-21-1780537355-228050535-1657073545-519","PrincipalType":"Group","RightName":"WriteDacl","IsInherited":false,"InheritanceHash":""},{"PrincipalSID":"S-1-5-21-1780537355-228050535-1657073545-519","PrincipalType":"Group","RightName":"WriteOwner","IsInherited":false,"InheritanceHash":""},{"PrincipalSID":"S-1-5-21-1780537355-228050535-1657073545-519","PrincipalType":"Group","RightName":"GenericWrite","IsInherited":false,"InheritanceHash":""}],"ObjectIdentifier":"S-1-5-21-1780537355-228050535-1657073545-519","IsDeleted":false,"IsACLProtected":true,"ContainedBy":{"ObjectIdentifier":"226C8F59-EC04-4319-93DC-0B674E01DDCF","ObjectType":"Container"}},{"Properties":{"domain":"AD2008.LAN","name":"DOMAIN ADMINS@AD2008.LAN","distinguishedname":"CN=DOMAIN ADMINS,CN=USERS,DC=AD2008,DC=LAN","domainsid":"S-1-5-21-1780537355-228050535-1657073545","samaccountname":"Domain Admins","doesanyacegrantownerrights":false,"doesanyinheritedacegrantownerrights":false,"isaclprotected":true,"description":"Designated administrators of the domain","whencreated":1692569775,"admincount":true},"Members":[{"ObjectIdentifier":"S-1-5-21-1780537355-228050535-1657073545-500","ObjectType":"User"}],"Aces":[{"PrincipalSID":"S-1-5-21-1780537355-228050535-1657073545-512","PrincipalType":"Group","RightName":"Owns","IsInherited":false,"InheritanceHash":""},{"PrincipalSID":"AD2008.LAN-S-1-5-32-544","PrincipalType":"Group","RightName":"WriteDacl","IsInherited":false,"InheritanceHash":""},{"PrincipalSID":"AD2008.LAN-S-1-5-32-544","PrincipalType":"Group","RightName":"WriteOwner","IsInherited":false,"InheritanceHash":""},{"PrincipalSID":"AD2008.LAN-S-1-5-32-544","PrincipalType":"Group","RightName":"GenericWrite","IsInherited":false,"InheritanceHash":""},{"PrincipalSID":"S-1-5-21-1780537355-228050535-1657073545-512","PrincipalType":"Group","RightName":"WriteDacl","IsInherited":false,"InheritanceHash":""},{"PrincipalSID":"S-1-5-21-1780537355-228050535-1657073545-512","PrincipalType":"Group","RightName":"WriteOwner","IsInherited":false,"InheritanceHash":""},{"PrincipalSID":"S-1-5-21-1780537355-228050535-1657073545-512","PrincipalType":"Group","RightName":"GenericWrite","IsInherited":false,"InheritanceHash":""},{"PrincipalSID":"S-1-5-21-1780537355-228050535-1657073545-519","PrincipalType":"Group","RightName":"WriteDacl","IsInherited":false,"InheritanceHash":""},{"PrincipalSID":"S-1-5-21-1780537355-228050535-1657073545-519","PrincipalType":"Group","RightName":"WriteOwner","IsInherited":false,"InheritanceHash":""},{"PrincipalSID":"S-1-5-21-1780537355-228050535-1657073545-519","PrincipalType":"Group","RightName":"GenericWrite","IsInherited":false,"InheritanceHash":""}],"ObjectIdentifier":"S-1-5-21-1780537355-228050535-1657073545-512","IsDeleted":false,"IsACLProtected":true,"ContainedBy":{"ObjectIdentifier":"226C8F59-EC04-4319-93DC-0B674E01DDCF","ObjectType":"Container"}},{"Properties":{"domain":"AD2008.LAN","name":"DOMAIN USERS@AD2008.LAN","distinguishedname":"CN=DOMAIN USERS,CN=USERS,DC=AD2008,DC=LAN","domainsid":"S-1-5-21-1780537355-228050535-1657073545","samaccountname":"Domain Users","doesanyacegrantownerrights":false,"doesanyinheritedacegrantownerrights":false,"isaclprotected":false,"description":"All domain users","whencreated":1692569775,"admincount":false},"Members":[],"Aces":[{"PrincipalSID":"S-1-5-21-1780537355-228050535-1657073545-512","PrincipalType":"Group","RightName":"Owns","IsInherited":false,"InheritanceHash":""},{"PrincipalSID":"AD2008.LAN-S-1-5-32-548","PrincipalType":"Group","RightName":"GenericAll","IsInherited":false,"InheritanceHash":""},{"PrincipalSID":"S-1-5-21-1780537355-228050535-1657073545-512","PrincipalType":"Group","RightName":"GenericAll","IsInherited":false,"InheritanceHash":""},{"PrincipalSID":"S-1-5-21-1780537355-228050535-1657073545-519","PrincipalType":"Group","RightName":"GenericAll","IsInherited":true,"InheritanceHash":"EC3C406847C802AD50E180AD1AA1B0574FDC1CDE"},{"PrincipalSID":"AD2008.LAN-S-1-5-32-544","PrincipalType":"Group","RightName":"WriteDacl","IsInherited":true,"InheritanceHash":"62C26D4FB3FF64505B03CDD35D648DFBC6C157CC"},{"PrincipalSID":"AD2008.LAN-S-1-5-32-544","PrincipalType":"Group","RightName":"WriteOwner","IsInherited":true,"InheritanceHash":"62C26D4FB3FF64505B03CDD35D648DFBC6C157CC"},{"PrincipalSID":"AD2008.LAN-S-1-5-32-544","PrincipalType":"Group","RightName":"GenericWrite","IsInherited":true,"InheritanceHash":"62C26D4FB3FF64505B03CDD35D648DFBC6C157CC"}],"ObjectIdentifier":"S-1-5-21-1780537355-228050535-1657073545-513","IsDeleted":false,"IsACLProtected":false,"ContainedBy":{"ObjectIdentifier":"226C8F59-EC04-4319-93DC-0B674E01DDCF","ObjectType":"Container"}},{"Properties":{"domain":"AD2008.LAN","name":"DOMAIN GUESTS@AD2008.LAN","distinguishedname":"CN=DOMAIN GUESTS,CN=USERS,DC=AD2008,DC=LAN","domainsid":"S-1-5-21-1780537355-228050535-1657073545","samaccountname":"Domain Guests","doesanyacegrantownerrights":false,"doesanyinheritedacegrantownerrights":false,"isaclprotected":false,"description":"All domain guests","whencreated":1692569775,"admincount":false},"Members":[],"Aces":[{"PrincipalSID":"S-1-5-21-1780537355-228050535-1657073545-512","PrincipalType":"Group","RightName":"Owns","IsInherited":false,"InheritanceHash":""},{"PrincipalSID":"AD2008.LAN-S-1-5-32-548","PrincipalType":"Group","RightName":"GenericAll","IsInherited":false,"InheritanceHash":""},{"PrincipalSID":"S-1-5-21-1780537355-228050535-1657073545-512","PrincipalType":"Group","RightName":"GenericAll","IsInherited":false,"InheritanceHash":""},{"PrincipalSID":"S-1-5-21-1780537355-228050535-1657073545-519","PrincipalType":"Group","RightName":"GenericAll","IsInherited":true,"InheritanceHash":"EC3C406847C802AD50E180AD1AA1B0574FDC1CDE"},{"PrincipalSID":"AD2008.LAN-S-1-5-32-544","PrincipalType":"Group","RightName":"WriteDacl","IsInherited":true,"InheritanceHash":"62C26D4FB3FF64505B03CDD35D648DFBC6C157CC"},{"PrincipalSID":"AD2008.LAN-S-1-5-32-544","PrincipalType":"Group","RightName":"WriteOwner","IsInherited":true,"InheritanceHash":"62C26D4FB3FF64505B03CDD35D648DFBC6C157CC"},{"PrincipalSID":"AD2008.LAN-S-1-5-32-544","PrincipalType":"Group","RightName":"GenericWrite","IsInherited":true,"InheritanceHash":"62C26D4FB3FF64505B03CDD35D648DFBC6C157CC"}],"ObjectIdentifier":"S-1-5-21-1780537355-228050535-1657073545-514","IsDeleted":false,"IsACLProtected":false,"ContainedBy":{"ObjectIdentifier":"226C8F59-EC04-4319-93DC-0B674E01DDCF","ObjectType":"Container"}},{"Properties":{"domain":"AD2008.LAN","name":"GROUP POLICY CREATOR OWNERS@AD2008.LAN","distinguishedname":"CN=GROUP POLICY CREATOR OWNERS,CN=USERS,DC=AD2008,DC=LAN","domainsid":"S-1-5-21-1780537355-228050535-1657073545","samaccountname":"Group Policy Creator Owners","doesanyacegrantownerrights":false,"doesanyinheritedacegrantownerrights":false,"isaclprotected":false,"description":"Members in this group can modify group policy for the domain","whencreated":1692569775,"admincount":false},"Members":[{"ObjectIdentifier":"S-1-5-21-1780537355-228050535-1657073545-500","ObjectType":"User"}],"Aces":[{"PrincipalSID":"S-1-5-21-1780537355-228050535-1657073545-512","PrincipalType":"Group","RightName":"Owns","IsInherited":false,"InheritanceHash":""},{"PrincipalSID":"AD2008.LAN-S-1-5-32-548","PrincipalType":"Group","RightName":"GenericAll","IsInherited":false,"InheritanceHash":""},{"PrincipalSID":"S-1-5-21-1780537355-228050535-1657073545-512","PrincipalType":"Group","RightName":"GenericAll","IsInherited":false,"InheritanceHash":""},{"PrincipalSID":"S-1-5-21-1780537355-228050535-1657073545-519","PrincipalType":"Group","RightName":"GenericAll","IsInherited":true,"InheritanceHash":"EC3C406847C802AD50E180AD1AA1B0574FDC1CDE"},{"PrincipalSID":"AD2008.LAN-S-1-5-32-544","PrincipalType":"Group","RightName":"WriteDacl","IsInherited":true,"InheritanceHash":"62C26D4FB3FF64505B03CDD35D648DFBC6C157CC"},{"PrincipalSID":"AD2008.LAN-S-1-5-32-544","PrincipalType":"Group","RightName":"WriteOwner","IsInherited":true,"InheritanceHash":"62C26D4FB3FF64505B03CDD35D648DFBC6C157CC"},{"PrincipalSID":"AD2008.LAN-S-1-5-32-544","PrincipalType":"Group","RightName":"GenericWrite","IsInherited":true,"InheritanceHash":"62C26D4FB3FF64505B03CDD35D648DFBC6C157CC"}],"ObjectIdentifier":"S-1-5-21-1780537355-228050535-1657073545-520","IsDeleted":false,"IsACLProtected":false,"ContainedBy":{"ObjectIdentifier":"226C8F59-EC04-4319-93DC-0B674E01DDCF","ObjectType":"Container"}},{"Properties":{"domain":"AD2008.LAN","name":"READ-ONLY DOMAIN CONTROLLERS@AD2008.LAN","distinguishedname":"CN=READ-ONLY DOMAIN CONTROLLERS,CN=USERS,DC=AD2008,DC=LAN","domainsid":"S-1-5-21-1780537355-228050535-1657073545","samaccountname":"Read-only Domain Controllers","doesanyacegrantownerrights":false,"doesanyinheritedacegrantownerrights":false,"isaclprotected":true,"description":"Members of this group are Read-Only Domain Controllers in the domain","whencreated":1692569775,"admincount":true},"Members":[],"Aces":[{"PrincipalSID":"S-1-5-21-1780537355-228050535-1657073545-512","PrincipalType":"Group","RightName":"Owns","IsInherited":false,"InheritanceHash":""},{"PrincipalSID":"AD2008.LAN-S-1-5-32-544","PrincipalType":"Group","RightName":"WriteDacl","IsInherited":false,"InheritanceHash":""},{"PrincipalSID":"AD2008.LAN-S-1-5-32-544","PrincipalType":"Group","RightName":"WriteOwner","IsInherited":false,"InheritanceHash":""},{"PrincipalSID":"AD2008.LAN-S-1-5-32-544","PrincipalType":"Group","RightName":"GenericWrite","IsInherited":false,"InheritanceHash":""},{"PrincipalSID":"S-1-5-21-1780537355-228050535-1657073545-512","PrincipalType":"Group","RightName":"WriteDacl","IsInherited":false,"InheritanceHash":""},{"PrincipalSID":"S-1-5-21-1780537355-228050535-1657073545-512","PrincipalType":"Group","RightName":"WriteOwner","IsInherited":false,"InheritanceHash":""},{"PrincipalSID":"S-1-5-21-1780537355-228050535-1657073545-512","PrincipalType":"Group","RightName":"GenericWrite","IsInherited":false,"InheritanceHash":""},{"PrincipalSID":"S-1-5-21-1780537355-228050535-1657073545-519","PrincipalType":"Group","RightName":"WriteDacl","IsInherited":false,"InheritanceHash":""},{"PrincipalSID":"S-1-5-21-1780537355-228050535-1657073545-519","PrincipalType":"Group","RightName":"WriteOwner","IsInherited":false,"InheritanceHash":""},{"PrincipalSID":"S-1-5-21-1780537355-228050535-1657073545-519","PrincipalType":"Group","RightName":"GenericWrite","IsInherited":false,"InheritanceHash":""}],"ObjectIdentifier":"S-1-5-21-1780537355-228050535-1657073545-521","IsDeleted":false,"IsACLProtected":true,"ContainedBy":{"ObjectIdentifier":"226C8F59-EC04-4319-93DC-0B674E01DDCF","ObjectType":"Container"}},{"Properties":{"domain":"AD2008.LAN","name":"ENTERPRISE READ-ONLY DOMAIN CONTROLLERS@AD2008.LAN","distinguishedname":"CN=ENTERPRISE READ-ONLY DOMAIN CONTROLLERS,CN=USERS,DC=AD2008,DC=LAN","domainsid":"S-1-5-21-1780537355-228050535-1657073545","samaccountname":"Enterprise Read-only Domain Controllers","doesanyacegrantownerrights":false,"doesanyinheritedacegrantownerrights":false,"isaclprotected":false,"description":"Members of this group are Read-Only Domain Controllers in the enterprise","whencreated":1692569775,"admincount":false},"Members":[],"Aces":[{"PrincipalSID":"S-1-5-21-1780537355-228050535-1657073545-512","PrincipalType":"Group","RightName":"Owns","IsInherited":false,"InheritanceHash":""},{"PrincipalSID":"AD2008.LAN-S-1-5-32-548","PrincipalType":"Group","RightName":"GenericAll","IsInherited":false,"InheritanceHash":""},{"PrincipalSID":"S-1-5-21-1780537355-228050535-1657073545-512","PrincipalType":"Group","RightName":"GenericAll","IsInherited":false,"InheritanceHash":""},{"PrincipalSID":"S-1-5-21-1780537355-228050535-1657073545-519","PrincipalType":"Group","RightName":"GenericAll","IsInherited":true,"InheritanceHash":"EC3C406847C802AD50E180AD1AA1B0574FDC1CDE"},{"PrincipalSID":"AD2008.LAN-S-1-5-32-544","PrincipalType":"Group","RightName":"WriteDacl","IsInherited":true,"InheritanceHash":"62C26D4FB3FF64505B03CDD35D648DFBC6C157CC"},{"PrincipalSID":"AD2008.LAN-S-1-5-32-544","PrincipalType":"Group","RightName":"WriteOwner","IsInherited":true,"InheritanceHash":"62C26D4FB3FF64505B03CDD35D648DFBC6C157CC"},{"PrincipalSID":"AD2008.LAN-S-1-5-32-544","PrincipalType":"Group","RightName":"GenericWrite","IsInherited":true,"InheritanceHash":"62C26D4FB3FF64505B03CDD35D648DFBC6C157CC"}],"ObjectIdentifier":"S-1-5-21-1780537355-228050535-1657073545-498","IsDeleted":false,"IsACLProtected":false,"ContainedBy":{"ObjectIdentifier":"226C8F59-EC04-4319-93DC-0B674E01DDCF","ObjectType":"Container"}},{"Properties":{"domain":"AD2008.LAN","name":"DENIED RODC PASSWORD REPLICATION GROUP@AD2008.LAN","distinguishedname":"CN=DENIED RODC PASSWORD REPLICATION GROUP,CN=USERS,DC=AD2008,DC=LAN","domainsid":"S-1-5-21-1780537355-228050535-1657073545","samaccountname":"Denied RODC Password Replication Group","doesanyacegrantownerrights":false,"doesanyinheritedacegrantownerrights":false,"isaclprotected":false,"description":"Members in this group cannot have their passwords replicated to any read-only domain controllers in the domain","whencreated":1692569775,"admincount":false},"Members":[{"ObjectIdentifier":"S-1-5-21-1780537355-228050535-1657073545-521","ObjectType":"Group"},{"ObjectIdentifier":"S-1-5-21-1780537355-228050535-1657073545-520","ObjectType":"Group"},{"ObjectIdentifier":"S-1-5-21-1780537355-228050535-1657073545-512","ObjectType":"Group"},{"ObjectIdentifier":"S-1-5-21-1780537355-228050535-1657073545-517","ObjectType":"Group"},{"ObjectIdentifier":"S-1-5-21-1780537355-228050535-1657073545-519","ObjectType":"Group"},{"ObjectIdentifier":"S-1-5-21-1780537355-228050535-1657073545-518","ObjectType":"Group"},{"ObjectIdentifier":"S-1-5-21-1780537355-228050535-1657073545-516","ObjectType":"Group"},{"ObjectIdentifier":"S-1-5-21-1780537355-228050535-1657073545-502","ObjectType":"User"}],"Aces":[{"PrincipalSID":"S-1-5-21-1780537355-228050535-1657073545-512","PrincipalType":"Group","RightName":"Owns","IsInherited":false,"InheritanceHash":""},{"PrincipalSID":"AD2008.LAN-S-1-5-32-548","PrincipalType":"Group","RightName":"GenericAll","IsInherited":false,"InheritanceHash":""},{"PrincipalSID":"S-1-5-21-1780537355-228050535-1657073545-512","PrincipalType":"Group","RightName":"GenericAll","IsInherited":false,"InheritanceHash":""},{"PrincipalSID":"S-1-5-21-1780537355-228050535-1657073545-519","PrincipalType":"Group","RightName":"GenericAll","IsInherited":true,"InheritanceHash":"EC3C406847C802AD50E180AD1AA1B0574FDC1CDE"},{"PrincipalSID":"AD2008.LAN-S-1-5-32-544","PrincipalType":"Group","RightName":"WriteDacl","IsInherited":true,"InheritanceHash":"62C26D4FB3FF64505B03CDD35D648DFBC6C157CC"},{"PrincipalSID":"AD2008.LAN-S-1-5-32-544","PrincipalType":"Group","RightName":"WriteOwner","IsInherited":true,"InheritanceHash":"62C26D4FB3FF64505B03CDD35D648DFBC6C157CC"},{"PrincipalSID":"AD2008.LAN-S-1-5-32-544","PrincipalType":"Group","RightName":"GenericWrite","IsInherited":true,"InheritanceHash":"62C26D4FB3FF64505B03CDD35D648DFBC6C157CC"}],"ObjectIdentifier":"S-1-5-21-1780537355-228050535-1657073545-572","IsDeleted":false,"IsACLProtected":false,"ContainedBy":{"ObjectIdentifier":"226C8F59-EC04-4319-93DC-0B674E01DDCF","ObjectType":"Container"}},{"Properties":{"domain":"AD2008.LAN","name":"DNSUPDATEPROXY@AD2008.LAN","distinguishedname":"CN=DNSUPDATEPROXY,CN=USERS,DC=AD2008,DC=LAN","domainsid":"S-1-5-21-1780537355-228050535-1657073545","samaccountname":"DnsUpdateProxy","doesanyacegrantownerrights":false,"doesanyinheritedacegrantownerrights":false,"isaclprotected":false,"description":"DNS clients who are permitted to perform dynamic updates on behalf of some other clients (such as DHCP servers).","whencreated":1692569814,"admincount":false},"Members":[],"Aces":[{"PrincipalSID":"AD2008.LAN-S-1-5-32-548","PrincipalType":"Group","RightName":"GenericAll","IsInherited":false,"InheritanceHash":""},{"PrincipalSID":"S-1-5-21-1780537355-228050535-1657073545-512","PrincipalType":"Group","RightName":"GenericAll","IsInherited":false,"InheritanceHash":""},{"PrincipalSID":"S-1-5-21-1780537355-228050535-1657073545-519","PrincipalType":"Group","RightName":"GenericAll","IsInherited":true,"InheritanceHash":"EC3C406847C802AD50E180AD1AA1B0574FDC1CDE"},{"PrincipalSID":"AD2008.LAN-S-1-5-32-544","PrincipalType":"Group","RightName":"WriteDacl","IsInherited":true,"InheritanceHash":"62C26D4FB3FF64505B03CDD35D648DFBC6C157CC"},{"PrincipalSID":"AD2008.LAN-S-1-5-32-544","PrincipalType":"Group","RightName":"WriteOwner","IsInherited":true,"InheritanceHash":"62C26D4FB3FF64505B03CDD35D648DFBC6C157CC"},{"PrincipalSID":"AD2008.LAN-S-1-5-32-544","PrincipalType":"Group","RightName":"GenericWrite","IsInherited":true,"InheritanceHash":"62C26D4FB3FF64505B03CDD35D648DFBC6C157CC"}],"ObjectIdentifier":"S-1-5-21-1780537355-228050535-1657073545-1102","IsDeleted":false,"IsACLProtected":false,"ContainedBy":{"ObjectIdentifier":"226C8F59-EC04-4319-93DC-0B674E01DDCF","ObjectType":"Container"}},{"Properties":{"name":"AUTHENTICATED USERS@AD2008.LAN","domainsid":"S-1-5-21-1780537355-228050535-1657073545","domain":"AD2008.LAN","reconcile":false},"Members":[],"Aces":[],"ObjectIdentifier":"AD2008.LAN-S-1-5-11","IsDeleted":false,"IsACLProtected":false,"ContainedBy":null},{"Properties":{"name":"CERTIFICATE SERVICE DCOM ACCESS@AD2008.LAN","domainsid":"S-1-5-21-1780537355-228050535-1657073545","domain":"AD2008.LAN","reconcile":false},"Members":[],"Aces":[],"ObjectIdentifier":"AD2008.LAN-S-1-5-32-574","IsDeleted":false,"IsACLProtected":false,"ContainedBy":null},{"Properties":{"name":"EVENT LOG READERS@AD2008.LAN","domainsid":"S-1-5-21-1780537355-228050535-1657073545","domain":"AD2008.LAN","reconcile":false},"Members":[],"Aces":[],"ObjectIdentifier":"AD2008.LAN-S-1-5-32-573","IsDeleted":false,"IsACLProtected":false,"ContainedBy":null},{"Properties":{"name":"IIS_IUSRS@AD2008.LAN","domainsid":"S-1-5-21-1780537355-228050535-1657073545","domain":"AD2008.LAN","reconcile":false},"Members":[],"Aces":[],"ObjectIdentifier":"AD2008.LAN-S-1-5-32-568","IsDeleted":false,"IsACLProtected":false,"ContainedBy":null},{"Properties":{"name":"CRYPTOGRAPHIC OPERATORS@AD2008.LAN","domainsid":"S-1-5-21-1780537355-228050535-1657073545","domain":"AD2008.LAN","reconcile":false},"Members":[],"Aces":[],"ObjectIdentifier":"AD2008.LAN-S-1-5-32-569","IsDeleted":false,"IsACLProtected":false,"ContainedBy":null},{"Properties":{"name":"EVERYONE@AD2008.LAN","domainsid":"S-1-5-21-1780537355-228050535-1657073545","domain":"AD2008.LAN","reconcile":false},"Members":[],"Aces":[],"ObjectIdentifier":"AD2008.LAN-S-1-1-0","IsDeleted":false,"IsACLProtected":false,"ContainedBy":null},{"Properties":{"name":"DISTRIBUTED COM USERS@AD2008.LAN","domainsid":"S-1-5-21-1780537355-228050535-1657073545","domain":"AD2008.LAN","reconcile":false},"Members":[],"Aces":[],"ObjectIdentifier":"AD2008.LAN-S-1-5-32-562","IsDeleted":false,"IsACLProtected":false,"ContainedBy":null},{"Properties":{"name":"WINDOWS AUTHORIZATION ACCESS GROUP@AD2008.LAN","domainsid":"S-1-5-21-1780537355-228050535-1657073545","domain":"AD2008.LAN","reconcile":false},"Members":[],"Aces":[],"ObjectIdentifier":"AD2008.LAN-S-1-5-32-560","IsDeleted":false,"IsACLProtected":false,"ContainedBy":null},{"Properties":{"name":"PERFORMANCE MONITOR USERS@AD2008.LAN","domainsid":"S-1-5-21-1780537355-228050535-1657073545","domain":"AD2008.LAN","reconcile":false},"Members":[],"Aces":[],"ObjectIdentifier":"AD2008.LAN-S-1-5-32-558","IsDeleted":false,"IsACLProtected":false,"ContainedBy":null},{"Properties":{"name":"TERMINAL SERVER LICENSE SERVERS@AD2008.LAN","domainsid":"S-1-5-21-1780537355-228050535-1657073545","domain":"AD2008.LAN","reconcile":false},"Members":[],"Aces":[],"ObjectIdentifier":"AD2008.LAN-S-1-5-32-561","IsDeleted":false,"IsACLProtected":false,"ContainedBy":null},{"Properties":{"name":"PERFORMANCE LOG USERS@AD2008.LAN","domainsid":"S-1-5-21-1780537355-228050535-1657073545","domain":"AD2008.LAN","reconcile":false},"Members":[],"Aces":[],"ObjectIdentifier":"AD2008.LAN-S-1-5-32-559","IsDeleted":false,"IsACLProtected":false,"ContainedBy":null},{"Properties":{"name":"INTERACTIVE@AD2008.LAN","domainsid":"S-1-5-21-1780537355-228050535-1657073545","domain":"AD2008.LAN","reconcile":false},"Members":[],"Aces":[],"ObjectIdentifier":"AD2008.LAN-S-1-5-4","IsDeleted":false,"IsACLProtected":false,"ContainedBy":null},{"Properties":{"name":"NETWORK CONFIGURATION OPERATORS@AD2008.LAN","domainsid":"S-1-5-21-1780537355-228050535-1657073545","domain":"AD2008.LAN","reconcile":false},"Members":[],"Aces":[],"ObjectIdentifier":"AD2008.LAN-S-1-5-32-556","IsDeleted":false,"IsACLProtected":false,"ContainedBy":null},{"Properties":{"name":"INCOMING FOREST TRUST BUILDERS@AD2008.LAN","domainsid":"S-1-5-21-1780537355-228050535-1657073545","domain":"AD2008.LAN","reconcile":false},"Members":[],"Aces":[],"ObjectIdentifier":"AD2008.LAN-S-1-5-32-557","IsDeleted":false,"IsACLProtected":false,"ContainedBy":null},{"Properties":{"name":"PRE-WINDOWS 2000 COMPATIBLE ACCESS@AD2008.LAN","domainsid":"S-1-5-21-1780537355-228050535-1657073545","domain":"AD2008.LAN","reconcile":false},"Members":[],"Aces":[],"ObjectIdentifier":"AD2008.LAN-S-1-5-32-554","IsDeleted":false,"IsACLProtected":false,"ContainedBy":null},{"Properties":{"name":"REMOTE DESKTOP USERS@AD2008.LAN","domainsid":"S-1-5-21-1780537355-228050535-1657073545","domain":"AD2008.LAN","reconcile":false},"Members":[],"Aces":[],"ObjectIdentifier":"AD2008.LAN-S-1-5-32-555","IsDeleted":false,"IsACLProtected":false,"ContainedBy":null},{"Properties":{"name":"REPLICATORS@AD2008.LAN","domainsid":"S-1-5-21-1780537355-228050535-1657073545","domain":"AD2008.LAN","reconcile":false},"Members":[],"Aces":[],"ObjectIdentifier":"AD2008.LAN-S-1-5-32-552","IsDeleted":false,"IsACLProtected":false,"ContainedBy":null},{"Properties":{"name":"ACCOUNT OPERATORS@AD2008.LAN","domainsid":"S-1-5-21-1780537355-228050535-1657073545","domain":"AD2008.LAN","reconcile":false},"Members":[],"Aces":[],"ObjectIdentifier":"AD2008.LAN-S-1-5-32-548","IsDeleted":false,"IsACLProtected":false,"ContainedBy":null},{"Properties":{"name":"SERVER OPERATORS@AD2008.LAN","domainsid":"S-1-5-21-1780537355-228050535-1657073545","domain":"AD2008.LAN","reconcile":false},"Members":[],"Aces":[],"ObjectIdentifier":"AD2008.LAN-S-1-5-32-549","IsDeleted":false,"IsACLProtected":false,"ContainedBy":null},{"Properties":{"name":"GUESTS@AD2008.LAN","domainsid":"S-1-5-21-1780537355-228050535-1657073545","domain":"AD2008.LAN","reconcile":false},"Members":[],"Aces":[],"ObjectIdentifier":"AD2008.LAN-S-1-5-32-546","IsDeleted":false,"IsACLProtected":false,"ContainedBy":null},{"Properties":{"name":"PRINT OPERATORS@AD2008.LAN","domainsid":"S-1-5-21-1780537355-228050535-1657073545","domain":"AD2008.LAN","reconcile":false},"Members":[],"Aces":[],"ObjectIdentifier":"AD2008.LAN-S-1-5-32-550","IsDeleted":false,"IsACLProtected":false,"ContainedBy":null},{"Properties":{"name":"BACKUP OPERATORS@AD2008.LAN","domainsid":"S-1-5-21-1780537355-228050535-1657073545","domain":"AD2008.LAN","reconcile":false},"Members":[],"Aces":[],"ObjectIdentifier":"AD2008.LAN-S-1-5-32-551","IsDeleted":false,"IsACLProtected":false,"ContainedBy":null},{"Properties":{"name":"ADMINISTRATORS@AD2008.LAN","domainsid":"S-1-5-21-1780537355-228050535-1657073545","domain":"AD2008.LAN","reconcile":false},"Members":[],"Aces":[],"ObjectIdentifier":"AD2008.LAN-S-1-5-32-544","IsDeleted":false,"IsACLProtected":false,"ContainedBy":null},{"Properties":{"name":"USERS@AD2008.LAN","domainsid":"S-1-5-21-1780537355-228050535-1657073545","domain":"AD2008.LAN","reconcile":false},"Members":[],"Aces":[],"ObjectIdentifier":"AD2008.LAN-S-1-5-32-545","IsDeleted":false,"IsACLProtected":false,"ContainedBy":null}],"meta":{"methods":7107563,"type":"groups","count":61,"version":6,"collectorversion":"2.6.5.0"}}