{"data":[{"Properties":{"domain":"AD2008.LAN","name":"ADMINISTRATOR@AD2008.LAN","distinguishedname":"CN=ADMINISTRATOR,CN=USERS,DC=AD2008,DC=LAN","domainsid":"S-1-5-21-1780537355-228050535-1657073545","samaccountname":"Administrator","doesanyacegrantownerrights":false,"doesanyinheritedacegrantownerrights":false,"isaclprotected":true,"description":"Built-in account for administering the computer/domain","whencreated":1692569754,"sensitive":false,"dontreqpreauth":false,"passwordnotreqd":false,"unconstraineddelegation":false,"pwdneverexpires":true,"enabled":true,"trustedtoauth":false,"smartcardrequired":false,"encryptedtextpwdallowed":false,"usedeskeyonly":false,"logonscriptenabled":false,"lockedout":false,"passwordcantchange":false,"passwordexpired":false,"lastlogon":1746044458,"lastlogontimestamp":1746044424,"pwdlastset":1746044439,"serviceprincipalnames":[],"hasspn":false,"displayname":null,"email":null,"title":null,"homedirectory":null,"userpassword":null,"unixpassword":null,"unicodepassword":null,"sfupassword":null,"logonscript":null,"useraccountcontrol":66048,"profilepath":null,"admincount":true,"supportedencryptiontypes":["Not defined"],"sidhistory":[]},"AllowedToDelegate":[],"PrimaryGroupSID":"S-1-5-21-1780537355-228050535-1657073545-513","HasSIDHistory":[],"SPNTargets":[],"UnconstrainedDelegation":false,"DomainSID":"S-1-5-21-1780537355-228050535-1657073545","Aces":[{"PrincipalSID":"S-1-5-21-1780537355-228050535-1657073545-512","PrincipalType":"Group","RightName":"Owns","IsInherited":false,"InheritanceHash":""},{"PrincipalSID":"AD2008.LAN-S-1-5-32-544","PrincipalType":"Group","RightName":"WriteDacl","IsInherited":false,"InheritanceHash":""},{"PrincipalSID":"AD2008.LAN-S-1-5-32-544","PrincipalType":"Group","RightName":"WriteOwner","IsInherited":false,"InheritanceHash":""},{"PrincipalSID":"AD2008.LAN-S-1-5-32-544","PrincipalType":"Group","RightName":"AllExtendedRights","IsInherited":false,"InheritanceHash":""},{"PrincipalSID":"AD2008.LAN-S-1-5-32-544","PrincipalType":"Group","RightName":"GenericWrite","IsInherited":false,"InheritanceHash":""},{"PrincipalSID":"S-1-5-21-1780537355-228050535-1657073545-512","PrincipalType":"Group","RightName":"WriteDacl","IsInherited":false,"InheritanceHash":""},{"PrincipalSID":"S-1-5-21-1780537355-228050535-1657073545-512","PrincipalType":"Group","RightName":"WriteOwner","IsInherited":false,"InheritanceHash":""},{"PrincipalSID":"S-1-5-21-1780537355-228050535-1657073545-512","PrincipalType":"Group","RightName":"AllExtendedRights","IsInherited":false,"InheritanceHash":""},{"PrincipalSID":"S-1-5-21-1780537355-228050535-1657073545-512","PrincipalType":"Group","RightName":"GenericWrite","IsInherited":false,"InheritanceHash":""},{"PrincipalSID":"S-1-5-21-1780537355-228050535-1657073545-519","PrincipalType":"Group","RightName":"WriteDacl","IsInherited":false,"InheritanceHash":""},{"PrincipalSID":"S-1-5-21-1780537355-228050535-1657073545-519","PrincipalType":"Group","RightName":"WriteOwner","IsInherited":false,"InheritanceHash":""},{"PrincipalSID":"S-1-5-21-1780537355-228050535-1657073545-519","PrincipalType":"Group","RightName":"AllExtendedRights","IsInherited":false,"InheritanceHash":""},{"PrincipalSID":"S-1-5-21-1780537355-228050535-1657073545-519","PrincipalType":"Group","RightName":"GenericWrite","IsInherited":false,"InheritanceHash":""}],"ObjectIdentifier":"S-1-5-21-1780537355-228050535-1657073545-500","IsDeleted":false,"IsACLProtected":true,"ContainedBy":{"ObjectIdentifier":"226C8F59-EC04-4319-93DC-0B674E01DDCF","ObjectType":"Container"}},{"Properties":{"domain":"AD2008.LAN","name":"KRBTGT@AD2008.LAN","distinguishedname":"CN=KRBTGT,CN=USERS,DC=AD2008,DC=LAN","domainsid":"S-1-5-21-1780537355-228050535-1657073545","samaccountname":"krbtgt","doesanyacegrantownerrights":false,"doesanyinheritedacegrantownerrights":false,"isaclprotected":true,"description":"Key Distribution Center Service Account","whencreated":1692569775,"sensitive":false,"dontreqpreauth":false,"passwordnotreqd":false,"unconstraineddelegation":false,"pwdneverexpires":false,"enabled":false,"trustedtoauth":false,"smartcardrequired":false,"encryptedtextpwdallowed":false,"usedeskeyonly":false,"logonscriptenabled":false,"lockedout":false,"passwordcantchange":false,"passwordexpired":false,"lastlogon":0,"lastlogontimestamp":-1,"pwdlastset":1692569775,"serviceprincipalnames":["kadmin/changepw"],"hasspn":true,"displayname":null,"email":null,"title":null,"homedirectory":null,"userpassword":null,"unixpassword":null,"unicodepassword":null,"sfupassword":null,"logonscript":null,"useraccountcontrol":514,"profilepath":null,"admincount":true,"supportedencryptiontypes":null,"sidhistory":[]},"AllowedToDelegate":[],"PrimaryGroupSID":"S-1-5-21-1780537355-228050535-1657073545-513","HasSIDHistory":[],"SPNTargets":[],"UnconstrainedDelegation":false,"DomainSID":"S-1-5-21-1780537355-228050535-1657073545","Aces":[{"PrincipalSID":"S-1-5-21-1780537355-228050535-1657073545-512","PrincipalType":"Group","RightName":"Owns","IsInherited":false,"InheritanceHash":""},{"PrincipalSID":"AD2008.LAN-S-1-5-32-544","PrincipalType":"Group","RightName":"WriteDacl","IsInherited":false,"InheritanceHash":""},{"PrincipalSID":"AD2008.LAN-S-1-5-32-544","PrincipalType":"Group","RightName":"WriteOwner","IsInherited":false,"InheritanceHash":""},{"PrincipalSID":"AD2008.LAN-S-1-5-32-544","PrincipalType":"Group","RightName":"AllExtendedRights","IsInherited":false,"InheritanceHash":""},{"PrincipalSID":"AD2008.LAN-S-1-5-32-544","PrincipalType":"Group","RightName":"GenericWrite","IsInherited":false,"InheritanceHash":""},{"PrincipalSID":"S-1-5-21-1780537355-228050535-1657073545-512","PrincipalType":"Group","RightName":"WriteDacl","IsInherited":false,"InheritanceHash":""},{"PrincipalSID":"S-1-5-21-1780537355-228050535-1657073545-512","PrincipalType":"Group","RightName":"WriteOwner","IsInherited":false,"InheritanceHash":""},{"PrincipalSID":"S-1-5-21-1780537355-228050535-1657073545-512","PrincipalType":"Group","RightName":"AllExtendedRights","IsInherited":false,"InheritanceHash":""},{"PrincipalSID":"S-1-5-21-1780537355-228050535-1657073545-512","PrincipalType":"Group","RightName":"GenericWrite","IsInherited":false,"InheritanceHash":""},{"PrincipalSID":"S-1-5-21-1780537355-228050535-1657073545-519","PrincipalType":"Group","RightName":"WriteDacl","IsInherited":false,"InheritanceHash":""},{"PrincipalSID":"S-1-5-21-1780537355-228050535-1657073545-519","PrincipalType":"Group","RightName":"WriteOwner","IsInherited":false,"InheritanceHash":""},{"PrincipalSID":"S-1-5-21-1780537355-228050535-1657073545-519","PrincipalType":"Group","RightName":"AllExtendedRights","IsInherited":false,"InheritanceHash":""},{"PrincipalSID":"S-1-5-21-1780537355-228050535-1657073545-519","PrincipalType":"Group","RightName":"GenericWrite","IsInherited":false,"InheritanceHash":""}],"ObjectIdentifier":"S-1-5-21-1780537355-228050535-1657073545-502","IsDeleted":false,"IsACLProtected":true,"ContainedBy":{"ObjectIdentifier":"226C8F59-EC04-4319-93DC-0B674E01DDCF","ObjectType":"Container"}},{"Properties":{"domain":"AD2008.LAN","name":"ADMINCOUNT@AD2008.LAN","distinguishedname":"CN=ADMIN COUNT,OU=TEST,DC=AD2008,DC=LAN","domainsid":"S-1-5-21-1780537355-228050535-1657073545","samaccountname":"adminCount","doesanyacegrantownerrights":false,"doesanyinheritedacegrantownerrights":false,"isaclprotected":false,"whencreated":1745431808,"sensitive":false,"dontreqpreauth":false,"passwordnotreqd":false,"unconstraineddelegation":false,"pwdneverexpires":false,"enabled":true,"trustedtoauth":false,"smartcardrequired":false,"encryptedtextpwdallowed":false,"usedeskeyonly":false,"logonscriptenabled":false,"lockedout":false,"passwordcantchange":false,"passwordexpired":false,"lastlogon":0,"lastlogontimestamp":-1,"pwdlastset":1745431808,"serviceprincipalnames":[],"hasspn":false,"displayname":"Admin Count","email":null,"title":null,"homedirectory":null,"userpassword":null,"unixpassword":null,"unicodepassword":null,"sfupassword":null,"logonscript":null,"useraccountcontrol":512,"profilepath":null,"admincount":true,"supportedencryptiontypes":null,"sidhistory":[]},"AllowedToDelegate":[],"PrimaryGroupSID":"S-1-5-21-1780537355-228050535-1657073545-513","HasSIDHistory":[],"SPNTargets":[],"UnconstrainedDelegation":false,"DomainSID":"S-1-5-21-1780537355-228050535-1657073545","Aces":[{"PrincipalSID":"S-1-5-21-1780537355-228050535-1657073545-512","PrincipalType":"Group","RightName":"Owns","IsInherited":false,"InheritanceHash":""},{"PrincipalSID":"AD2008.LAN-S-1-5-32-548","PrincipalType":"Group","RightName":"GenericAll","IsInherited":false,"InheritanceHash":""},{"PrincipalSID":"S-1-5-21-1780537355-228050535-1657073545-512","PrincipalType":"Group","RightName":"GenericAll","IsInherited":false,"InheritanceHash":""}],"ObjectIdentifier":"S-1-5-21-1780537355-228050535-1657073545-1103","IsDeleted":false,"IsACLProtected":false,"ContainedBy":{"ObjectIdentifier":"BEB1D8BC-337F-47C7-B591-4A1198834910","ObjectType":"OU"}},{"Properties":{"domain":"AD2008.LAN","name":"GUEST@AD2008.LAN","distinguishedname":"CN=GUEST,CN=USERS,DC=AD2008,DC=LAN","domainsid":"S-1-5-21-1780537355-228050535-1657073545","samaccountname":"Guest","doesanyacegrantownerrights":false,"doesanyinheritedacegrantownerrights":false,"isaclprotected":false,"description":"Built-in account for guest access to the computer/domain","whencreated":1692569754,"sensitive":false,"dontreqpreauth":false,"passwordnotreqd":true,"unconstraineddelegation":false,"pwdneverexpires":true,"enabled":false,"trustedtoauth":false,"smartcardrequired":false,"encryptedtextpwdallowed":false,"usedeskeyonly":false,"logonscriptenabled":false,"lockedout":false,"passwordcantchange":false,"passwordexpired":false,"lastlogon":0,"lastlogontimestamp":-1,"pwdlastset":0,"serviceprincipalnames":[],"hasspn":false,"displayname":null,"email":null,"title":null,"homedirectory":null,"userpassword":null,"unixpassword":null,"unicodepassword":null,"sfupassword":null,"logonscript":null,"useraccountcontrol":66082,"profilepath":null,"admincount":false,"supportedencryptiontypes":null,"sidhistory":[]},"AllowedToDelegate":[],"PrimaryGroupSID":"S-1-5-21-1780537355-228050535-1657073545-514","HasSIDHistory":[],"SPNTargets":[],"UnconstrainedDelegation":false,"DomainSID":"S-1-5-21-1780537355-228050535-1657073545","Aces":[{"PrincipalSID":"AD2008.LAN-S-1-5-32-544","PrincipalType":"Group","RightName":"Owns","IsInherited":false,"InheritanceHash":""},{"PrincipalSID":"AD2008.LAN-S-1-5-32-544","PrincipalType":"Group","RightName":"GenericAll","IsInherited":false,"InheritanceHash":""},{"PrincipalSID":"AD2008.LAN-S-1-5-32-548","PrincipalType":"Group","RightName":"GenericAll","IsInherited":false,"InheritanceHash":""},{"PrincipalSID":"S-1-5-21-1780537355-228050535-1657073545-519","PrincipalType":"Group","RightName":"GenericAll","IsInherited":true,"InheritanceHash":"EC3C406847C802AD50E180AD1AA1B0574FDC1CDE"},{"PrincipalSID":"AD2008.LAN-S-1-5-32-544","PrincipalType":"Group","RightName":"WriteDacl","IsInherited":true,"InheritanceHash":"62C26D4FB3FF64505B03CDD35D648DFBC6C157CC"},{"PrincipalSID":"AD2008.LAN-S-1-5-32-544","PrincipalType":"Group","RightName":"WriteOwner","IsInherited":true,"InheritanceHash":"62C26D4FB3FF64505B03CDD35D648DFBC6C157CC"},{"PrincipalSID":"AD2008.LAN-S-1-5-32-544","PrincipalType":"Group","RightName":"AllExtendedRights","IsInherited":true,"InheritanceHash":"62C26D4FB3FF64505B03CDD35D648DFBC6C157CC"},{"PrincipalSID":"AD2008.LAN-S-1-5-32-544","PrincipalType":"Group","RightName":"GenericWrite","IsInherited":true,"InheritanceHash":"62C26D4FB3FF64505B03CDD35D648DFBC6C157CC"}],"ObjectIdentifier":"S-1-5-21-1780537355-228050535-1657073545-501","IsDeleted":false,"IsACLProtected":false,"ContainedBy":{"ObjectIdentifier":"226C8F59-EC04-4319-93DC-0B674E01DDCF","ObjectType":"Container"}},{"Properties":{"name":"IUSR@AD2008.LAN","domainsid":"S-1-5-21-1780537355-228050535-1657073545","domain":"AD2008.LAN","reconcile":false},"AllowedToDelegate":[],"PrimaryGroupSID":null,"HasSIDHistory":[],"SPNTargets":[],"UnconstrainedDelegation":false,"DomainSID":null,"Aces":[],"ObjectIdentifier":"AD2008.LAN-S-1-5-17","IsDeleted":false,"IsACLProtected":false,"ContainedBy":null},{"Properties":{"name":"NETWORK SERVICE@AD2008.LAN","domainsid":"S-1-5-21-1780537355-228050535-1657073545","domain":"AD2008.LAN","reconcile":false},"AllowedToDelegate":[],"PrimaryGroupSID":null,"HasSIDHistory":[],"SPNTargets":[],"UnconstrainedDelegation":false,"DomainSID":null,"Aces":[],"ObjectIdentifier":"AD2008.LAN-S-1-5-20","IsDeleted":false,"IsACLProtected":false,"ContainedBy":null}],"meta":{"methods":7107563,"type":"users","count":6,"version":6,"collectorversion":"2.6.5.0"}}