{"data":[{"GPOChanges":{"LocalAdmins":[],"RemoteDesktopUsers":[],"DcomUsers":[],"PSRemoteUsers":[],"AffectedComputers":[]},"Properties":{"domain":"AD2008.LAN","name":"TEST@AD2008.LAN","distinguishedname":"OU=TEST,DC=AD2008,DC=LAN","domainsid":"S-1-5-21-1780537355-228050535-1657073545","doesanyacegrantownerrights":false,"doesanyinheritedacegrantownerrights":false,"isaclprotected":true,"whencreated":1707260202,"blocksinheritance":false},"Links":[],"ChildObjects":[],"InheritanceHashes":[],"Aces":[{"PrincipalSID":"S-1-5-21-1780537355-228050535-1657073545-512","PrincipalType":"Group","RightName":"Owns","IsInherited":false,"InheritanceHash":""},{"PrincipalSID":"S-1-5-21-1780537355-228050535-1657073545-512","PrincipalType":"Group","RightName":"GenericAll","IsInherited":false,"InheritanceHash":""}],"ObjectIdentifier":"BEB1D8BC-337F-47C7-B591-4A1198834910","IsDeleted":false,"IsACLProtected":true,"ContainedBy":{"ObjectIdentifier":"S-1-5-21-1780537355-228050535-1657073545","ObjectType":"Domain"}},{"GPOChanges":{"LocalAdmins":[],"RemoteDesktopUsers":[],"DcomUsers":[],"PSRemoteUsers":[],"AffectedComputers":[]},"Properties":{"domain":"AD2008.LAN","name":"DOMAIN CONTROLLERS@AD2008.LAN","distinguishedname":"OU=DOMAIN CONTROLLERS,DC=AD2008,DC=LAN","domainsid":"S-1-5-21-1780537355-228050535-1657073545","doesanyacegrantownerrights":false,"doesanyinheritedacegrantownerrights":false,"isaclprotected":false,"description":"Default container for domain controllers","whencreated":1692569754,"blocksinheritance":false},"Links":[{"IsEnforced":false,"GUID":"A9ABC404-4701-4A84-AE08-52FB5D85C497"}],"ChildObjects":[],"InheritanceHashes":[],"Aces":[{"PrincipalSID":"S-1-5-21-1780537355-228050535-1657073545-512","PrincipalType":"Group","RightName":"Owns","IsInherited":false,"InheritanceHash":""},{"PrincipalSID":"S-1-5-21-1780537355-228050535-1657073545-512","PrincipalType":"Group","RightName":"WriteDacl","IsInherited":false,"InheritanceHash":""},{"PrincipalSID":"S-1-5-21-1780537355-228050535-1657073545-512","PrincipalType":"Group","RightName":"WriteOwner","IsInherited":false,"InheritanceHash":""},{"PrincipalSID":"S-1-5-21-1780537355-228050535-1657073545-512","PrincipalType":"Group","RightName":"GenericWrite","IsInherited":false,"InheritanceHash":""},{"PrincipalSID":"S-1-5-21-1780537355-228050535-1657073545-519","PrincipalType":"Group","RightName":"GenericAll","IsInherited":true,"InheritanceHash":"EC3C406847C802AD50E180AD1AA1B0574FDC1CDE"},{"PrincipalSID":"AD2008.LAN-S-1-5-32-544","PrincipalType":"Group","RightName":"WriteDacl","IsInherited":true,"InheritanceHash":"62C26D4FB3FF64505B03CDD35D648DFBC6C157CC"},{"PrincipalSID":"AD2008.LAN-S-1-5-32-544","PrincipalType":"Group","RightName":"WriteOwner","IsInherited":true,"InheritanceHash":"62C26D4FB3FF64505B03CDD35D648DFBC6C157CC"},{"PrincipalSID":"AD2008.LAN-S-1-5-32-544","PrincipalType":"Group","RightName":"GenericWrite","IsInherited":true,"InheritanceHash":"62C26D4FB3FF64505B03CDD35D648DFBC6C157CC"}],"ObjectIdentifier":"7BF6E313-0503-42FC-B12A-8205A40BFDE0","IsDeleted":false,"IsACLProtected":false,"ContainedBy":{"ObjectIdentifier":"S-1-5-21-1780537355-228050535-1657073545","ObjectType":"Domain"}}],"meta":{"methods":7107563,"type":"ous","count":2,"version":6,"collectorversion":"2.6.5.0"}}