{"data":[{"Properties":{"domain":"AD2003R2.LAN","name":"SD-DC2003R2.AD2003R2.LAN","distinguishedname":"CN=SD-DC2003R2,OU=DOMAIN CONTROLLERS,DC=AD2003R2,DC=LAN","domainsid":"S-1-5-21-428140829-1551165317-2812767732","samaccountname":"SD-DC2003R2$","haslaps":false,"doesanyacegrantownerrights":false,"doesanyinheritedacegrantownerrights":false,"isaclprotected":false,"whencreated":1745261553,"enabled":true,"unconstraineddelegation":true,"trustedtoauth":false,"isdc":true,"encryptedtextpwdallowed":false,"usedeskeyonly":false,"logonscriptenabled":false,"lockedout":false,"passwordexpired":false,"supportedencryptiontypes":null,"lastlogon":1745902068,"lastlogontimestamp":-1,"pwdlastset":1745261581,"serviceprincipalnames":["NtFrs-88f5d2bd-b646-11d2-a6d3-00c04fc9b232/sd-dc2003r2.AD2003R2.lan","ldap/sd-dc2003r2.AD2003R2.lan/ForestDnsZones.AD2003R2.lan","GC/sd-dc2003r2.AD2003R2.lan/AD2003R2.lan","HOST/sd-dc2003r2.AD2003R2.lan/AD2003R2","HOST/SD-DC2003R2","HOST/sd-dc2003r2.AD2003R2.lan","HOST/sd-dc2003r2.AD2003R2.lan/AD2003R2.lan","E3514235-4B06-11D1-AB04-00C04FC2DCD2/ab615a2e-8c9e-4e99-a13c-9008691ee7c3/AD2003R2.lan","ldap/ab615a2e-8c9e-4e99-a13c-9008691ee7c3._msdcs.AD2003R2.lan","ldap/sd-dc2003r2.AD2003R2.lan/AD2003R2","ldap/SD-DC2003R2","ldap/sd-dc2003r2.AD2003R2.lan","ldap/sd-dc2003r2.AD2003R2.lan/DomainDnsZones.AD2003R2.lan","ldap/sd-dc2003r2.AD2003R2.lan/AD2003R2.lan","DNS/sd-dc2003r2.AD2003R2.lan"],"email":null,"useraccountcontrol":532480,"operatingsystem":"Windows Server 2003 Service Pack 1","sidhistory":[],"ldapavailable":true,"ldapsavailable":true,"ldapsepa":true,"ldapsigning":false},"PrimaryGroupSID":"S-1-5-21-428140829-1551165317-2812767732-516","AllowedToDelegate":[],"AllowedToAct":[],"HasSIDHistory":[],"DumpSMSAPassword":[],"Sessions":{"Results":[],"Collected":false,"FailureReason":"53"},"PrivilegedSessions":{"Results":[],"Collected":false,"FailureReason":null},"RegistrySessions":{"Results":[],"Collected":false,"FailureReason":null},"LocalGroups":[],"UserRights":[],"DCRegistryData":{"CertificateMappingMethods":null,"StrongCertificateBindingEnforcement":null},"Status":null,"IsDC":true,"UnconstrainedDelegation":true,"DomainSID":"S-1-5-21-428140829-1551165317-2812767732","IsWebClientRunning":{"Result":false,"Collected":false,"FailureReason":"System.Runtime.InteropServices.COMException (0x80070180): The specified domain either does not exist or could not be contacted.\r\n\r\n   at System.Runtime.InteropServices.Marshal.ThrowExceptionForHRInternal(Int32 errorCode, IntPtr errorInfo)\r\n   at SharpHoundCommonLib.Processors.WebClientServiceProcessor.TestPathExists(String path)\r\n   at SharpHoundCommonLib.Processors.WebClientServiceProcessor.<>c__DisplayClass15_0.<IsWebClientRunning>b__0()"},"SmbInfo":{"Result":{"SigningEnabled":true},"Collected":true,"FailureReason":null},"NtlmSessions":null,"NTLMRegistryData":null,"Aces":[{"PrincipalSID":"S-1-5-21-428140829-1551165317-2812767732-512","PrincipalType":"Group","RightName":"Owns","IsInherited":false,"InheritanceHash":""},{"PrincipalSID":"S-1-5-21-428140829-1551165317-2812767732-512","PrincipalType":"Group","RightName":"GenericAll","IsInherited":false,"InheritanceHash":""},{"PrincipalSID":"S-1-5-21-428140829-1551165317-2812767732-512","PrincipalType":"Group","RightName":"WriteAccountRestrictions","IsInherited":false,"InheritanceHash":""},{"PrincipalSID":"AD2003R2.LAN-S-1-5-32-544","PrincipalType":"Group","RightName":"WriteDacl","IsInherited":true,"InheritanceHash":"62C26D4FB3FF64505B03CDD35D648DFBC6C157CC"},{"PrincipalSID":"AD2003R2.LAN-S-1-5-32-544","PrincipalType":"Group","RightName":"WriteOwner","IsInherited":true,"InheritanceHash":"62C26D4FB3FF64505B03CDD35D648DFBC6C157CC"},{"PrincipalSID":"AD2003R2.LAN-S-1-5-32-544","PrincipalType":"Group","RightName":"GenericWrite","IsInherited":true,"InheritanceHash":"62C26D4FB3FF64505B03CDD35D648DFBC6C157CC"},{"PrincipalSID":"S-1-5-21-428140829-1551165317-2812767732-519","PrincipalType":"Group","RightName":"GenericAll","IsInherited":true,"InheritanceHash":"1FBAB8B1299C8519976084DA4C42F2407D08C639"}],"ObjectIdentifier":"S-1-5-21-428140829-1551165317-2812767732-1003","IsDeleted":false,"IsACLProtected":false,"ContainedBy":{"ObjectIdentifier":"5DF24286-3FF5-428D-B61B-B1414A4C4D33","ObjectType":"OU"}}],"meta":{"methods":7107563,"type":"computers","count":1,"version":6,"collectorversion":"2.6.5.0"}}