{"data":[{"GPOChanges":{"LocalAdmins":[],"RemoteDesktopUsers":[],"DcomUsers":[],"PSRemoteUsers":[],"AffectedComputers":[]},"Properties":{"domain":"AD2003R2.LAN","name":"AD2003R2.LAN","distinguishedname":"DC=AD2003R2,DC=LAN","domainsid":"S-1-5-21-428140829-1551165317-2812767732","doesanyacegrantownerrights":false,"doesanyinheritedacegrantownerrights":false,"isaclprotected":false,"whencreated":1745261449,"machineaccountquota":10,"minpwdlength":7,"pwdproperties":1,"pwdhistorylength":24,"lockoutthreshold":0,"minpwdage":"1 day","maxpwdage":"42 days, 22 hours, 47 minutes, 31 seconds","lockoutduration":"30 minutes","lockoutobservationwindow":-18000000000,"functionallevel":"2000 Mixed/Native","dsheuristics":null,"collected":true},"ChildObjects":[],"Trusts":[],"Links":[{"IsEnforced":false,"GUID":"53F726B6-F059-4F2F-B5F4-05EFF55DBCBB"}],"InheritanceHashes":["62C26D4FB3FF64505B03CDD35D648DFBC6C157CC","8A7E70B9447D3D266713CC63539109610AAA6F86","1FBAB8B1299C8519976084DA4C42F2407D08C639","3394B12047D813D8E785125F70F036295659396E","C8CE4AAA5C895484A901F72D613EFA95438BFA1A","82F1118FBA43CD2991735436A4256B6401296391","EE7C62BD0BDA67AA9375734AD13D1B6CC290585E","743D89658154E650805272325F934263D6151DED","82CDB193747C1F5C2D0BE388A2B7581B8224D361","B6558A8F4A0E7763D7A4B70E4EDA03989DA879C1","8C74E47810A59795113F55CA35B1B0DBD66C3F83","1E2C5E5D6036945B25A0266659639802036FDAE6","59E396EE9D1563738E09F4AFF5AD9F6A2B49ED81","071E9D07A61B031233EB2CB44ABC2363AA4BA22F","195BDF5C18EF348D1E32B3776E15256C3BE6D538","79E657916A6257A3890516F4B5C5749385CE5F20","3DE3D31BBEDBB149C22B91C4D5D825C27516FC5F","DD535FBD6F04B9160C8671CC680E942E29CB9B0E"],"ForestRootIdentifier":"S-1-5-21-428140829-1551165317-2812767732","Aces":[{"PrincipalSID":"AD2003R2.LAN-S-1-5-32-544","PrincipalType":"Group","RightName":"Owns","IsInherited":false,"InheritanceHash":""},{"PrincipalSID":"AD2003R2.LAN-S-1-5-32-544","PrincipalType":"Group","RightName":"WriteDacl","IsInherited":false,"InheritanceHash":""},{"PrincipalSID":"AD2003R2.LAN-S-1-5-32-544","PrincipalType":"Group","RightName":"WriteOwner","IsInherited":false,"InheritanceHash":""},{"PrincipalSID":"AD2003R2.LAN-S-1-5-32-544","PrincipalType":"Group","RightName":"AllExtendedRights","IsInherited":false,"InheritanceHash":""},{"PrincipalSID":"AD2003R2.LAN-S-1-5-32-544","PrincipalType":"Group","RightName":"GenericWrite","IsInherited":false,"InheritanceHash":""},{"PrincipalSID":"S-1-5-21-428140829-1551165317-2812767732-512","PrincipalType":"Group","RightName":"WriteDacl","IsInherited":false,"InheritanceHash":""},{"PrincipalSID":"S-1-5-21-428140829-1551165317-2812767732-512","PrincipalType":"Group","RightName":"WriteOwner","IsInherited":false,"InheritanceHash":""},{"PrincipalSID":"S-1-5-21-428140829-1551165317-2812767732-512","PrincipalType":"Group","RightName":"AllExtendedRights","IsInherited":false,"InheritanceHash":""},{"PrincipalSID":"S-1-5-21-428140829-1551165317-2812767732-512","PrincipalType":"Group","RightName":"GenericWrite","IsInherited":false,"InheritanceHash":""},{"PrincipalSID":"S-1-5-21-428140829-1551165317-2812767732-519","PrincipalType":"Group","RightName":"GenericAll","IsInherited":false,"InheritanceHash":""},{"PrincipalSID":"AD2003R2.LAN-S-1-5-9","PrincipalType":"Group","RightName":"GetChanges","IsInherited":false,"InheritanceHash":""},{"PrincipalSID":"AD2003R2.LAN-S-1-5-32-544","PrincipalType":"Group","RightName":"GetChangesAll","IsInherited":false,"InheritanceHash":""},{"PrincipalSID":"AD2003R2.LAN-S-1-5-32-544","PrincipalType":"Group","RightName":"GetChanges","IsInherited":false,"InheritanceHash":""},{"PrincipalSID":"S-1-5-21-428140829-1551165317-2812767732-516","PrincipalType":"Group","RightName":"GetChangesAll","IsInherited":false,"InheritanceHash":""}],"ObjectIdentifier":"S-1-5-21-428140829-1551165317-2812767732","IsDeleted":false,"IsACLProtected":false,"ContainedBy":null}],"meta":{"methods":7107563,"type":"domains","count":1,"version":6,"collectorversion":"2.6.5.0"}}