{"data":[{"Properties":{"domain":"AD2003R2.LAN","name":"ADMINISTRATOR@AD2003R2.LAN","distinguishedname":"CN=ADMINISTRATOR,CN=USERS,DC=AD2003R2,DC=LAN","domainsid":"S-1-5-21-428140829-1551165317-2812767732","samaccountname":"Administrator","doesanyacegrantownerrights":false,"doesanyinheritedacegrantownerrights":false,"isaclprotected":true,"description":"Built-in account for administering the computer/domain","whencreated":1745261451,"sensitive":false,"dontreqpreauth":false,"passwordnotreqd":false,"unconstraineddelegation":false,"pwdneverexpires":true,"enabled":true,"trustedtoauth":false,"smartcardrequired":false,"encryptedtextpwdallowed":false,"usedeskeyonly":false,"logonscriptenabled":false,"lockedout":false,"passwordcantchange":false,"passwordexpired":false,"lastlogon":1746044278,"lastlogontimestamp":-1,"pwdlastset":1745259829,"serviceprincipalnames":[],"hasspn":false,"displayname":null,"email":null,"title":null,"homedirectory":null,"userpassword":null,"unixpassword":null,"unicodepassword":null,"sfupassword":null,"logonscript":null,"useraccountcontrol":66048,"profilepath":null,"admincount":true,"supportedencryptiontypes":null,"sidhistory":[]},"AllowedToDelegate":[],"PrimaryGroupSID":"S-1-5-21-428140829-1551165317-2812767732-513","HasSIDHistory":[],"SPNTargets":[],"UnconstrainedDelegation":false,"DomainSID":"S-1-5-21-428140829-1551165317-2812767732","Aces":[{"PrincipalSID":"S-1-5-21-428140829-1551165317-2812767732-512","PrincipalType":"Group","RightName":"Owns","IsInherited":false,"InheritanceHash":""},{"PrincipalSID":"AD2003R2.LAN-S-1-5-32-544","PrincipalType":"Group","RightName":"WriteDacl","IsInherited":false,"InheritanceHash":""},{"PrincipalSID":"AD2003R2.LAN-S-1-5-32-544","PrincipalType":"Group","RightName":"WriteOwner","IsInherited":false,"InheritanceHash":""},{"PrincipalSID":"AD2003R2.LAN-S-1-5-32-544","PrincipalType":"Group","RightName":"AllExtendedRights","IsInherited":false,"InheritanceHash":""},{"PrincipalSID":"AD2003R2.LAN-S-1-5-32-544","PrincipalType":"Group","RightName":"GenericWrite","IsInherited":false,"InheritanceHash":""},{"PrincipalSID":"S-1-5-21-428140829-1551165317-2812767732-512","PrincipalType":"Group","RightName":"WriteDacl","IsInherited":false,"InheritanceHash":""},{"PrincipalSID":"S-1-5-21-428140829-1551165317-2812767732-512","PrincipalType":"Group","RightName":"WriteOwner","IsInherited":false,"InheritanceHash":""},{"PrincipalSID":"S-1-5-21-428140829-1551165317-2812767732-512","PrincipalType":"Group","RightName":"AllExtendedRights","IsInherited":false,"InheritanceHash":""},{"PrincipalSID":"S-1-5-21-428140829-1551165317-2812767732-512","PrincipalType":"Group","RightName":"GenericWrite","IsInherited":false,"InheritanceHash":""},{"PrincipalSID":"S-1-5-21-428140829-1551165317-2812767732-519","PrincipalType":"Group","RightName":"WriteDacl","IsInherited":false,"InheritanceHash":""},{"PrincipalSID":"S-1-5-21-428140829-1551165317-2812767732-519","PrincipalType":"Group","RightName":"WriteOwner","IsInherited":false,"InheritanceHash":""},{"PrincipalSID":"S-1-5-21-428140829-1551165317-2812767732-519","PrincipalType":"Group","RightName":"AllExtendedRights","IsInherited":false,"InheritanceHash":""},{"PrincipalSID":"S-1-5-21-428140829-1551165317-2812767732-519","PrincipalType":"Group","RightName":"GenericWrite","IsInherited":false,"InheritanceHash":""}],"ObjectIdentifier":"S-1-5-21-428140829-1551165317-2812767732-500","IsDeleted":false,"IsACLProtected":true,"ContainedBy":{"ObjectIdentifier":"134A84BA-81A6-4088-88A6-17F2BDCDD158","ObjectType":"Container"}},{"Properties":{"domain":"AD2003R2.LAN","name":"SUPPORT_388945A0@AD2003R2.LAN","distinguishedname":"CN=SUPPORT_388945A0,CN=USERS,DC=AD2003R2,DC=LAN","domainsid":"S-1-5-21-428140829-1551165317-2812767732","samaccountname":"SUPPORT_388945a0","doesanyacegrantownerrights":false,"doesanyinheritedacegrantownerrights":false,"isaclprotected":false,"description":"This is a vendor's account for the Help and Support Service","whencreated":1745261451,"sensitive":false,"dontreqpreauth":false,"passwordnotreqd":false,"unconstraineddelegation":false,"pwdneverexpires":true,"enabled":false,"trustedtoauth":false,"smartcardrequired":false,"encryptedtextpwdallowed":false,"usedeskeyonly":false,"logonscriptenabled":false,"lockedout":false,"passwordcantchange":false,"passwordexpired":false,"lastlogon":0,"lastlogontimestamp":-1,"pwdlastset":1745259983,"serviceprincipalnames":[],"hasspn":false,"displayname":"CN=Microsoft Corporation,L=Redmond,S=Washington,C=US","email":null,"title":null,"homedirectory":null,"userpassword":null,"unixpassword":null,"unicodepassword":null,"sfupassword":null,"logonscript":null,"useraccountcontrol":66050,"profilepath":null,"admincount":false,"supportedencryptiontypes":null,"sidhistory":[]},"AllowedToDelegate":[],"PrimaryGroupSID":"S-1-5-21-428140829-1551165317-2812767732-513","HasSIDHistory":[],"SPNTargets":[],"UnconstrainedDelegation":false,"DomainSID":"S-1-5-21-428140829-1551165317-2812767732","Aces":[{"PrincipalSID":"AD2003R2.LAN-S-1-5-32-544","PrincipalType":"Group","RightName":"Owns","IsInherited":false,"InheritanceHash":""},{"PrincipalSID":"AD2003R2.LAN-S-1-5-32-544","PrincipalType":"Group","RightName":"GenericAll","IsInherited":false,"InheritanceHash":""},{"PrincipalSID":"AD2003R2.LAN-S-1-5-32-548","PrincipalType":"Group","RightName":"GenericAll","IsInherited":false,"InheritanceHash":""},{"PrincipalSID":"AD2003R2.LAN-S-1-5-32-544","PrincipalType":"Group","RightName":"WriteDacl","IsInherited":true,"InheritanceHash":"62C26D4FB3FF64505B03CDD35D648DFBC6C157CC"},{"PrincipalSID":"AD2003R2.LAN-S-1-5-32-544","PrincipalType":"Group","RightName":"WriteOwner","IsInherited":true,"InheritanceHash":"62C26D4FB3FF64505B03CDD35D648DFBC6C157CC"},{"PrincipalSID":"AD2003R2.LAN-S-1-5-32-544","PrincipalType":"Group","RightName":"AllExtendedRights","IsInherited":true,"InheritanceHash":"62C26D4FB3FF64505B03CDD35D648DFBC6C157CC"},{"PrincipalSID":"AD2003R2.LAN-S-1-5-32-544","PrincipalType":"Group","RightName":"GenericWrite","IsInherited":true,"InheritanceHash":"62C26D4FB3FF64505B03CDD35D648DFBC6C157CC"},{"PrincipalSID":"S-1-5-21-428140829-1551165317-2812767732-519","PrincipalType":"Group","RightName":"GenericAll","IsInherited":true,"InheritanceHash":"1FBAB8B1299C8519976084DA4C42F2407D08C639"}],"ObjectIdentifier":"S-1-5-21-428140829-1551165317-2812767732-1001","IsDeleted":false,"IsACLProtected":false,"ContainedBy":{"ObjectIdentifier":"134A84BA-81A6-4088-88A6-17F2BDCDD158","ObjectType":"Container"}},{"Properties":{"domain":"AD2003R2.LAN","name":"KRBTGT@AD2003R2.LAN","distinguishedname":"CN=KRBTGT,CN=USERS,DC=AD2003R2,DC=LAN","domainsid":"S-1-5-21-428140829-1551165317-2812767732","samaccountname":"krbtgt","doesanyacegrantownerrights":false,"doesanyinheritedacegrantownerrights":false,"isaclprotected":true,"description":"Key Distribution Center Service Account","whencreated":1745261553,"sensitive":false,"dontreqpreauth":false,"passwordnotreqd":false,"unconstraineddelegation":false,"pwdneverexpires":false,"enabled":false,"trustedtoauth":false,"smartcardrequired":false,"encryptedtextpwdallowed":false,"usedeskeyonly":false,"logonscriptenabled":false,"lockedout":false,"passwordcantchange":false,"passwordexpired":false,"lastlogon":0,"lastlogontimestamp":-1,"pwdlastset":1745261553,"serviceprincipalnames":["kadmin/changepw"],"hasspn":true,"displayname":null,"email":null,"title":null,"homedirectory":null,"userpassword":null,"unixpassword":null,"unicodepassword":null,"sfupassword":null,"logonscript":null,"useraccountcontrol":514,"profilepath":null,"admincount":true,"supportedencryptiontypes":null,"sidhistory":[]},"AllowedToDelegate":[],"PrimaryGroupSID":"S-1-5-21-428140829-1551165317-2812767732-513","HasSIDHistory":[],"SPNTargets":[],"UnconstrainedDelegation":false,"DomainSID":"S-1-5-21-428140829-1551165317-2812767732","Aces":[{"PrincipalSID":"S-1-5-21-428140829-1551165317-2812767732-512","PrincipalType":"Group","RightName":"Owns","IsInherited":false,"InheritanceHash":""},{"PrincipalSID":"AD2003R2.LAN-S-1-5-32-544","PrincipalType":"Group","RightName":"WriteDacl","IsInherited":false,"InheritanceHash":""},{"PrincipalSID":"AD2003R2.LAN-S-1-5-32-544","PrincipalType":"Group","RightName":"WriteOwner","IsInherited":false,"InheritanceHash":""},{"PrincipalSID":"AD2003R2.LAN-S-1-5-32-544","PrincipalType":"Group","RightName":"AllExtendedRights","IsInherited":false,"InheritanceHash":""},{"PrincipalSID":"AD2003R2.LAN-S-1-5-32-544","PrincipalType":"Group","RightName":"GenericWrite","IsInherited":false,"InheritanceHash":""},{"PrincipalSID":"S-1-5-21-428140829-1551165317-2812767732-512","PrincipalType":"Group","RightName":"WriteDacl","IsInherited":false,"InheritanceHash":""},{"PrincipalSID":"S-1-5-21-428140829-1551165317-2812767732-512","PrincipalType":"Group","RightName":"WriteOwner","IsInherited":false,"InheritanceHash":""},{"PrincipalSID":"S-1-5-21-428140829-1551165317-2812767732-512","PrincipalType":"Group","RightName":"AllExtendedRights","IsInherited":false,"InheritanceHash":""},{"PrincipalSID":"S-1-5-21-428140829-1551165317-2812767732-512","PrincipalType":"Group","RightName":"GenericWrite","IsInherited":false,"InheritanceHash":""},{"PrincipalSID":"S-1-5-21-428140829-1551165317-2812767732-519","PrincipalType":"Group","RightName":"WriteDacl","IsInherited":false,"InheritanceHash":""},{"PrincipalSID":"S-1-5-21-428140829-1551165317-2812767732-519","PrincipalType":"Group","RightName":"WriteOwner","IsInherited":false,"InheritanceHash":""},{"PrincipalSID":"S-1-5-21-428140829-1551165317-2812767732-519","PrincipalType":"Group","RightName":"AllExtendedRights","IsInherited":false,"InheritanceHash":""},{"PrincipalSID":"S-1-5-21-428140829-1551165317-2812767732-519","PrincipalType":"Group","RightName":"GenericWrite","IsInherited":false,"InheritanceHash":""}],"ObjectIdentifier":"S-1-5-21-428140829-1551165317-2812767732-502","IsDeleted":false,"IsACLProtected":true,"ContainedBy":{"ObjectIdentifier":"134A84BA-81A6-4088-88A6-17F2BDCDD158","ObjectType":"Container"}},{"Properties":{"domain":"AD2003R2.LAN","name":"GUEST@AD2003R2.LAN","distinguishedname":"CN=GUEST,CN=USERS,DC=AD2003R2,DC=LAN","domainsid":"S-1-5-21-428140829-1551165317-2812767732","samaccountname":"Guest","doesanyacegrantownerrights":false,"doesanyinheritedacegrantownerrights":false,"isaclprotected":false,"description":"Built-in account for guest access to the computer/domain","whencreated":1745261451,"sensitive":false,"dontreqpreauth":false,"passwordnotreqd":true,"unconstraineddelegation":false,"pwdneverexpires":true,"enabled":false,"trustedtoauth":false,"smartcardrequired":false,"encryptedtextpwdallowed":false,"usedeskeyonly":false,"logonscriptenabled":false,"lockedout":false,"passwordcantchange":false,"passwordexpired":false,"lastlogon":0,"lastlogontimestamp":-1,"pwdlastset":0,"serviceprincipalnames":[],"hasspn":false,"displayname":null,"email":null,"title":null,"homedirectory":null,"userpassword":null,"unixpassword":null,"unicodepassword":null,"sfupassword":null,"logonscript":null,"useraccountcontrol":66082,"profilepath":null,"admincount":false,"supportedencryptiontypes":null,"sidhistory":[]},"AllowedToDelegate":[],"PrimaryGroupSID":"S-1-5-21-428140829-1551165317-2812767732-514","HasSIDHistory":[],"SPNTargets":[],"UnconstrainedDelegation":false,"DomainSID":"S-1-5-21-428140829-1551165317-2812767732","Aces":[{"PrincipalSID":"AD2003R2.LAN-S-1-5-32-544","PrincipalType":"Group","RightName":"Owns","IsInherited":false,"InheritanceHash":""},{"PrincipalSID":"AD2003R2.LAN-S-1-5-32-544","PrincipalType":"Group","RightName":"GenericAll","IsInherited":false,"InheritanceHash":""},{"PrincipalSID":"AD2003R2.LAN-S-1-5-32-548","PrincipalType":"Group","RightName":"GenericAll","IsInherited":false,"InheritanceHash":""},{"PrincipalSID":"AD2003R2.LAN-S-1-5-32-544","PrincipalType":"Group","RightName":"WriteDacl","IsInherited":true,"InheritanceHash":"62C26D4FB3FF64505B03CDD35D648DFBC6C157CC"},{"PrincipalSID":"AD2003R2.LAN-S-1-5-32-544","PrincipalType":"Group","RightName":"WriteOwner","IsInherited":true,"InheritanceHash":"62C26D4FB3FF64505B03CDD35D648DFBC6C157CC"},{"PrincipalSID":"AD2003R2.LAN-S-1-5-32-544","PrincipalType":"Group","RightName":"AllExtendedRights","IsInherited":true,"InheritanceHash":"62C26D4FB3FF64505B03CDD35D648DFBC6C157CC"},{"PrincipalSID":"AD2003R2.LAN-S-1-5-32-544","PrincipalType":"Group","RightName":"GenericWrite","IsInherited":true,"InheritanceHash":"62C26D4FB3FF64505B03CDD35D648DFBC6C157CC"},{"PrincipalSID":"S-1-5-21-428140829-1551165317-2812767732-519","PrincipalType":"Group","RightName":"GenericAll","IsInherited":true,"InheritanceHash":"1FBAB8B1299C8519976084DA4C42F2407D08C639"}],"ObjectIdentifier":"S-1-5-21-428140829-1551165317-2812767732-501","IsDeleted":false,"IsACLProtected":false,"ContainedBy":{"ObjectIdentifier":"134A84BA-81A6-4088-88A6-17F2BDCDD158","ObjectType":"Container"}},{"Properties":{"domain":"AD2003R2.LAN","name":"ADMINCOUNT@AD2003R2.LAN","distinguishedname":"CN=ADMIN COUNT,OU=TESTS,DC=AD2003R2,DC=LAN","domainsid":"S-1-5-21-428140829-1551165317-2812767732","samaccountname":"adminCount","doesanyacegrantownerrights":false,"doesanyinheritedacegrantownerrights":false,"isaclprotected":false,"whencreated":1745430956,"sensitive":false,"dontreqpreauth":false,"passwordnotreqd":false,"unconstraineddelegation":false,"pwdneverexpires":false,"enabled":true,"trustedtoauth":false,"smartcardrequired":false,"encryptedtextpwdallowed":false,"usedeskeyonly":false,"logonscriptenabled":false,"lockedout":false,"passwordcantchange":false,"passwordexpired":false,"lastlogon":0,"lastlogontimestamp":-1,"pwdlastset":1745430956,"serviceprincipalnames":[],"hasspn":false,"displayname":"Admin Count","email":null,"title":null,"homedirectory":null,"userpassword":null,"unixpassword":null,"unicodepassword":null,"sfupassword":null,"logonscript":null,"useraccountcontrol":512,"profilepath":null,"admincount":false,"supportedencryptiontypes":null,"sidhistory":[]},"AllowedToDelegate":[],"PrimaryGroupSID":"S-1-5-21-428140829-1551165317-2812767732-513","HasSIDHistory":[],"SPNTargets":[],"UnconstrainedDelegation":false,"DomainSID":"S-1-5-21-428140829-1551165317-2812767732","Aces":[{"PrincipalSID":"S-1-5-21-428140829-1551165317-2812767732-512","PrincipalType":"Group","RightName":"Owns","IsInherited":false,"InheritanceHash":""},{"PrincipalSID":"AD2003R2.LAN-S-1-5-32-548","PrincipalType":"Group","RightName":"GenericAll","IsInherited":false,"InheritanceHash":""},{"PrincipalSID":"S-1-5-21-428140829-1551165317-2812767732-512","PrincipalType":"Group","RightName":"GenericAll","IsInherited":false,"InheritanceHash":""},{"PrincipalSID":"AD2003R2.LAN-S-1-5-32-544","PrincipalType":"Group","RightName":"WriteDacl","IsInherited":true,"InheritanceHash":"62C26D4FB3FF64505B03CDD35D648DFBC6C157CC"},{"PrincipalSID":"AD2003R2.LAN-S-1-5-32-544","PrincipalType":"Group","RightName":"WriteOwner","IsInherited":true,"InheritanceHash":"62C26D4FB3FF64505B03CDD35D648DFBC6C157CC"},{"PrincipalSID":"AD2003R2.LAN-S-1-5-32-544","PrincipalType":"Group","RightName":"AllExtendedRights","IsInherited":true,"InheritanceHash":"62C26D4FB3FF64505B03CDD35D648DFBC6C157CC"},{"PrincipalSID":"AD2003R2.LAN-S-1-5-32-544","PrincipalType":"Group","RightName":"GenericWrite","IsInherited":true,"InheritanceHash":"62C26D4FB3FF64505B03CDD35D648DFBC6C157CC"},{"PrincipalSID":"S-1-5-21-428140829-1551165317-2812767732-519","PrincipalType":"Group","RightName":"GenericAll","IsInherited":true,"InheritanceHash":"1FBAB8B1299C8519976084DA4C42F2407D08C639"}],"ObjectIdentifier":"S-1-5-21-428140829-1551165317-2812767732-1106","IsDeleted":false,"IsACLProtected":false,"ContainedBy":{"ObjectIdentifier":"2B57B283-EF84-476B-98F7-0DA8E63D82F2","ObjectType":"OU"}},{"Properties":{"name":"NETWORK SERVICE@AD2003R2.LAN","domainsid":"S-1-5-21-428140829-1551165317-2812767732","domain":"AD2003R2.LAN","reconcile":false},"AllowedToDelegate":[],"PrimaryGroupSID":null,"HasSIDHistory":[],"SPNTargets":[],"UnconstrainedDelegation":false,"DomainSID":null,"Aces":[],"ObjectIdentifier":"AD2003R2.LAN-S-1-5-20","IsDeleted":false,"IsACLProtected":false,"ContainedBy":null}],"meta":{"methods":7107563,"type":"users","count":6,"version":6,"collectorversion":"2.6.5.0"}}