{"data":[{"GPOChanges":{"LocalAdmins":[],"RemoteDesktopUsers":[],"DcomUsers":[],"PSRemoteUsers":[],"AffectedComputers":[]},"Properties":{"domain":"AD2019.LAN","name":"ADMINSDHOLDERTESTS@AD2019.LAN","distinguishedname":"OU=ADMINSDHOLDERTESTS,DC=AD2019,DC=LAN","domainsid":"S-1-5-21-3401745498-3739713105-3201351354","doesanyacegrantownerrights":false,"doesanyinheritedacegrantownerrights":false,"isaclprotected":false,"whencreated":1745428893,"blocksinheritance":false},"Links":[],"ChildObjects":[],"InheritanceHashes":[],"Aces":[{"PrincipalSID":"S-1-5-21-3401745498-3739713105-3201351354-512","PrincipalType":"Group","RightName":"Owns","IsInherited":false,"InheritanceHash":""},{"PrincipalSID":"S-1-5-21-3401745498-3739713105-3201351354-512","PrincipalType":"Group","RightName":"GenericAll","IsInherited":false,"InheritanceHash":""},{"PrincipalSID":"S-1-5-21-3401745498-3739713105-3201351354-519","PrincipalType":"Group","RightName":"GenericAll","IsInherited":true,"InheritanceHash":"ED484ECA33C5F4972324C87E79698504B9AA0F8E"},{"PrincipalSID":"AD2019.LAN-S-1-5-32-544","PrincipalType":"Group","RightName":"WriteDacl","IsInherited":true,"InheritanceHash":"62C26D4FB3FF64505B03CDD35D648DFBC6C157CC"},{"PrincipalSID":"AD2019.LAN-S-1-5-32-544","PrincipalType":"Group","RightName":"WriteOwner","IsInherited":true,"InheritanceHash":"62C26D4FB3FF64505B03CDD35D648DFBC6C157CC"},{"PrincipalSID":"AD2019.LAN-S-1-5-32-544","PrincipalType":"Group","RightName":"GenericWrite","IsInherited":true,"InheritanceHash":"62C26D4FB3FF64505B03CDD35D648DFBC6C157CC"}],"ObjectIdentifier":"8E42D407-D7E1-49CB-9D1F-2ED67215741C","IsDeleted":false,"IsACLProtected":false,"ContainedBy":{"ObjectIdentifier":"S-1-5-21-3401745498-3739713105-3201351354","ObjectType":"Domain"}},{"GPOChanges":{"LocalAdmins":[],"RemoteDesktopUsers":[],"DcomUsers":[],"PSRemoteUsers":[],"AffectedComputers":[]},"Properties":{"domain":"AD2019.LAN","name":"MISCONFIGS@AD2019.LAN","distinguishedname":"OU=MISCONFIGS,DC=AD2019,DC=LAN","domainsid":"S-1-5-21-3401745498-3739713105-3201351354","doesanyacegrantownerrights":false,"doesanyinheritedacegrantownerrights":false,"isaclprotected":false,"whencreated":1745867162,"blocksinheritance":false},"Links":[],"ChildObjects":[],"InheritanceHashes":["159A49E3E185413B24AF2B88814CBC8230D0F122"],"Aces":[{"PrincipalSID":"S-1-5-21-3401745498-3739713105-3201351354-512","PrincipalType":"Group","RightName":"Owns","IsInherited":false,"InheritanceHash":""},{"PrincipalSID":"AD2019.LAN-S-1-5-32-549","PrincipalType":"Group","RightName":"GenericWrite","IsInherited":false,"InheritanceHash":""},{"PrincipalSID":"S-1-5-21-3401745498-3739713105-3201351354-512","PrincipalType":"Group","RightName":"GenericAll","IsInherited":false,"InheritanceHash":""},{"PrincipalSID":"S-1-5-21-3401745498-3739713105-3201351354-519","PrincipalType":"Group","RightName":"GenericAll","IsInherited":true,"InheritanceHash":"ED484ECA33C5F4972324C87E79698504B9AA0F8E"},{"PrincipalSID":"AD2019.LAN-S-1-5-32-544","PrincipalType":"Group","RightName":"WriteDacl","IsInherited":true,"InheritanceHash":"62C26D4FB3FF64505B03CDD35D648DFBC6C157CC"},{"PrincipalSID":"AD2019.LAN-S-1-5-32-544","PrincipalType":"Group","RightName":"WriteOwner","IsInherited":true,"InheritanceHash":"62C26D4FB3FF64505B03CDD35D648DFBC6C157CC"},{"PrincipalSID":"AD2019.LAN-S-1-5-32-544","PrincipalType":"Group","RightName":"GenericWrite","IsInherited":true,"InheritanceHash":"62C26D4FB3FF64505B03CDD35D648DFBC6C157CC"}],"ObjectIdentifier":"391A92AA-96EA-4470-8CBC-39FF0CF28F7B","IsDeleted":false,"IsACLProtected":false,"ContainedBy":{"ObjectIdentifier":"S-1-5-21-3401745498-3739713105-3201351354","ObjectType":"Domain"}},{"GPOChanges":{"LocalAdmins":[],"RemoteDesktopUsers":[],"DcomUsers":[],"PSRemoteUsers":[],"AffectedComputers":[]},"Properties":{"domain":"AD2019.LAN","name":"DOMAIN CONTROLLERS@AD2019.LAN","distinguishedname":"OU=DOMAIN CONTROLLERS,DC=AD2019,DC=LAN","domainsid":"S-1-5-21-3401745498-3739713105-3201351354","doesanyacegrantownerrights":false,"doesanyinheritedacegrantownerrights":false,"isaclprotected":false,"description":"Default container for domain controllers","whencreated":1692569811,"blocksinheritance":false},"Links":[{"IsEnforced":false,"GUID":"BA91CC75-BD8B-4804-9657-F3453DE28A3A"}],"ChildObjects":[],"InheritanceHashes":[],"Aces":[{"PrincipalSID":"S-1-5-21-3401745498-3739713105-3201351354-512","PrincipalType":"Group","RightName":"Owns","IsInherited":false,"InheritanceHash":""},{"PrincipalSID":"S-1-5-21-3401745498-3739713105-3201351354-512","PrincipalType":"Group","RightName":"WriteDacl","IsInherited":false,"InheritanceHash":""},{"PrincipalSID":"S-1-5-21-3401745498-3739713105-3201351354-512","PrincipalType":"Group","RightName":"WriteOwner","IsInherited":false,"InheritanceHash":""},{"PrincipalSID":"S-1-5-21-3401745498-3739713105-3201351354-512","PrincipalType":"Group","RightName":"GenericWrite","IsInherited":false,"InheritanceHash":""},{"PrincipalSID":"S-1-5-21-3401745498-3739713105-3201351354-519","PrincipalType":"Group","RightName":"GenericAll","IsInherited":true,"InheritanceHash":"ED484ECA33C5F4972324C87E79698504B9AA0F8E"},{"PrincipalSID":"AD2019.LAN-S-1-5-32-544","PrincipalType":"Group","RightName":"WriteDacl","IsInherited":true,"InheritanceHash":"62C26D4FB3FF64505B03CDD35D648DFBC6C157CC"},{"PrincipalSID":"AD2019.LAN-S-1-5-32-544","PrincipalType":"Group","RightName":"WriteOwner","IsInherited":true,"InheritanceHash":"62C26D4FB3FF64505B03CDD35D648DFBC6C157CC"},{"PrincipalSID":"AD2019.LAN-S-1-5-32-544","PrincipalType":"Group","RightName":"GenericWrite","IsInherited":true,"InheritanceHash":"62C26D4FB3FF64505B03CDD35D648DFBC6C157CC"}],"ObjectIdentifier":"FE46A836-92D3-46D4-9F7C-C322966C78D1","IsDeleted":false,"IsACLProtected":false,"ContainedBy":{"ObjectIdentifier":"S-1-5-21-3401745498-3739713105-3201351354","ObjectType":"Domain"}}],"meta":{"methods":7107563,"type":"ous","count":3,"version":6,"collectorversion":"2.6.5.0"}}